# Created by Kenney (www.kenney.nl)

mtllib truck-a.mtl

g truck-a

v 0.28125 0.685 1.011879 1 1 1
v 0.28125 0.62 1.011879 1 1 1
v 0.28125 0.735 1.061879 1 1 1
v 0.28125 0.57 1.061879 1 1 1
v 0.28125 0.735 1.303125 1 1 1
v 0.28125 0.57 1.303125 1 1 1
v 0.22125 0.57 1.303125 1 1 1
v -0.22125 0.57 1.303125 1 1 1
v 0.22125 0.735 1.303125 1 1 1
v -0.22125 0.735 1.303125 1 1 1
v -0.28125 0.62 1.011879 1 1 1
v -0.28125 0.685 1.011879 1 1 1
v -0.28125 0.57 1.061879 1 1 1
v -0.28125 0.735 1.061879 1 1 1
v -0.28125 0.57 1.303125 1 1 1
v -0.28125 0.735 1.303125 1 1 1
v 0.17125 0.25375 1.35 1 1 1
v -0.17125 0.25375 1.35 1 1 1
v 0.17125 0.3634375 1.35 1 1 1
v -0.17125 0.3634375 1.35 1 1 1
v -0.22125 0.3634375 1.35 1 1 1
v -0.22125 0.473125 1.35 1 1 1
v 0.22125 0.3634375 1.35 1 1 1
v 0.22125 0.473125 1.35 1 1 1
v 0.17125 0.52 1.303125 1 1 1
v 0.22125 0.52 1.303125 1 1 1
v -0.22125 0.52 1.303125 1 1 1
v -0.17125 0.52 1.303125 1 1 1
v -0.1875 0.1875 0.6353014 1 1 1
v -0.1875 0.1487609 0.6302013 1 1 1
v -0.1875 0.2262391 0.6302013 1 1 1
v -0.1875 0.2623382 0.6152486 1 1 1
v -0.1875 0.1126618 0.6152486 1 1 1
v -0.1875 0.2933372 0.5914622 1 1 1
v -0.1875 0.08166279 0.5914622 1 1 1
v -0.1875 0.3171236 0.5604632 1 1 1
v -0.1875 0.05787642 0.5604632 1 1 1
v -0.1875 0.3320763 0.5243641 1 1 1
v -0.1875 0.04292369 0.5243641 1 1 1
v -0.1875 0.3371764 0.485625 1 1 1
v -0.1875 0.03782359 0.485625 1 1 1
v -0.1875 0.3320763 0.4468859 1 1 1
v -0.1875 0.04292369 0.4468859 1 1 1
v -0.1875 0.3171236 0.4107868 1 1 1
v -0.1875 0.05787642 0.4107868 1 1 1
v -0.1875 0.2933372 0.3797878 1 1 1
v -0.1875 0.08166279 0.3797878 1 1 1
v -0.1875 0.2623382 0.3560014 1 1 1
v -0.1875 0.1126618 0.3560014 1 1 1
v -0.1875 0.2262391 0.3410487 1 1 1
v -0.1875 0.1487609 0.3410487 1 1 1
v -0.1875 0.1875 0.3359486 1 1 1
v -0.3375 0.1875 0.5419988 1 1 1
v -0.375 0.1875 0.5751073 1 1 1
v -0.3375 0.2273623 0.5254873 1 1 1
v -0.375 0.2507735 0.5488985 1 1 1
v -0.3375 0.2273623 0.4457627 1 1 1
v -0.3375 0.2438738 0.485625 1 1 1
v -0.375 0.2507735 0.4223515 1 1 1
v -0.375 0.2769822 0.485625 1 1 1
v -0.3375 0.1476377 0.5254873 1 1 1
v -0.3375 0.1311262 0.485625 1 1 1
v -0.375 0.1242265 0.5488985 1 1 1
v -0.375 0.09801773 0.485625 1 1 1
v -0.3375 0.1875 0.4292512 1 1 1
v -0.375 0.1875 0.3961427 1 1 1
v -0.3375 0.1476377 0.4457627 1 1 1
v -0.375 0.1242265 0.4223515 1 1 1
v -0.375 0.2262391 0.3410487 1 1 1
v -0.375 0.1875 0.3359486 1 1 1
v -0.375 0.2623382 0.3560014 1 1 1
v -0.375 0.2933372 0.3797878 1 1 1
v -0.375 0.3171236 0.4107868 1 1 1
v -0.375 0.3320763 0.4468859 1 1 1
v -0.375 0.3371764 0.485625 1 1 1
v -0.375 0.3320763 0.5243641 1 1 1
v -0.375 0.3171236 0.5604632 1 1 1
v -0.375 0.2933372 0.5914622 1 1 1
v -0.375 0.2623382 0.6152486 1 1 1
v -0.375 0.2262391 0.6302013 1 1 1
v -0.375 0.1875 0.6353014 1 1 1
v -0.375 0.1487609 0.6302013 1 1 1
v -0.375 0.1126618 0.6152486 1 1 1
v -0.375 0.08166279 0.5914622 1 1 1
v -0.375 0.05787642 0.5604632 1 1 1
v -0.375 0.04292369 0.5243641 1 1 1
v -0.375 0.03782359 0.485625 1 1 1
v -0.375 0.04292369 0.4468859 1 1 1
v -0.375 0.05787642 0.4107868 1 1 1
v -0.375 0.08166279 0.3797878 1 1 1
v -0.375 0.1126618 0.3560014 1 1 1
v -0.375 0.1487609 0.3410487 1 1 1
v -0.3375 0.2360286 0.6667361 1 1 1
v -0.3375 0.28125 0.6480048 1 1 1
v -0.3375 0.05491748 0.6182075 1 1 1
v -0.3375 0.02512024 0.579375 1 1 1
v -0.3375 0.3686111 0.5341536 1 1 1
v -0.3375 0.375 0.485625 1 1 1
v -0.3375 0.3200825 0.3530425 1 1 1
v -0.3375 0.28125 0.3232452 1 1 1
v -0.3375 0.3686111 0.4370964 1 1 1
v -0.3375 0.3498798 0.391875 1 1 1
v -0.3375 0.006388907 0.5341536 1 1 1
v -0.3375 2.707168E-17 0.485625 1 1 1
v -0.3375 0.09375 0.3232452 1 1 1
v -0.3375 0.1389714 0.3045139 1 1 1
v -0.3375 0.05491748 0.3530425 1 1 1
v -0.3375 0.3498798 0.579375 1 1 1
v -0.3375 0.3200825 0.6182075 1 1 1
v -0.3375 0.1875 0.673125 1 1 1
v -0.225 0.3498798 0.391875 1 1 1
v -0.225 0.3200825 0.3530425 1 1 1
v -0.225 0.3686111 0.5341536 1 1 1
v -0.225 0.375 0.485625 1 1 1
v -0.225 0.05491748 0.3530425 1 1 1
v -0.225 0.09375 0.3232452 1 1 1
v -0.225 0.2360286 0.6667361 1 1 1
v -0.225 0.28125 0.6480048 1 1 1
v -0.3375 0.1389714 0.6667361 1 1 1
v -0.3375 0.2360286 0.3045139 1 1 1
v -0.3375 0.006388907 0.4370964 1 1 1
v -0.225 0.006388907 0.5341536 1 1 1
v -0.225 0.02512024 0.579375 1 1 1
v -0.225 0.1389714 0.3045139 1 1 1
v -0.225 0.1875 0.298125 1 1 1
v -0.3375 0.1875 0.298125 1 1 1
v -0.3375 0.09375 0.6480048 1 1 1
v -0.225 0.05491748 0.6182075 1 1 1
v -0.225 0.3686111 0.4370964 1 1 1
v -0.225 0.02512024 0.391875 1 1 1
v -0.225 0.1389714 0.6667361 1 1 1
v -0.225 0.09375 0.6480048 1 1 1
v -0.225 0.2360286 0.3045139 1 1 1
v -0.225 0.006388907 0.4370964 1 1 1
v -0.225 2.707168E-17 0.485625 1 1 1
v -0.225 0.3200825 0.6182075 1 1 1
v -0.225 0.3498798 0.579375 1 1 1
v -0.225 0.28125 0.3232452 1 1 1
v -0.3375 0.02512024 0.391875 1 1 1
v -0.225 0.1875 0.673125 1 1 1
v 0.1875 0.1875 -0.2646986 1 1 1
v 0.1875 0.1487609 -0.2697987 1 1 1
v 0.1875 0.2262391 -0.2697987 1 1 1
v 0.1875 0.2623382 -0.2847514 1 1 1
v 0.1875 0.1126618 -0.2847514 1 1 1
v 0.1875 0.2933372 -0.3085378 1 1 1
v 0.1875 0.08166279 -0.3085378 1 1 1
v 0.1875 0.3171236 -0.3395368 1 1 1
v 0.1875 0.05787642 -0.3395368 1 1 1
v 0.1875 0.3320763 -0.3756359 1 1 1
v 0.1875 0.04292369 -0.3756359 1 1 1
v 0.1875 0.3371764 -0.414375 1 1 1
v 0.1875 0.03782359 -0.414375 1 1 1
v 0.1875 0.3320763 -0.4531141 1 1 1
v 0.1875 0.04292369 -0.4531141 1 1 1
v 0.1875 0.3171236 -0.4892132 1 1 1
v 0.1875 0.05787642 -0.4892132 1 1 1
v 0.1875 0.2933372 -0.5202122 1 1 1
v 0.1875 0.08166279 -0.5202122 1 1 1
v 0.1875 0.2623382 -0.5439986 1 1 1
v 0.1875 0.1126618 -0.5439986 1 1 1
v 0.1875 0.2262391 -0.5589513 1 1 1
v 0.1875 0.1487609 -0.5589513 1 1 1
v 0.1875 0.1875 -0.5640514 1 1 1
v 0.3375 0.1875 -0.3580012 1 1 1
v 0.375 0.1875 -0.3248928 1 1 1
v 0.3375 0.2273623 -0.3745127 1 1 1
v 0.375 0.2507735 -0.3511015 1 1 1
v 0.3375 0.2273623 -0.4542373 1 1 1
v 0.3375 0.2438738 -0.414375 1 1 1
v 0.375 0.2507735 -0.4776485 1 1 1
v 0.375 0.2769822 -0.414375 1 1 1
v 0.3375 0.1476377 -0.3745127 1 1 1
v 0.3375 0.1311262 -0.414375 1 1 1
v 0.375 0.1242265 -0.3511015 1 1 1
v 0.375 0.09801773 -0.414375 1 1 1
v 0.3375 0.1875 -0.4707488 1 1 1
v 0.375 0.1875 -0.5038573 1 1 1
v 0.3375 0.1476377 -0.4542373 1 1 1
v 0.375 0.1242265 -0.4776485 1 1 1
v 0.375 0.2262391 -0.5589513 1 1 1
v 0.375 0.1875 -0.5640514 1 1 1
v 0.375 0.2623382 -0.5439986 1 1 1
v 0.375 0.2933372 -0.5202122 1 1 1
v 0.375 0.3171236 -0.4892132 1 1 1
v 0.375 0.3320763 -0.4531141 1 1 1
v 0.375 0.3371764 -0.414375 1 1 1
v 0.375 0.3320763 -0.3756359 1 1 1
v 0.375 0.3171236 -0.3395368 1 1 1
v 0.375 0.2933372 -0.3085378 1 1 1
v 0.375 0.2623382 -0.2847514 1 1 1
v 0.375 0.2262391 -0.2697987 1 1 1
v 0.375 0.1875 -0.2646986 1 1 1
v 0.375 0.1487609 -0.2697987 1 1 1
v 0.375 0.1126618 -0.2847514 1 1 1
v 0.375 0.08166279 -0.3085378 1 1 1
v 0.375 0.05787642 -0.3395368 1 1 1
v 0.375 0.04292369 -0.3756359 1 1 1
v 0.375 0.03782359 -0.414375 1 1 1
v 0.375 0.04292369 -0.4531141 1 1 1
v 0.375 0.05787642 -0.4892132 1 1 1
v 0.375 0.08166279 -0.5202122 1 1 1
v 0.375 0.1126618 -0.5439986 1 1 1
v 0.375 0.1487609 -0.5589513 1 1 1
v 0.3375 0.2360286 -0.2332639 1 1 1
v 0.3375 0.28125 -0.2519952 1 1 1
v 0.3375 0.05491748 -0.2817925 1 1 1
v 0.3375 0.02512024 -0.320625 1 1 1
v 0.3375 0.3686111 -0.3658464 1 1 1
v 0.3375 0.375 -0.414375 1 1 1
v 0.3375 0.3200825 -0.5469575 1 1 1
v 0.3375 0.28125 -0.5767548 1 1 1
v 0.3375 0.3686111 -0.4629036 1 1 1
v 0.3375 0.3498798 -0.508125 1 1 1
v 0.3375 0.006388907 -0.3658464 1 1 1
v 0.3375 8.121503E-17 -0.414375 1 1 1
v 0.3375 0.09375 -0.5767548 1 1 1
v 0.3375 0.1389714 -0.5954861 1 1 1
v 0.3375 0.05491748 -0.5469575 1 1 1
v 0.3375 0.3498798 -0.320625 1 1 1
v 0.3375 0.3200825 -0.2817925 1 1 1
v 0.3375 0.1875 -0.226875 1 1 1
v 0.225 0.3498798 -0.508125 1 1 1
v 0.225 0.3200825 -0.5469575 1 1 1
v 0.225 0.3686111 -0.3658464 1 1 1
v 0.225 0.375 -0.414375 1 1 1
v 0.225 0.05491748 -0.5469575 1 1 1
v 0.225 0.09375 -0.5767548 1 1 1
v 0.225 0.2360286 -0.2332639 1 1 1
v 0.225 0.28125 -0.2519952 1 1 1
v 0.3375 0.1389714 -0.2332639 1 1 1
v 0.3375 0.2360286 -0.5954861 1 1 1
v 0.3375 0.006388907 -0.4629036 1 1 1
v 0.225 0.006388907 -0.3658464 1 1 1
v 0.225 0.02512024 -0.320625 1 1 1
v 0.225 0.1389714 -0.5954861 1 1 1
v 0.225 0.1875 -0.601875 1 1 1
v 0.3375 0.1875 -0.601875 1 1 1
v 0.3375 0.09375 -0.2519952 1 1 1
v 0.225 0.05491748 -0.2817925 1 1 1
v 0.225 0.3686111 -0.4629036 1 1 1
v 0.225 0.02512024 -0.508125 1 1 1
v 0.225 0.1389714 -0.2332639 1 1 1
v 0.225 0.09375 -0.2519952 1 1 1
v 0.225 0.2360286 -0.5954861 1 1 1
v 0.225 0.006388907 -0.4629036 1 1 1
v 0.225 8.121503E-17 -0.414375 1 1 1
v 0.225 0.3200825 -0.2817925 1 1 1
v 0.225 0.3498798 -0.320625 1 1 1
v 0.225 0.28125 -0.5767548 1 1 1
v 0.3375 0.02512024 -0.508125 1 1 1
v 0.225 0.1875 -0.226875 1 1 1
v 0.1875 0.1875 1.265301 1 1 1
v 0.1875 0.1487609 1.260201 1 1 1
v 0.1875 0.2262391 1.260201 1 1 1
v 0.1875 0.2623382 1.245249 1 1 1
v 0.1875 0.1126618 1.245249 1 1 1
v 0.1875 0.2933372 1.221462 1 1 1
v 0.1875 0.08166279 1.221462 1 1 1
v 0.1875 0.3171236 1.190463 1 1 1
v 0.1875 0.05787642 1.190463 1 1 1
v 0.1875 0.3320763 1.154364 1 1 1
v 0.1875 0.04292369 1.154364 1 1 1
v 0.1875 0.3371764 1.115625 1 1 1
v 0.1875 0.03782359 1.115625 1 1 1
v 0.1875 0.3320763 1.076886 1 1 1
v 0.1875 0.04292369 1.076886 1 1 1
v 0.1875 0.3171236 1.040787 1 1 1
v 0.1875 0.05787642 1.040787 1 1 1
v 0.1875 0.2933372 1.009788 1 1 1
v 0.1875 0.08166279 1.009788 1 1 1
v 0.1875 0.2623382 0.9860014 1 1 1
v 0.1875 0.1126618 0.9860014 1 1 1
v 0.1875 0.2262391 0.9710487 1 1 1
v 0.1875 0.1487609 0.9710487 1 1 1
v 0.1875 0.1875 0.9659486 1 1 1
v 0.3375 0.1875 1.171999 1 1 1
v 0.375 0.1875 1.205107 1 1 1
v 0.3375 0.2273623 1.155487 1 1 1
v 0.375 0.2507735 1.178899 1 1 1
v 0.3375 0.2273623 1.075763 1 1 1
v 0.3375 0.2438738 1.115625 1 1 1
v 0.375 0.2507735 1.052351 1 1 1
v 0.375 0.2769822 1.115625 1 1 1
v 0.3375 0.1476377 1.155487 1 1 1
v 0.3375 0.1311262 1.115625 1 1 1
v 0.375 0.1242265 1.178899 1 1 1
v 0.375 0.09801773 1.115625 1 1 1
v 0.3375 0.1875 1.059251 1 1 1
v 0.375 0.1875 1.026143 1 1 1
v 0.3375 0.1476377 1.075763 1 1 1
v 0.375 0.1242265 1.052351 1 1 1
v 0.375 0.2262391 0.9710487 1 1 1
v 0.375 0.1875 0.9659486 1 1 1
v 0.375 0.2623382 0.9860014 1 1 1
v 0.375 0.2933372 1.009788 1 1 1
v 0.375 0.3171236 1.040787 1 1 1
v 0.375 0.3320763 1.076886 1 1 1
v 0.375 0.3371764 1.115625 1 1 1
v 0.375 0.3320763 1.154364 1 1 1
v 0.375 0.3171236 1.190463 1 1 1
v 0.375 0.2933372 1.221462 1 1 1
v 0.375 0.2623382 1.245249 1 1 1
v 0.375 0.2262391 1.260201 1 1 1
v 0.375 0.1875 1.265301 1 1 1
v 0.375 0.1487609 1.260201 1 1 1
v 0.375 0.1126618 1.245249 1 1 1
v 0.375 0.08166279 1.221462 1 1 1
v 0.375 0.05787642 1.190463 1 1 1
v 0.375 0.04292369 1.154364 1 1 1
v 0.375 0.03782359 1.115625 1 1 1
v 0.375 0.04292369 1.076886 1 1 1
v 0.375 0.05787642 1.040787 1 1 1
v 0.375 0.08166279 1.009788 1 1 1
v 0.375 0.1126618 0.9860014 1 1 1
v 0.375 0.1487609 0.9710487 1 1 1
v 0.3375 0.05491748 1.248208 1 1 1
v 0.3375 0.02512024 1.209375 1 1 1
v 0.3375 0.006388907 1.164154 1 1 1
v 0.3375 1.353584E-16 1.115625 1 1 1
v 0.3375 0.09375 0.9532453 1 1 1
v 0.3375 0.1389714 0.9345139 1 1 1
v 0.3375 0.05491748 0.9830425 1 1 1
v 0.225 0.3498798 1.021875 1 1 1
v 0.225 0.3200825 0.9830425 1 1 1
v 0.225 0.05491748 0.9830425 1 1 1
v 0.225 0.09375 0.9532453 1 1 1
v 0.225 0.2360286 1.296736 1 1 1
v 0.225 0.28125 1.278005 1 1 1
v 0.3375 0.1875 1.303125 1 1 1
v 0.3375 0.1389714 1.296736 1 1 1
v 0.3375 0.006388907 1.067096 1 1 1
v 0.225 0.006388907 1.164154 1 1 1
v 0.225 0.02512024 1.209375 1 1 1
v 0.225 0.1389714 0.9345139 1 1 1
v 0.225 0.1875 0.928125 1 1 1
v 0.3375 0.1875 0.928125 1 1 1
v 0.3375 0.09375 1.278005 1 1 1
v 0.225 0.05491748 1.248208 1 1 1
v 0.225 0.3686111 1.067096 1 1 1
v 0.225 0.02512024 1.021875 1 1 1
v 0.225 0.1389714 1.296736 1 1 1
v 0.225 0.09375 1.278005 1 1 1
v 0.225 1.353584E-16 1.115625 1 1 1
v 0.225 0.006388907 1.067096 1 1 1
v 0.225 0.3200825 1.248208 1 1 1
v 0.225 0.3498798 1.209375 1 1 1
v 0.225 0.28125 0.9532453 1 1 1
v 0.225 0.2360286 0.9345139 1 1 1
v 0.3375 0.02512024 1.021875 1 1 1
v 0.225 0.1875 1.303125 1 1 1
v 0.225 0.3686111 1.164154 1 1 1
v 0.225 0.375 1.115625 1 1 1
v 0.1875 0.1875 0.6353014 1 1 1
v 0.1875 0.1487609 0.6302013 1 1 1
v 0.1875 0.2262391 0.6302013 1 1 1
v 0.1875 0.2623382 0.6152486 1 1 1
v 0.1875 0.1126618 0.6152486 1 1 1
v 0.1875 0.2933372 0.5914622 1 1 1
v 0.1875 0.08166279 0.5914622 1 1 1
v 0.1875 0.3171236 0.5604632 1 1 1
v 0.1875 0.05787642 0.5604632 1 1 1
v 0.1875 0.3320763 0.5243641 1 1 1
v 0.1875 0.04292369 0.5243641 1 1 1
v 0.1875 0.3371764 0.485625 1 1 1
v 0.1875 0.03782359 0.485625 1 1 1
v 0.1875 0.3320763 0.4468859 1 1 1
v 0.1875 0.04292369 0.4468859 1 1 1
v 0.1875 0.3171236 0.4107868 1 1 1
v 0.1875 0.05787642 0.4107868 1 1 1
v 0.1875 0.2933372 0.3797878 1 1 1
v 0.1875 0.08166279 0.3797878 1 1 1
v 0.1875 0.2623382 0.3560014 1 1 1
v 0.1875 0.1126618 0.3560014 1 1 1
v 0.1875 0.2262391 0.3410487 1 1 1
v 0.1875 0.1487609 0.3410487 1 1 1
v 0.1875 0.1875 0.3359486 1 1 1
v 0.3375 0.1875 0.5419988 1 1 1
v 0.375 0.1875 0.5751073 1 1 1
v 0.3375 0.2273623 0.5254873 1 1 1
v 0.375 0.2507735 0.5488985 1 1 1
v 0.3375 0.2273623 0.4457627 1 1 1
v 0.3375 0.2438738 0.485625 1 1 1
v 0.375 0.2507735 0.4223515 1 1 1
v 0.375 0.2769822 0.485625 1 1 1
v 0.3375 0.1311262 0.485625 1 1 1
v 0.375 0.09801773 0.485625 1 1 1
v 0.3375 0.1476377 0.5254873 1 1 1
v 0.375 0.1242265 0.5488985 1 1 1
v 0.3375 0.1875 0.4292512 1 1 1
v 0.375 0.1875 0.3961427 1 1 1
v 0.3375 0.1476377 0.4457627 1 1 1
v 0.375 0.1242265 0.4223515 1 1 1
v 0.375 0.2262391 0.3410487 1 1 1
v 0.375 0.1875 0.3359486 1 1 1
v 0.375 0.2623382 0.3560014 1 1 1
v 0.375 0.2933372 0.3797878 1 1 1
v 0.375 0.3171236 0.4107868 1 1 1
v 0.375 0.3320763 0.4468859 1 1 1
v 0.375 0.3371764 0.485625 1 1 1
v 0.375 0.3320763 0.5243641 1 1 1
v 0.375 0.3171236 0.5604632 1 1 1
v 0.375 0.2933372 0.5914622 1 1 1
v 0.375 0.2623382 0.6152486 1 1 1
v 0.375 0.2262391 0.6302013 1 1 1
v 0.375 0.1875 0.6353014 1 1 1
v 0.375 0.1487609 0.6302013 1 1 1
v 0.375 0.1126618 0.6152486 1 1 1
v 0.375 0.08166279 0.5914622 1 1 1
v 0.375 0.05787642 0.5604632 1 1 1
v 0.375 0.04292369 0.5243641 1 1 1
v 0.375 0.03782359 0.485625 1 1 1
v 0.375 0.04292369 0.4468859 1 1 1
v 0.375 0.05787642 0.4107868 1 1 1
v 0.375 0.08166279 0.3797878 1 1 1
v 0.375 0.1126618 0.3560014 1 1 1
v 0.375 0.1487609 0.3410487 1 1 1
v 0.3375 0.2360286 0.6667361 1 1 1
v 0.3375 0.28125 0.6480048 1 1 1
v 0.3375 0.05491748 0.6182075 1 1 1
v 0.3375 0.02512024 0.579375 1 1 1
v 0.3375 0.3686111 0.5341536 1 1 1
v 0.3375 0.375 0.485625 1 1 1
v 0.3375 0.3200825 0.3530425 1 1 1
v 0.3375 0.28125 0.3232452 1 1 1
v 0.3375 0.3686111 0.4370964 1 1 1
v 0.3375 0.3498798 0.391875 1 1 1
v 0.3375 0.006388907 0.5341536 1 1 1
v 0.3375 1.082867E-16 0.485625 1 1 1
v 0.3375 0.09375 0.3232452 1 1 1
v 0.3375 0.1389714 0.3045139 1 1 1
v 0.3375 0.05491748 0.3530425 1 1 1
v 0.3375 0.3498798 0.579375 1 1 1
v 0.3375 0.3200825 0.6182075 1 1 1
v 0.3375 0.1875 0.673125 1 1 1
v 0.225 0.3498798 0.391875 1 1 1
v 0.225 0.3200825 0.3530425 1 1 1
v 0.225 0.3686111 0.5341536 1 1 1
v 0.225 0.375 0.485625 1 1 1
v 0.225 0.05491748 0.3530425 1 1 1
v 0.225 0.09375 0.3232452 1 1 1
v 0.225 0.2360286 0.6667361 1 1 1
v 0.225 0.28125 0.6480048 1 1 1
v 0.3375 0.1389714 0.6667361 1 1 1
v 0.3375 0.2360286 0.3045139 1 1 1
v 0.3375 0.006388907 0.4370964 1 1 1
v 0.225 0.006388907 0.5341536 1 1 1
v 0.225 0.02512024 0.579375 1 1 1
v 0.225 0.1389714 0.3045139 1 1 1
v 0.225 0.1875 0.298125 1 1 1
v 0.3375 0.1875 0.298125 1 1 1
v 0.3375 0.09375 0.6480048 1 1 1
v 0.225 0.05491748 0.6182075 1 1 1
v 0.225 0.3686111 0.4370964 1 1 1
v 0.225 0.02512024 0.391875 1 1 1
v 0.225 0.1389714 0.6667361 1 1 1
v 0.225 0.09375 0.6480048 1 1 1
v 0.225 0.2360286 0.3045139 1 1 1
v 0.225 0.006388907 0.4370964 1 1 1
v 0.225 1.082867E-16 0.485625 1 1 1
v 0.225 0.3200825 0.6182075 1 1 1
v 0.225 0.3498798 0.579375 1 1 1
v 0.225 0.28125 0.3232452 1 1 1
v 0.3375 0.02512024 0.391875 1 1 1
v 0.225 0.1875 0.673125 1 1 1
v -0.1875 0.1875 -0.2646986 1 1 1
v -0.1875 0.1487609 -0.2697987 1 1 1
v -0.1875 0.2262391 -0.2697987 1 1 1
v -0.1875 0.2623382 -0.2847514 1 1 1
v -0.1875 0.1126618 -0.2847514 1 1 1
v -0.1875 0.2933372 -0.3085378 1 1 1
v -0.1875 0.08166279 -0.3085378 1 1 1
v -0.1875 0.3171236 -0.3395368 1 1 1
v -0.1875 0.05787642 -0.3395368 1 1 1
v -0.1875 0.3320763 -0.3756359 1 1 1
v -0.1875 0.04292369 -0.3756359 1 1 1
v -0.1875 0.3371764 -0.414375 1 1 1
v -0.1875 0.03782359 -0.414375 1 1 1
v -0.1875 0.3320763 -0.4531141 1 1 1
v -0.1875 0.04292369 -0.4531141 1 1 1
v -0.1875 0.3171236 -0.4892132 1 1 1
v -0.1875 0.05787642 -0.4892132 1 1 1
v -0.1875 0.2933372 -0.5202122 1 1 1
v -0.1875 0.08166279 -0.5202122 1 1 1
v -0.1875 0.2623382 -0.5439986 1 1 1
v -0.1875 0.1126618 -0.5439986 1 1 1
v -0.1875 0.2262391 -0.5589513 1 1 1
v -0.1875 0.1487609 -0.5589513 1 1 1
v -0.1875 0.1875 -0.5640514 1 1 1
v -0.3375 0.1875 -0.3580012 1 1 1
v -0.375 0.1875 -0.3248928 1 1 1
v -0.3375 0.2273623 -0.3745127 1 1 1
v -0.375 0.2507735 -0.3511015 1 1 1
v -0.3375 0.2273623 -0.4542373 1 1 1
v -0.3375 0.2438738 -0.414375 1 1 1
v -0.375 0.2507735 -0.4776485 1 1 1
v -0.375 0.2769822 -0.414375 1 1 1
v -0.3375 0.1476377 -0.3745127 1 1 1
v -0.3375 0.1311262 -0.414375 1 1 1
v -0.375 0.1242265 -0.3511015 1 1 1
v -0.375 0.09801773 -0.414375 1 1 1
v -0.3375 0.1875 -0.4707488 1 1 1
v -0.375 0.1875 -0.5038573 1 1 1
v -0.3375 0.1476377 -0.4542373 1 1 1
v -0.375 0.1242265 -0.4776485 1 1 1
v -0.375 0.2262391 -0.5589513 1 1 1
v -0.375 0.1875 -0.5640514 1 1 1
v -0.375 0.2623382 -0.5439986 1 1 1
v -0.375 0.2933372 -0.5202122 1 1 1
v -0.375 0.3171236 -0.4892132 1 1 1
v -0.375 0.3320763 -0.4531141 1 1 1
v -0.375 0.3371764 -0.414375 1 1 1
v -0.375 0.3320763 -0.3756359 1 1 1
v -0.375 0.3171236 -0.3395368 1 1 1
v -0.375 0.2933372 -0.3085378 1 1 1
v -0.375 0.2623382 -0.2847514 1 1 1
v -0.375 0.2262391 -0.2697987 1 1 1
v -0.375 0.1875 -0.2646986 1 1 1
v -0.375 0.1487609 -0.2697987 1 1 1
v -0.375 0.1126618 -0.2847514 1 1 1
v -0.375 0.08166279 -0.3085378 1 1 1
v -0.375 0.05787642 -0.3395368 1 1 1
v -0.375 0.04292369 -0.3756359 1 1 1
v -0.375 0.03782359 -0.414375 1 1 1
v -0.375 0.04292369 -0.4531141 1 1 1
v -0.375 0.05787642 -0.4892132 1 1 1
v -0.375 0.08166279 -0.5202122 1 1 1
v -0.375 0.1126618 -0.5439986 1 1 1
v -0.375 0.1487609 -0.5589513 1 1 1
v -0.3375 0.2360286 -0.2332639 1 1 1
v -0.3375 0.28125 -0.2519952 1 1 1
v -0.3375 0.05491748 -0.2817925 1 1 1
v -0.3375 0.02512024 -0.320625 1 1 1
v -0.3375 0.3686111 -0.3658464 1 1 1
v -0.3375 0.375 -0.414375 1 1 1
v -0.3375 0.3200825 -0.5469575 1 1 1
v -0.3375 0.28125 -0.5767548 1 1 1
v -0.3375 0.3686111 -0.4629036 1 1 1
v -0.3375 0.3498798 -0.508125 1 1 1
v -0.3375 0.006388907 -0.3658464 1 1 1
v -0.3375 1.923559E-31 -0.414375 1 1 1
v -0.3375 0.09375 -0.5767548 1 1 1
v -0.3375 0.1389714 -0.5954861 1 1 1
v -0.3375 0.05491748 -0.5469575 1 1 1
v -0.3375 0.3498798 -0.320625 1 1 1
v -0.3375 0.3200825 -0.2817925 1 1 1
v -0.3375 0.1875 -0.226875 1 1 1
v -0.225 0.3498798 -0.508125 1 1 1
v -0.225 0.3200825 -0.5469575 1 1 1
v -0.225 0.3686111 -0.3658464 1 1 1
v -0.225 0.375 -0.414375 1 1 1
v -0.225 0.05491748 -0.5469575 1 1 1
v -0.225 0.09375 -0.5767548 1 1 1
v -0.225 0.2360286 -0.2332639 1 1 1
v -0.225 0.28125 -0.2519952 1 1 1
v -0.3375 0.1389714 -0.2332639 1 1 1
v -0.3375 0.2360286 -0.5954861 1 1 1
v -0.3375 0.006388907 -0.4629036 1 1 1
v -0.225 0.006388907 -0.3658464 1 1 1
v -0.225 0.02512024 -0.320625 1 1 1
v -0.225 0.1389714 -0.5954861 1 1 1
v -0.225 0.1875 -0.601875 1 1 1
v -0.3375 0.1875 -0.601875 1 1 1
v -0.3375 0.09375 -0.2519952 1 1 1
v -0.225 0.05491748 -0.2817925 1 1 1
v -0.225 0.3686111 -0.4629036 1 1 1
v -0.225 0.02512024 -0.508125 1 1 1
v -0.225 0.1389714 -0.2332639 1 1 1
v -0.225 0.09375 -0.2519952 1 1 1
v -0.225 0.2360286 -0.5954861 1 1 1
v -0.225 0.006388907 -0.4629036 1 1 1
v -0.225 1.923559E-31 -0.414375 1 1 1
v -0.225 0.3200825 -0.2817925 1 1 1
v -0.225 0.3498798 -0.320625 1 1 1
v -0.225 0.28125 -0.5767548 1 1 1
v -0.3375 0.02512024 -0.508125 1 1 1
v -0.225 0.1875 -0.226875 1 1 1
v -0.1875 0.1875 1.265301 1 1 1
v -0.1875 0.1487609 1.260201 1 1 1
v -0.1875 0.2262391 1.260201 1 1 1
v -0.1875 0.2623382 1.245249 1 1 1
v -0.1875 0.1126618 1.245249 1 1 1
v -0.1875 0.2933372 1.221462 1 1 1
v -0.1875 0.08166279 1.221462 1 1 1
v -0.1875 0.3171236 1.190463 1 1 1
v -0.1875 0.05787642 1.190463 1 1 1
v -0.1875 0.3320763 1.154364 1 1 1
v -0.1875 0.04292369 1.154364 1 1 1
v -0.1875 0.3371764 1.115625 1 1 1
v -0.1875 0.03782359 1.115625 1 1 1
v -0.1875 0.3320763 1.076886 1 1 1
v -0.1875 0.04292369 1.076886 1 1 1
v -0.1875 0.3171236 1.040787 1 1 1
v -0.1875 0.05787642 1.040787 1 1 1
v -0.1875 0.2933372 1.009788 1 1 1
v -0.1875 0.08166279 1.009788 1 1 1
v -0.1875 0.2623382 0.9860014 1 1 1
v -0.1875 0.1126618 0.9860014 1 1 1
v -0.1875 0.2262391 0.9710487 1 1 1
v -0.1875 0.1487609 0.9710487 1 1 1
v -0.1875 0.1875 0.9659486 1 1 1
v -0.3375 0.1875 1.171999 1 1 1
v -0.375 0.1875 1.205107 1 1 1
v -0.3375 0.2273623 1.155487 1 1 1
v -0.375 0.2507735 1.178899 1 1 1
v -0.3375 0.2273623 1.075763 1 1 1
v -0.3375 0.2438738 1.115625 1 1 1
v -0.375 0.2507735 1.052351 1 1 1
v -0.375 0.2769822 1.115625 1 1 1
v -0.3375 0.1476377 1.155487 1 1 1
v -0.3375 0.1311262 1.115625 1 1 1
v -0.375 0.1242265 1.178899 1 1 1
v -0.375 0.09801773 1.115625 1 1 1
v -0.3375 0.1875 1.059251 1 1 1
v -0.375 0.1875 1.026143 1 1 1
v -0.3375 0.1476377 1.075763 1 1 1
v -0.375 0.1242265 1.052351 1 1 1
v -0.375 0.2262391 0.9710487 1 1 1
v -0.375 0.1875 0.9659486 1 1 1
v -0.375 0.2623382 0.9860014 1 1 1
v -0.375 0.2933372 1.009788 1 1 1
v -0.375 0.3171236 1.040787 1 1 1
v -0.375 0.3320763 1.076886 1 1 1
v -0.375 0.3371764 1.115625 1 1 1
v -0.375 0.3320763 1.154364 1 1 1
v -0.375 0.3171236 1.190463 1 1 1
v -0.375 0.2933372 1.221462 1 1 1
v -0.375 0.2623382 1.245249 1 1 1
v -0.375 0.2262391 1.260201 1 1 1
v -0.375 0.1875 1.265301 1 1 1
v -0.375 0.1487609 1.260201 1 1 1
v -0.375 0.1126618 1.245249 1 1 1
v -0.375 0.08166279 1.221462 1 1 1
v -0.375 0.05787642 1.190463 1 1 1
v -0.375 0.04292369 1.154364 1 1 1
v -0.375 0.03782359 1.115625 1 1 1
v -0.375 0.04292369 1.076886 1 1 1
v -0.375 0.05787642 1.040787 1 1 1
v -0.375 0.08166279 1.009788 1 1 1
v -0.375 0.1126618 0.9860014 1 1 1
v -0.375 0.1487609 0.9710487 1 1 1
v -0.3375 0.05491748 1.248208 1 1 1
v -0.3375 0.02512024 1.209375 1 1 1
v -0.3375 0.006388907 1.164154 1 1 1
v -0.3375 5.414336E-17 1.115625 1 1 1
v -0.3375 0.09375 0.9532453 1 1 1
v -0.3375 0.1389714 0.9345139 1 1 1
v -0.3375 0.05491748 0.9830425 1 1 1
v -0.225 0.3498798 1.021875 1 1 1
v -0.225 0.3200825 0.9830425 1 1 1
v -0.225 0.05491748 0.9830425 1 1 1
v -0.225 0.09375 0.9532453 1 1 1
v -0.225 0.2360286 1.296736 1 1 1
v -0.225 0.28125 1.278005 1 1 1
v -0.3375 0.1875 1.303125 1 1 1
v -0.3375 0.1389714 1.296736 1 1 1
v -0.3375 0.006388907 1.067096 1 1 1
v -0.225 0.006388907 1.164154 1 1 1
v -0.225 0.02512024 1.209375 1 1 1
v -0.225 0.1389714 0.9345139 1 1 1
v -0.225 0.1875 0.928125 1 1 1
v -0.3375 0.1875 0.928125 1 1 1
v -0.3375 0.09375 1.278005 1 1 1
v -0.225 0.05491748 1.248208 1 1 1
v -0.225 0.3686111 1.067096 1 1 1
v -0.225 0.02512024 1.021875 1 1 1
v -0.225 0.1389714 1.296736 1 1 1
v -0.225 0.09375 1.278005 1 1 1
v -0.225 0.006388907 1.067096 1 1 1
v -0.225 5.414336E-17 1.115625 1 1 1
v -0.225 0.3200825 1.248208 1 1 1
v -0.225 0.3498798 1.209375 1 1 1
v -0.225 0.28125 0.9532453 1 1 1
v -0.225 0.2360286 0.9345139 1 1 1
v -0.3375 0.02512024 1.021875 1 1 1
v -0.225 0.1875 1.303125 1 1 1
v -0.225 0.3686111 1.164154 1 1 1
v -0.225 0.375 1.115625 1 1 1
v -0.1875 0.1875 -0.6246986 1 1 1
v -0.1875 0.1487609 -0.6297987 1 1 1
v -0.1875 0.2262391 -0.6297987 1 1 1
v -0.1875 0.2623382 -0.6447514 1 1 1
v -0.1875 0.1126618 -0.6447514 1 1 1
v -0.1875 0.2933372 -0.6685378 1 1 1
v -0.1875 0.08166279 -0.6685378 1 1 1
v -0.1875 0.3171236 -0.6995368 1 1 1
v -0.1875 0.05787642 -0.6995368 1 1 1
v -0.1875 0.3320763 -0.7356359 1 1 1
v -0.1875 0.04292369 -0.7356359 1 1 1
v -0.1875 0.3371764 -0.774375 1 1 1
v -0.1875 0.03782359 -0.774375 1 1 1
v -0.1875 0.3320763 -0.8131141 1 1 1
v -0.1875 0.04292369 -0.8131141 1 1 1
v -0.1875 0.3171236 -0.8492132 1 1 1
v -0.1875 0.05787642 -0.8492132 1 1 1
v -0.1875 0.2933372 -0.8802122 1 1 1
v -0.1875 0.08166279 -0.8802122 1 1 1
v -0.1875 0.2623382 -0.9039986 1 1 1
v -0.1875 0.1126618 -0.9039986 1 1 1
v -0.1875 0.2262391 -0.9189513 1 1 1
v -0.1875 0.1487609 -0.9189513 1 1 1
v -0.1875 0.1875 -0.9240514 1 1 1
v -0.3375 0.1875 -0.7180012 1 1 1
v -0.375 0.1875 -0.6848928 1 1 1
v -0.3375 0.2273623 -0.7345127 1 1 1
v -0.375 0.2507735 -0.7111015 1 1 1
v -0.3375 0.2273623 -0.8142374 1 1 1
v -0.3375 0.2438738 -0.774375 1 1 1
v -0.375 0.2507735 -0.8376485 1 1 1
v -0.375 0.2769822 -0.774375 1 1 1
v -0.3375 0.1476377 -0.7345127 1 1 1
v -0.3375 0.1311262 -0.774375 1 1 1
v -0.375 0.1242265 -0.7111015 1 1 1
v -0.375 0.09801773 -0.774375 1 1 1
v -0.3375 0.1875 -0.8307489 1 1 1
v -0.375 0.1875 -0.8638573 1 1 1
v -0.3375 0.1476377 -0.8142374 1 1 1
v -0.375 0.1242265 -0.8376485 1 1 1
v -0.375 0.2262391 -0.9189513 1 1 1
v -0.375 0.1875 -0.9240514 1 1 1
v -0.375 0.2623382 -0.9039986 1 1 1
v -0.375 0.2933372 -0.8802122 1 1 1
v -0.375 0.3171236 -0.8492132 1 1 1
v -0.375 0.3320763 -0.8131141 1 1 1
v -0.375 0.3371764 -0.774375 1 1 1
v -0.375 0.3320763 -0.7356359 1 1 1
v -0.375 0.3171236 -0.6995368 1 1 1
v -0.375 0.2933372 -0.6685378 1 1 1
v -0.375 0.2623382 -0.6447514 1 1 1
v -0.375 0.2262391 -0.6297987 1 1 1
v -0.375 0.1875 -0.6246986 1 1 1
v -0.375 0.1487609 -0.6297987 1 1 1
v -0.375 0.1126618 -0.6447514 1 1 1
v -0.375 0.08166279 -0.6685378 1 1 1
v -0.375 0.05787642 -0.6995368 1 1 1
v -0.375 0.04292369 -0.7356359 1 1 1
v -0.375 0.03782359 -0.774375 1 1 1
v -0.375 0.04292369 -0.8131141 1 1 1
v -0.375 0.05787642 -0.8492132 1 1 1
v -0.375 0.08166279 -0.8802122 1 1 1
v -0.375 0.1126618 -0.9039986 1 1 1
v -0.375 0.1487609 -0.9189513 1 1 1
v -0.3375 0.2360286 -0.5932639 1 1 1
v -0.3375 0.28125 -0.6119952 1 1 1
v -0.3375 0.05491748 -0.6417925 1 1 1
v -0.3375 0.02512024 -0.680625 1 1 1
v -0.3375 0.3686111 -0.7258465 1 1 1
v -0.3375 0.375 -0.774375 1 1 1
v -0.3375 0.3200825 -0.9069575 1 1 1
v -0.3375 0.28125 -0.9367548 1 1 1
v -0.3375 0.3686111 -0.8229036 1 1 1
v -0.3375 0.3498798 -0.868125 1 1 1
v -0.3375 0.006388907 -0.7258465 1 1 1
v -0.3375 1.923559E-31 -0.774375 1 1 1
v -0.3375 0.09375 -0.9367548 1 1 1
v -0.3375 0.1389714 -0.9554861 1 1 1
v -0.3375 0.05491748 -0.9069575 1 1 1
v -0.3375 0.3498798 -0.680625 1 1 1
v -0.3375 0.3200825 -0.6417925 1 1 1
v -0.3375 0.1875 -0.586875 1 1 1
v -0.225 0.3498798 -0.868125 1 1 1
v -0.225 0.3200825 -0.9069575 1 1 1
v -0.225 0.3686111 -0.7258465 1 1 1
v -0.225 0.375 -0.774375 1 1 1
v -0.225 0.05491748 -0.9069575 1 1 1
v -0.225 0.09375 -0.9367548 1 1 1
v -0.225 0.2360286 -0.5932639 1 1 1
v -0.225 0.28125 -0.6119952 1 1 1
v -0.3375 0.1389714 -0.5932639 1 1 1
v -0.3375 0.2360286 -0.9554861 1 1 1
v -0.3375 0.006388907 -0.8229036 1 1 1
v -0.225 0.006388907 -0.7258465 1 1 1
v -0.225 0.02512024 -0.680625 1 1 1
v -0.225 0.1389714 -0.9554861 1 1 1
v -0.225 0.1875 -0.961875 1 1 1
v -0.3375 0.1875 -0.961875 1 1 1
v -0.3375 0.09375 -0.6119952 1 1 1
v -0.225 0.05491748 -0.6417925 1 1 1
v -0.225 0.3686111 -0.8229036 1 1 1
v -0.225 0.02512024 -0.868125 1 1 1
v -0.225 0.1389714 -0.5932639 1 1 1
v -0.225 0.09375 -0.6119952 1 1 1
v -0.225 0.2360286 -0.9554861 1 1 1
v -0.225 0.006388907 -0.8229036 1 1 1
v -0.225 1.923559E-31 -0.774375 1 1 1
v -0.225 0.3200825 -0.6417925 1 1 1
v -0.225 0.3498798 -0.680625 1 1 1
v -0.225 0.28125 -0.9367548 1 1 1
v -0.3375 0.02512024 -0.868125 1 1 1
v -0.225 0.1875 -0.586875 1 1 1
v 0.1875 0.1875 -0.6246986 1 1 1
v 0.1875 0.1487609 -0.6297987 1 1 1
v 0.1875 0.2262391 -0.6297987 1 1 1
v 0.1875 0.2623382 -0.6447514 1 1 1
v 0.1875 0.1126618 -0.6447514 1 1 1
v 0.1875 0.2933372 -0.6685378 1 1 1
v 0.1875 0.08166279 -0.6685378 1 1 1
v 0.1875 0.3171236 -0.6995368 1 1 1
v 0.1875 0.05787642 -0.6995368 1 1 1
v 0.1875 0.3320763 -0.7356359 1 1 1
v 0.1875 0.04292369 -0.7356359 1 1 1
v 0.1875 0.3371764 -0.774375 1 1 1
v 0.1875 0.03782359 -0.774375 1 1 1
v 0.1875 0.3320763 -0.8131141 1 1 1
v 0.1875 0.04292369 -0.8131141 1 1 1
v 0.1875 0.3171236 -0.8492132 1 1 1
v 0.1875 0.05787642 -0.8492132 1 1 1
v 0.1875 0.2933372 -0.8802122 1 1 1
v 0.1875 0.08166279 -0.8802122 1 1 1
v 0.1875 0.2623382 -0.9039986 1 1 1
v 0.1875 0.1126618 -0.9039986 1 1 1
v 0.1875 0.2262391 -0.9189513 1 1 1
v 0.1875 0.1487609 -0.9189513 1 1 1
v 0.1875 0.1875 -0.9240514 1 1 1
v 0.3375 0.1875 -0.7180012 1 1 1
v 0.375 0.1875 -0.6848928 1 1 1
v 0.3375 0.2273623 -0.7345127 1 1 1
v 0.375 0.2507735 -0.7111015 1 1 1
v 0.3375 0.2273623 -0.8142374 1 1 1
v 0.3375 0.2438738 -0.774375 1 1 1
v 0.375 0.2507735 -0.8376485 1 1 1
v 0.375 0.2769822 -0.774375 1 1 1
v 0.3375 0.1476377 -0.7345127 1 1 1
v 0.3375 0.1311262 -0.774375 1 1 1
v 0.375 0.1242265 -0.7111015 1 1 1
v 0.375 0.09801773 -0.774375 1 1 1
v 0.3375 0.1875 -0.8307489 1 1 1
v 0.375 0.1875 -0.8638573 1 1 1
v 0.3375 0.1476377 -0.8142374 1 1 1
v 0.375 0.1242265 -0.8376485 1 1 1
v 0.375 0.2262391 -0.9189513 1 1 1
v 0.375 0.1875 -0.9240514 1 1 1
v 0.375 0.2623382 -0.9039986 1 1 1
v 0.375 0.2933372 -0.8802122 1 1 1
v 0.375 0.3171236 -0.8492132 1 1 1
v 0.375 0.3320763 -0.8131141 1 1 1
v 0.375 0.3371764 -0.774375 1 1 1
v 0.375 0.3320763 -0.7356359 1 1 1
v 0.375 0.3171236 -0.6995368 1 1 1
v 0.375 0.2933372 -0.6685378 1 1 1
v 0.375 0.2623382 -0.6447514 1 1 1
v 0.375 0.2262391 -0.6297987 1 1 1
v 0.375 0.1875 -0.6246986 1 1 1
v 0.375 0.1487609 -0.6297987 1 1 1
v 0.375 0.1126618 -0.6447514 1 1 1
v 0.375 0.08166279 -0.6685378 1 1 1
v 0.375 0.05787642 -0.6995368 1 1 1
v 0.375 0.04292369 -0.7356359 1 1 1
v 0.375 0.03782359 -0.774375 1 1 1
v 0.375 0.04292369 -0.8131141 1 1 1
v 0.375 0.05787642 -0.8492132 1 1 1
v 0.375 0.08166279 -0.8802122 1 1 1
v 0.375 0.1126618 -0.9039986 1 1 1
v 0.375 0.1487609 -0.9189513 1 1 1
v 0.3375 0.2360286 -0.5932639 1 1 1
v 0.3375 0.28125 -0.6119952 1 1 1
v 0.3375 0.05491748 -0.6417925 1 1 1
v 0.3375 0.02512024 -0.680625 1 1 1
v 0.3375 0.3686111 -0.7258465 1 1 1
v 0.3375 0.375 -0.774375 1 1 1
v 0.3375 0.3200825 -0.9069575 1 1 1
v 0.3375 0.28125 -0.9367548 1 1 1
v 0.3375 0.3686111 -0.8229036 1 1 1
v 0.3375 0.3498798 -0.868125 1 1 1
v 0.3375 0.006388907 -0.7258465 1 1 1
v 0.3375 8.121503E-17 -0.774375 1 1 1
v 0.3375 0.09375 -0.9367548 1 1 1
v 0.3375 0.1389714 -0.9554861 1 1 1
v 0.3375 0.05491748 -0.9069575 1 1 1
v 0.3375 0.3498798 -0.680625 1 1 1
v 0.3375 0.3200825 -0.6417925 1 1 1
v 0.3375 0.1875 -0.586875 1 1 1
v 0.225 0.3498798 -0.868125 1 1 1
v 0.225 0.3200825 -0.9069575 1 1 1
v 0.225 0.3686111 -0.7258465 1 1 1
v 0.225 0.375 -0.774375 1 1 1
v 0.225 0.05491748 -0.9069575 1 1 1
v 0.225 0.09375 -0.9367548 1 1 1
v 0.225 0.2360286 -0.5932639 1 1 1
v 0.225 0.28125 -0.6119952 1 1 1
v 0.3375 0.1389714 -0.5932639 1 1 1
v 0.3375 0.2360286 -0.9554861 1 1 1
v 0.3375 0.006388907 -0.8229036 1 1 1
v 0.225 0.006388907 -0.7258465 1 1 1
v 0.225 0.02512024 -0.680625 1 1 1
v 0.225 0.1389714 -0.9554861 1 1 1
v 0.225 0.1875 -0.961875 1 1 1
v 0.3375 0.1875 -0.961875 1 1 1
v 0.3375 0.09375 -0.6119952 1 1 1
v 0.225 0.05491748 -0.6417925 1 1 1
v 0.225 0.3686111 -0.8229036 1 1 1
v 0.225 0.02512024 -0.868125 1 1 1
v 0.225 0.1389714 -0.5932639 1 1 1
v 0.225 0.09375 -0.6119952 1 1 1
v 0.225 0.2360286 -0.9554861 1 1 1
v 0.225 0.006388907 -0.8229036 1 1 1
v 0.225 8.121503E-17 -0.774375 1 1 1
v 0.225 0.3200825 -0.6417925 1 1 1
v 0.225 0.3498798 -0.680625 1 1 1
v 0.225 0.28125 -0.9367548 1 1 1
v 0.3375 0.02512024 -0.868125 1 1 1
v 0.225 0.1875 -0.586875 1 1 1
v 0.28125 0.30375 0.868125 1 1 1
v 0.1875 0.30375 0.868125 1 1 1
v 0.28125 0.30375 0.673125 1 1 1
v 0.1875 0.30375 0.673125 1 1 1
v 0.375 0.11625 0.868125 1 1 1
v 0.375 0.11625 0.673125 1 1 1
v 0.1875 0.11625 0.868125 1 1 1
v 0.1875 0.11625 0.673125 1 1 1
v 0.375 0.21 0.673125 1 1 1
v 0.375 0.21 0.868125 1 1 1
v 0.3475413 0.2762913 0.868125 1 1 1
v 0.3475413 0.2762913 0.673125 1 1 1
v -0.1875 0.11625 0.868125 1 1 1
v -0.375 0.11625 0.868125 1 1 1
v -0.1875 0.30375 0.868125 1 1 1
v -0.375 0.21 0.868125 1 1 1
v -0.3475413 0.2762913 0.868125 1 1 1
v -0.28125 0.30375 0.868125 1 1 1
v -0.3475413 0.2762913 0.673125 1 1 1
v -0.375 0.21 0.673125 1 1 1
v -0.28125 0.30375 0.673125 1 1 1
v -0.1875 0.30375 0.673125 1 1 1
v -0.1875 0.11625 0.673125 1 1 1
v -0.375 0.11625 0.673125 1 1 1
v -0.375 0.21 -0.226875 1 1 1
v -0.375 0.21 0.3045139 1 1 1
v -0.3475413 0.1437087 -0.226875 1 1 1
v -0.3475413 0.1437087 0.3045139 1 1 1
v -0.375 0.34125 -0.226875 1 1 1
v -0.375 0.34125 0.3045139 1 1 1
v -0.28125 0.11625 -0.226875 1 1 1
v -0.28125 0.11625 0.3045139 1 1 1
v 0.28125 0.11625 0.3045139 1 1 1
v 0.28125 0.11625 -0.226875 1 1 1
v 0.3475413 0.1437087 0.3045139 1 1 1
v 0.3475413 0.1437087 -0.226875 1 1 1
v 0.375 0.21 -0.226875 1 1 1
v 0.375 0.21 0.3045139 1 1 1
v 0.375 0.34125 -0.226875 1 1 1
v 0.375 0.34125 0.3045139 1 1 1
v -0.28125 0.22875 -1.281449 1 1 1
v 0.28125 0.22875 -1.281449 1 1 1
v -0.28125 0.34125 -1.281449 1 1 1
v 0.28125 0.34125 -1.281449 1 1 1
v 0.3475412 0.22875 -1.25399 1 1 1
v 0.375 0.22875 -1.187699 1 1 1
v 0.3475412 0.34125 -1.25399 1 1 1
v 0.375 0.34125 -1.187699 1 1 1
v -0.3475412 0.22875 -1.25399 1 1 1
v -0.3475412 0.34125 -1.25399 1 1 1
v -0.375 0.34125 -1.187699 1 1 1
v -0.375 0.22875 -1.187699 1 1 1
v 0.375 0.34125 -1.006875 1 1 1
v -0.375 0.34125 -1.006875 1 1 1
v 0.375 0.22875 -1.006875 1 1 1
v -0.375 0.22875 -1.006875 1 1 1
v -0.375 0.14125 1.303125 1 1 1
v 0.375 0.14125 1.303125 1 1 1
v -0.375 0.25375 1.303125 1 1 1
v 0.375 0.25375 1.303125 1 1 1
v 0.28125 0.14125 1.396875 1 1 1
v -0.28125 0.14125 1.396875 1 1 1
v 0.28125 0.25375 1.396875 1 1 1
v -0.28125 0.25375 1.396875 1 1 1
v -0.3475412 0.14125 1.369416 1 1 1
v -0.3475412 0.25375 1.369416 1 1 1
v 0.3475412 0.14125 1.369416 1 1 1
v 0.3475412 0.25375 1.369416 1 1 1
v -0.2062501 0.9675 0.868125 1 1 1
v 0.20625 0.9675 0.8681249 1 1 1
v -0.20625 0.9675 1.108125 1 1 1
v 0.2062501 0.9675 1.108125 1 1 1
v -0.20625 0.855 1.153125 1 1 1
v -0.2062501 0.855 0.868125 1 1 1
v -0.20625 0.9225 1.153125 1 1 1
v 0.20625 0.855 0.8681249 1 1 1
v 0.2062501 0.855 1.153125 1 1 1
v 0.2062501 0.9225 1.153125 1 1 1
v 0.1875 0.34125 -1.006875 1 1 1
v 0.1875 0.34125 -0.226875 1 1 1
v -0.1875 0.34125 -1.006875 1 1 1
v -0.1875 0.34125 -0.226875 1 1 1
v 0.1875 0.11625 -0.226875 1 1 1
v -0.1875 0.11625 -0.226875 1 1 1
v 0.1875 0.17625 -1.006875 1 1 1
v -0.1875 0.17625 -1.006875 1 1 1
v -0.1875 0.11625 -0.946875 1 1 1
v 0.1875 0.11625 -0.946875 1 1 1
v 0.28125 0.445 1.190625 1 1 1
v 0.39375 0.445 1.190625 1 1 1
v 0.28125 0.6075 1.190625 1 1 1
v 0.39375 0.6075 1.190625 1 1 1
v 0.1875 0.34125 0.373125 1 1 1
v 0.1875 0.34125 0.868125 1 1 1
v -0.1875 0.34125 0.373125 1 1 1
v -0.1875 0.34125 0.868125 1 1 1
v 0.1875 0.17625 0.373125 1 1 1
v -0.1875 0.17625 0.373125 1 1 1
v -0.1875 0.11625 0.433125 1 1 1
v 0.1875 0.11625 0.433125 1 1 1
v -0.39375 0.445 1.190625 1 1 1
v -0.28125 0.445 1.190625 1 1 1
v -0.39375 0.6075 1.190625 1 1 1
v -0.28125 0.6075 1.190625 1 1 1
v 0.28125 0.57 1.303125 1 1 1
v 0.28125 0.57 1.061879 1 1 1
v 0.28125 0.19125 1.303125 1 1 1
v 0.28125 0.62 1.011879 1 1 1
v 0.28125 0.19125 0.868125 1 1 1
v 0.28125 0.685 1.011879 1 1 1
v 0.28125 0.855 0.868125 1 1 1
v 0.28125 0.735 1.061879 1 1 1
v 0.28125 0.855 1.243125 1 1 1
v 0.28125 0.735 1.303125 1 1 1
v 0.28125 0.7950001 1.303125 1 1 1
v -0.2812501 0.855 0.868125 1 1 1
v -0.2812501 0.855 1.243125 1 1 1
v -0.2812501 0.19125 0.868125 1 1 1
v -0.2812501 0.19125 1.303125 1 1 1
v -0.2812501 0.7950001 1.303125 1 1 1
v -0.2812501 0.57 1.303125 1 1 1
v 0.22125 0.57 1.303125 1 1 1
v -0.2212501 0.57 1.303125 1 1 1
v 0.22125 0.735 1.303125 1 1 1
v -0.2812501 0.735 1.303125 1 1 1
v -0.2212501 0.735 1.303125 1 1 1
v -0.2812501 0.57 1.061879 1 1 1
v -0.2812501 0.62 1.011879 1 1 1
v -0.2812501 0.685 1.011879 1 1 1
v -0.2812501 0.735 1.061879 1 1 1
v 0.28125 0.6075 1.265625 1 1 1
v 0.39375 0.6075 1.265625 1 1 1
v 0.28125 0.445 1.265625 1 1 1
v 0.39375 0.445 1.265625 1 1 1
v 0.28125 0.5700001 1.303125 1 1 1
v 0.39375 0.5700001 1.303125 1 1 1
v 0.28125 0.4825 1.303125 1 1 1
v 0.39375 0.4825 1.303125 1 1 1
v -0.39375 0.6075 1.265625 1 1 1
v -0.28125 0.6075 1.265625 1 1 1
v -0.39375 0.445 1.265625 1 1 1
v -0.28125 0.445 1.265625 1 1 1
v -0.39375 0.5700001 1.303125 1 1 1
v -0.28125 0.5700001 1.303125 1 1 1
v -0.39375 0.4825 1.303125 1 1 1
v -0.28125 0.4825 1.303125 1 1 1
v -0.17125 0.3634375 1.303125 1 1 1
v -0.17125 0.25375 1.303125 1 1 1
v 0.17125 0.3634375 1.303125 1 1 1
v 0.17125 0.25375 1.303125 1 1 1
v -0.22125 0.3634375 1.303125 1 1 1
v 0.22125 0.3634375 1.303125 1 1 1
v -0.375 0.1875 0.5138119 1 1 1
v -0.375 0.2074312 0.5055562 1 1 1
v -0.375 0.1675688 0.5055562 1 1 1
v -0.375 0.1593131 0.485625 1 1 1
v -0.375 0.2156869 0.485625 1 1 1
v -0.375 0.1675688 0.4656938 1 1 1
v -0.375 0.2074312 0.4656938 1 1 1
v -0.375 0.1875 0.4574381 1 1 1
v 0.375 0.1875 -0.3861881 1 1 1
v 0.375 0.2074312 -0.3944438 1 1 1
v 0.375 0.1675688 -0.3944438 1 1 1
v 0.375 0.1593131 -0.414375 1 1 1
v 0.375 0.2156869 -0.414375 1 1 1
v 0.375 0.1675688 -0.4343062 1 1 1
v 0.375 0.2074312 -0.4343062 1 1 1
v 0.375 0.1875 -0.4425619 1 1 1
v 0.375 0.1875 1.143812 1 1 1
v 0.375 0.2074312 1.135556 1 1 1
v 0.375 0.1675688 1.135556 1 1 1
v 0.375 0.1593131 1.115625 1 1 1
v 0.375 0.2156869 1.115625 1 1 1
v 0.375 0.1675688 1.095694 1 1 1
v 0.375 0.2074312 1.095694 1 1 1
v 0.375 0.1875 1.087438 1 1 1
v 0.3375 0.2360286 1.296736 1 1 1
v 0.3375 0.28125 1.278005 1 1 1
v 0.3375 0.3686111 1.164154 1 1 1
v 0.3375 0.375 1.115625 1 1 1
v 0.3375 0.3200825 0.9830425 1 1 1
v 0.3375 0.28125 0.9532453 1 1 1
v 0.3375 0.3686111 1.067096 1 1 1
v 0.3375 0.3498798 1.021875 1 1 1
v 0.3375 0.3498798 1.209375 1 1 1
v 0.3375 0.3200825 1.248208 1 1 1
v 0.3375 0.2360286 0.9345139 1 1 1
v 0.375 0.1875 0.5138119 1 1 1
v 0.375 0.2074312 0.5055562 1 1 1
v 0.375 0.1675688 0.5055562 1 1 1
v 0.375 0.1593131 0.485625 1 1 1
v 0.375 0.2156869 0.485625 1 1 1
v 0.375 0.1675688 0.4656938 1 1 1
v 0.375 0.2074312 0.4656938 1 1 1
v 0.375 0.1875 0.4574381 1 1 1
v -0.375 0.1875 -0.3861881 1 1 1
v -0.375 0.2074312 -0.3944438 1 1 1
v -0.375 0.1675688 -0.3944438 1 1 1
v -0.375 0.1593131 -0.414375 1 1 1
v -0.375 0.2156869 -0.414375 1 1 1
v -0.375 0.1675688 -0.4343062 1 1 1
v -0.375 0.2074312 -0.4343062 1 1 1
v -0.375 0.1875 -0.4425619 1 1 1
v -0.375 0.1875 1.143812 1 1 1
v -0.375 0.2074312 1.135556 1 1 1
v -0.375 0.1675688 1.135556 1 1 1
v -0.375 0.1593131 1.115625 1 1 1
v -0.375 0.2156869 1.115625 1 1 1
v -0.375 0.1675688 1.095694 1 1 1
v -0.375 0.2074312 1.095694 1 1 1
v -0.375 0.1875 1.087438 1 1 1
v -0.3375 0.2360286 1.296736 1 1 1
v -0.3375 0.28125 1.278005 1 1 1
v -0.3375 0.3686111 1.164154 1 1 1
v -0.3375 0.375 1.115625 1 1 1
v -0.3375 0.3200825 0.9830425 1 1 1
v -0.3375 0.28125 0.9532453 1 1 1
v -0.3375 0.3686111 1.067096 1 1 1
v -0.3375 0.3498798 1.021875 1 1 1
v -0.3375 0.3498798 1.209375 1 1 1
v -0.3375 0.3200825 1.248208 1 1 1
v -0.3375 0.2360286 0.9345139 1 1 1
v -0.375 0.1875 -0.7461881 1 1 1
v -0.375 0.2074312 -0.7544439 1 1 1
v -0.375 0.1675688 -0.7544439 1 1 1
v -0.375 0.1593131 -0.774375 1 1 1
v -0.375 0.2156869 -0.774375 1 1 1
v -0.375 0.1675688 -0.7943062 1 1 1
v -0.375 0.2074312 -0.7943062 1 1 1
v -0.375 0.1875 -0.8025619 1 1 1
v 0.375 0.1875 -0.7461881 1 1 1
v 0.375 0.2074312 -0.7544439 1 1 1
v 0.375 0.1675688 -0.7544439 1 1 1
v 0.375 0.1593131 -0.774375 1 1 1
v 0.375 0.2156869 -0.774375 1 1 1
v 0.375 0.1675688 -0.7943062 1 1 1
v 0.375 0.2074312 -0.7943062 1 1 1
v 0.375 0.1875 -0.8025619 1 1 1
v -0.425 0.34125 -1.234375 1 1 1
v -0.425 0.34125 0.748125 1 1 1
v 0.425 0.34125 -1.234375 1 1 1
v 0.425 0.34125 0.748125 1 1 1
v -0.425 1.0125 0.808125 1 1 1
v -0.425 0.40125 0.808125 1 1 1
v -0.425 1.0125 -1.234375 1 1 1
v 0.425 0.40125 0.808125 1 1 1
v 0.425 1.0125 0.808125 1 1 1
v 0.425 1.0125 -1.234375 1 1 1
v -0.35 1.0875 -1.234375 1 1 1
v 0.35 1.0875 -1.234375 1 1 1
v -0.35 1.0875 0.808125 1 1 1
v 0.35 1.0875 0.808125 1 1 1

vn 1 0 0
vn 0 0 1
vn -1 0 0
vn 0 0.3826834 0.9238795
vn 0 0.7071068 0.7071068
vn 1 0 1.248335E-13
vn -0.6618486 0 -0.7496374
vn -0.6618487 -0.5300738 -0.5300738
vn -0.6618487 -0.5300738 0.5300738
vn -0.6618486 -0.7496374 -8.262087E-14
vn -0.6618487 0.5300738 -0.5300738
vn -0.6618486 0.7496374 -8.262087E-14
vn -0.6618486 0 0.7496374
vn -0.6618487 0.5300738 0.5300738
vn -1 0 -1.248335E-13
vn -0.3737583 0.2400614 0.8959214
vn -0.3737583 0.4637631 0.8032612
vn -0.7101379 0.1822248 0.6800722
vn -0.7101379 0.3520313 0.6097361
vn -0.3737583 -0.6558601 0.6558601
vn -0.7101379 -0.4978474 0.4978474
vn -0.3737583 -0.8032612 0.4637631
vn -0.7101379 -0.6097361 0.3520313
vn -0.3737583 0.8959214 0.2400614
vn -0.3737583 0.9275262 -4.665755E-14
vn -0.7101379 0.6800722 0.1822248
vn -0.7101379 0.7040626 -8.8649E-14
vn -0.7101379 0.4978474 -0.4978474
vn -0.3737583 0.6558601 -0.6558601
vn -0.7101379 0.3520313 -0.6097361
vn -0.3737583 0.4637631 -0.8032612
vn -0.7101379 0.6800722 -0.1822248
vn -0.3737583 0.8959214 -0.2400614
vn -0.7101379 0.6097361 -0.3520313
vn -0.3737583 0.8032612 -0.4637631
vn -0.3737583 -0.8959214 0.2400614
vn -0.7101379 -0.6800722 0.1822248
vn -0.3737583 -0.9275262 -4.665755E-14
vn -0.7101379 -0.7040626 -8.8649E-14
vn -0.7101379 -0.3520313 -0.6097361
vn -0.7101379 -0.1822248 -0.6800722
vn -0.3737583 -0.4637631 -0.8032612
vn -0.3737583 -0.2400614 -0.8959214
vn -0.7101379 -0.4978474 -0.4978474
vn -0.3737583 -0.6558601 -0.6558601
vn -0.3737583 0.8032612 0.4637631
vn -0.7101379 0.6097361 0.3520313
vn -0.3737583 0.6558601 0.6558601
vn -0.7101379 0.4978474 0.4978474
vn -0.3737583 0 0.9275262
vn -0.7101379 0 0.7040626
vn 0.7101379 0.6097361 -0.3520313
vn 0.7101379 0.4978474 -0.4978474
vn 0.3737583 0.8032612 -0.4637631
vn 0.3737583 0.6558601 -0.6558601
vn 0.3737583 0.8959214 0.2400614
vn 0.3737583 0.9275262 4.665755E-14
vn 0.7101379 -0.4978474 -0.4978474
vn 0.3737583 -0.6558601 -0.6558601
vn 0.7101379 -0.3520313 -0.6097361
vn 0.3737583 -0.4637631 -0.8032612
vn 0.3737583 0.2400614 0.8959214
vn 0.7101379 0.1822248 0.6800722
vn 0.3737583 0.4637631 0.8032612
vn 0.7101379 0.3520313 0.6097361
vn -0.3737583 -0.2400614 0.8959214
vn -0.7101379 -0.1822248 0.6800722
vn -0.7101379 0.1822248 -0.6800722
vn -0.3737583 0.2400614 -0.8959214
vn -0.3737583 -0.8959214 -0.2400614
vn -0.7101379 -0.6800722 -0.1822248
vn 0.3737583 -0.8959214 0.2400614
vn 0.3737583 -0.8032612 0.4637631
vn 0.7101379 -0.1822248 -0.6800722
vn 0.3737583 -0.2400614 -0.8959214
vn 0.3737583 0 -0.9275262
vn -0.3737583 0 -0.9275262
vn -0.3737583 -0.4637631 0.8032612
vn -0.7101379 -0.3520313 0.6097361
vn 0.3737583 -0.6558601 0.6558601
vn 0.7101379 0.6800722 -0.1822248
vn 0.3737583 0.8959214 -0.2400614
vn 0.7101379 -0.6097361 -0.3520313
vn 0.3737583 -0.8032612 -0.4637631
vn 0.3737583 -0.2400614 0.8959214
vn 0.3737583 -0.4637631 0.8032612
vn 0.7101379 -0.1822248 0.6800722
vn 0.7101379 -0.3520313 0.6097361
vn 0.7101379 0 -0.7040626
vn 0.3737583 0.2400614 -0.8959214
vn 0.3737583 -0.8959214 -0.2400614
vn 0.3737583 -0.9275262 4.665755E-14
vn 0.3737583 0.6558601 0.6558601
vn 0.7101379 0.4978474 0.4978474
vn 0.3737583 0.8032612 0.4637631
vn 0.7101379 0.6097361 0.3520313
vn 0.7101379 -0.6800722 -0.1822248
vn 0.7101379 0.3520313 -0.6097361
vn 0.3737583 0.4637631 -0.8032612
vn 0.7101379 -0.4978474 0.4978474
vn 0.7101379 -0.6097361 0.3520313
vn 0.7101379 0.1822248 -0.6800722
vn -0.7101379 -0.6097361 -0.3520313
vn -0.3737583 -0.8032612 -0.4637631
vn -0.7101379 0 -0.7040626
vn 0.7101379 -0.6800722 0.1822248
vn 0.3737583 0 0.9275262
vn 0.7101379 0 0.7040626
vn 0.7101379 0.6800722 0.1822248
vn 0.7101379 0.7040626 8.8649E-14
vn 0.7101379 -0.7040626 8.8649E-14
vn -1 0 1.248335E-13
vn 0.6618486 0 -0.7496374
vn 0.6618487 -0.5300738 -0.5300738
vn 0.6618487 -0.5300738 0.5300738
vn 0.6618486 -0.7496374 -8.262087E-14
vn 0.6618487 0.5300738 -0.5300738
vn 0.6618486 0.7496374 -8.262087E-14
vn 0.6618486 0 0.7496374
vn 0.6618487 0.5300738 0.5300738
vn 1 0 -1.248335E-13
vn 0.3737583 0.9275262 -4.665755E-14
vn 0.7101379 0.7040626 -8.8649E-14
vn 0.3737583 -0.9275262 -4.665755E-14
vn 0.7101379 -0.7040626 -8.8649E-14
vn -0.3737583 0.9275262 4.665755E-14
vn -0.3737583 -0.9275262 4.665755E-14
vn -0.7101379 0.7040626 8.8649E-14
vn -0.7101379 -0.7040626 8.8649E-14
vn 0.1950903 0.9807853 0
vn 0 1 0
vn 0 -1 0
vn 0.9807853 0.1950903 0
vn 0.7071068 0.7071068 0
vn 0 0 -1
vn -0.7071068 0.7071068 0
vn -0.9807853 0.1950903 0
vn -0.1950903 0.9807853 0
vn -0.9807853 -0.1950903 0
vn -0.7071068 -0.7071068 0
vn -0.1950903 -0.9807853 0
vn 0.1950903 -0.9807853 0
vn 0.7071068 -0.7071068 0
vn 0.9807853 -0.1950903 0
vn -6.8634E-14 0 -1
vn 0.7071068 0 -0.7071068
vn 0.9807853 0 -0.1950903
vn -0.3826834 0 -0.9238795
vn -0.7071068 0 -0.7071068
vn -0.9807853 0 -0.1950903
vn 0.3826834 0 -0.9238795
vn 6.8634E-14 0 1
vn -1 0 6.8634E-14
vn 1 0 -6.8634E-14
vn -0.8314696 0 -0.5555702
vn 0.8314696 0 -0.5555702
vn 1.248335E-13 0 1
vn -0.7071068 0 0.7071068
vn 0.3826834 0 0.9238795
vn 0.7071068 0 0.7071068
vn -0.3826834 0 0.9238795
vn 0 0.9999999 0
vn 4.561941E-08 0.9238794 0.3826834
vn -1 0 1.192093E-07
vn 1 0 -1.192093E-07
vn 1.192093E-07 0 1
vn 1.10135E-07 0.3826834 0.9238795
vn -1.192093E-07 0 -1
vn 0 -0.3826834 -0.9238795
vn 0 -0.9238795 -0.3826834
vn -1.248335E-13 0 -1
vn 0 0.9238795 0.3826834
vn 4.777171E-14 0.9238795 0.3826834
vn 4.777171E-14 -0.9238795 0.3826834
vn 1.153311E-13 0.3826834 0.9238795
vn 1.153311E-13 -0.3826834 0.9238795
vn -0.6008443 -0.7993661 -7.500549E-14
vn -0.6008444 -0.5652372 0.5652372
vn -0.6008443 0 0.7993661
vn -0.6008444 0.5652372 0.5652372
vn -0.6008444 -0.5652372 -0.5652372
vn -0.6008443 0 -0.7993661
vn -0.6008443 0.7993661 -7.500549E-14
vn -0.6008444 0.5652372 -0.5652372
vn 0.6008443 -0.7993661 -7.500549E-14
vn 0.6008444 -0.5652372 0.5652372
vn 0.6008443 0 0.7993661
vn 0.6008444 0.5652372 0.5652372
vn 0.6008444 -0.5652372 -0.5652372
vn 0.6008443 0 -0.7993661
vn 0.6008444 0.5652372 -0.5652372
vn 0.6008443 0.7993661 -7.500549E-14
vn -0.9238795 0.3826834 1.153311E-13
vn 0.9238795 0.3826834 -1.153311E-13
vn -0.3826834 0.9238795 4.777171E-14
vn 0.3826834 0.9238795 -4.777171E-14

vt 0.34375 0.1643939
vt 0.34375 0.08560606
vt 0.34375 0.225
vt 0.34375 0.025
vt 0.34375 0.08020232
vt 0.34375 0.1816474
vt 0.34375 0.1362177
vt 0.34375 0.1132392
vt 0.34375 0.1591963
vt 0.34375 0.1806089
vt 0.34375 0.09182661
vt 0.34375 0.1989963
vt 0.34375 0.0734392
vt 0.34375 0.2131054
vt 0.34375 0.05933005
vt 0.34375 0.2219748
vt 0.34375 0.05046067
vt 0.34375 0.04743549
vt 0.34375 0.1598625
vt 0.34375 0.1737491
vt 0.34375 0.1696565
vt 0.34375 0.1892951
vt 0.34375 0.112573
vt 0.34375 0.102779
vt 0.34375 0.09868634
vt 0.34375 0.08314032
vt 0.34375 0.1953528
vt 0.34375 0.205
vt 0.34375 0.1932643
vt 0.34375 0.2009655
vt 0.34375 0.1567157
vt 0.34375 0.1624214
vt 0.34375 0.150359
vt 0.34375 0.157347
vt 0.34375 0.223637
vt 0.34375 0.2158429
vt 0.34375 0.216931
vt 0.34375 0.2075786
vt 0.34375 0.2132843
vt 0.34375 0.212653
vt 0.34375 0.219641
vt 0.34375 0.146363
vt 0.34375 0.1541571
vt 0.34375 0.145
vt 0.34375 0.153069
vt 0.34375 0.1690345
vt 0.34375 0.1767357
vt 0.34375 0.165
vt 0.34375 0.1746472
vt 0.34375 0.185
vt 0.46875 0.225
vt 0.46875 0.025
vt 0.46875 0.125
vt 0.46875 0.1957107
vt 0.46875 0.08499999
vt 0.46875 0.145
vt 0.59375 0.225
vt 0.59375 0.025
vt 0.59375 0.07833333
vt 0.21875 0.1391243
vt 0.21875 0.025
vt 0.21875 0.1541902
vt 0.21875 0.1737759
vt 0.21875 0.225
vt 0.21875 0.1888418
vt 0.21875 0.2069209
vt 0.21875 0.1788462
vt 0.21875 0.07115384
vt 0.21875 0.08020232
vt 0.21875 0.1816474
vt 0.21875 0.1362177
vt 0.21875 0.1480401
vt 0.21875 0.1243953
vt 0.21875 0.1194984
vt 0.21875 0.1529371
vt 0.21875 0.102779
vt 0.21875 0.112573
vt 0.21875 0.1598625
vt 0.21875 0.1696565
vt 0.21875 0.1953528
vt 0.21875 0.205
vt 0.21875 0.1932643
vt 0.21875 0.2009655
vt 0.21875 0.223637
vt 0.21875 0.2158429
vt 0.21875 0.216931
vt 0.21875 0.2075786
vt 0.21875 0.2132843
vt 0.21875 0.212653
vt 0.21875 0.219641
vt 0.21875 0.185
vt 0.21875 0.325
vt 0.21875 0.4149497
vt 0.21875 0.3330402
vt 0.21875 0.425

usemtl colormap

f 3/3/1 2/2/1 1/1/1
f 2/2/1 3/3/1 4/4/1
f 4/4/1 3/3/1 5/3/1
f 4/4/1 5/3/1 6/4/1
f 9/3/2 8/4/2 7/4/2
f 8/4/2 9/3/2 10/3/2
f 13/4/3 12/1/3 11/2/3
f 12/1/3 13/4/3 14/3/3
f 14/3/3 13/4/3 15/4/3
f 14/3/3 15/4/3 16/3/3
f 19/5/2 18/4/2 17/4/2
f 18/4/2 19/5/2 20/5/2
f 20/5/2 19/5/2 21/5/2
f 21/5/2 19/5/2 22/6/4
f 22/6/4 19/5/2 23/5/2
f 22/6/4 23/5/2 24/6/4
f 26/3/5 25/3/5 24/6/4
f 27/3/5 24/6/4 25/3/5
f 27/3/5 25/3/5 28/3/5
f 24/6/4 27/3/5 22/6/4
f 92/8/15 91/11/15 70/7/15
f 91/11/15 90/13/15 70/7/15
f 70/7/15 90/13/15 66/7/15
f 90/13/15 89/15/15 66/7/15
f 66/7/15 89/15/15 68/25/15
f 89/15/15 88/17/15 68/25/15
f 88/17/15 87/18/15 68/25/15
f 64/26/15 68/25/15 87/18/15
f 87/18/15 86/17/15 64/26/15
f 64/26/15 86/17/15 63/25/15
f 86/17/15 85/15/15 63/25/15
f 63/25/15 85/15/15 54/7/15
f 85/15/15 84/13/15 54/7/15
f 84/13/15 83/11/15 54/7/15
f 83/11/15 82/8/15 54/7/15
f 81/7/15 54/7/15 82/8/15
f 81/7/15 80/9/15 54/7/15
f 79/10/15 54/7/15 80/9/15
f 78/12/15 54/7/15 79/10/15
f 77/14/15 54/7/15 78/12/15
f 56/20/15 54/7/15 77/14/15
f 76/16/15 56/20/15 77/14/15
f 60/22/15 56/20/15 76/16/15
f 75/3/15 60/22/15 76/16/15
f 60/22/15 75/3/15 59/20/15
f 74/16/15 59/20/15 75/3/15
f 73/14/15 59/20/15 74/16/15
f 66/7/15 59/20/15 73/14/15
f 72/12/15 66/7/15 73/14/15
f 70/7/15 66/7/15 72/12/15
f 71/10/15 70/7/15 72/12/15
f 69/9/15 70/7/15 71/10/15
f 56/20/8 60/22/10 55/19/8
f 58/21/10 55/19/8 60/22/10
f 65/7/13 66/7/13 67/23/14
f 68/25/14 67/23/14 66/7/13
f 68/25/14 64/26/12 67/23/14
f 62/24/12 67/23/14 64/26/12
f 53/7/7 61/23/11 54/7/7
f 63/25/11 54/7/7 61/23/11
f 59/20/9 66/7/13 57/19/9
f 65/7/13 57/19/9 66/7/13
f 64/26/12 63/25/11 62/24/12
f 61/23/11 62/24/12 63/25/11
f 60/22/10 59/20/9 58/21/10
f 57/19/9 58/21/10 59/20/9
f 56/20/8 55/19/8 54/7/7
f 53/7/7 54/7/7 55/19/8
f 52/7/6 50/9/6 51/8/6
f 51/8/6 50/9/6 49/11/6
f 50/9/6 48/10/6 49/11/6
f 49/11/6 48/10/6 47/13/6
f 48/10/6 46/12/6 47/13/6
f 47/13/6 46/12/6 45/15/6
f 46/12/6 44/14/6 45/15/6
f 45/15/6 44/14/6 43/17/6
f 44/14/6 42/16/6 43/17/6
f 43/17/6 42/16/6 41/18/6
f 42/16/6 40/3/6 41/18/6
f 41/18/6 40/3/6 39/17/6
f 40/3/6 38/16/6 39/17/6
f 39/17/6 38/16/6 37/15/6
f 38/16/6 36/14/6 37/15/6
f 37/15/6 36/14/6 35/13/6
f 36/14/6 34/12/6 35/13/6
f 35/13/6 34/12/6 33/11/6
f 34/12/6 32/10/6 33/11/6
f 33/11/6 32/10/6 30/8/6
f 32/10/6 31/9/6 30/8/6
f 29/7/6 30/8/6 31/9/6
f 136/39/93 109/39/48 118/28/64
f 94/28/17 118/28/64 109/39/48
f 42/36/81 129/35/82 40/37/110
f 114/3/57 40/37/110 129/35/82
f 108/41/46 109/39/48 137/41/95
f 136/39/93 137/41/95 109/39/48
f 106/49/43 124/49/75 105/48/42
f 116/48/61 105/48/42 124/49/75
f 31/29/63 117/27/62 29/50/108
f 140/50/107 29/50/108 117/27/62
f 134/42/91 43/43/97 135/44/92
f 41/45/111 135/44/92 43/43/97
f 102/41/35 101/35/33 111/41/54
f 129/35/82 111/41/54 101/35/33
f 133/27/90 138/28/99 50/29/102
f 48/30/98 50/29/102 138/28/99
f 38/36/109 113/35/56 36/40/96
f 137/41/95 36/40/96 113/35/56
f 100/28/31 138/28/99 120/27/69
f 133/27/90 120/27/69 138/28/99
f 35/32/100 33/46/88 128/31/80
f 132/48/86 128/31/80 33/46/88
f 41/45/111 39/43/106 135/44/92
f 122/42/72 135/44/92 39/43/106
f 40/37/110 114/3/57 38/36/109
f 113/35/56 38/36/109 114/3/57
f 139/33/104 107/31/45 130/33/84
f 115/31/59 130/33/84 107/31/45
f 97/35/24 108/41/46 113/35/56
f 137/41/95 113/35/56 108/41/46
f 132/48/86 127/48/78 128/31/80
f 95/31/20 128/31/80 127/48/78
f 121/42/70 139/33/104 134/42/91
f 130/33/84 134/42/91 139/33/104
f 126/50/77 106/49/43 70/50/105
f 92/47/41 70/50/105 106/49/43
f 131/49/85 119/49/66 132/48/86
f 127/48/78 132/48/86 119/49/66
f 34/38/94 136/39/93 32/30/65
f 118/28/64 32/30/65 136/39/93
f 117/27/62 93/27/16 140/50/107
f 110/50/50 140/50/107 93/27/16
f 30/47/87 29/50/108 131/49/85
f 140/50/107 131/49/85 29/50/108
f 107/31/45 139/33/104 90/32/44
f 89/34/103 90/32/44 139/33/104
f 140/50/107 110/50/50 131/49/85
f 119/49/66 131/49/85 110/50/50
f 99/39/29 102/41/35 112/39/55
f 111/41/54 112/39/55 102/41/35
f 39/43/106 37/34/101 122/42/72
f 123/33/73 122/42/72 37/34/101
f 118/28/64 94/28/17 117/27/62
f 93/27/16 117/27/62 94/28/17
f 126/50/77 70/50/105 120/27/69
f 69/29/68 120/27/69 70/50/105
f 83/46/79 127/48/78 82/47/67
f 119/49/66 82/47/67 127/48/78
f 101/35/33 74/36/32 98/3/25
f 75/37/27 98/3/25 74/36/32
f 101/35/33 98/3/25 129/35/82
f 114/3/57 129/35/82 98/3/25
f 139/33/104 121/42/70 89/34/103
f 88/43/71 89/34/103 121/42/70
f 125/50/76 133/27/90 52/50/89
f 50/29/102 52/50/89 133/27/90
f 99/39/29 112/39/55 100/28/31
f 138/28/99 100/28/31 112/39/55
f 105/48/42 116/48/61 107/31/45
f 115/31/59 107/31/45 116/48/61
f 103/42/36 104/44/38 122/42/72
f 135/44/92 122/42/72 104/44/38
f 37/34/101 35/32/100 123/33/73
f 128/31/80 123/33/73 35/32/100
f 138/28/99 112/39/55 48/30/98
f 46/38/53 48/30/98 112/39/55
f 130/33/84 45/34/83 134/42/91
f 43/43/97 134/42/91 45/34/83
f 36/40/96 137/41/95 34/38/94
f 136/39/93 34/38/94 137/41/95
f 104/44/38 121/42/70 135/44/92
f 134/42/91 135/44/92 121/42/70
f 120/27/69 133/27/90 126/50/77
f 125/50/76 126/50/77 133/27/90
f 125/50/76 52/50/89 124/49/75
f 51/47/74 124/49/75 52/50/89
f 33/46/88 30/47/87 132/48/86
f 131/49/85 132/48/86 30/47/87
f 115/31/59 47/32/58 130/33/84
f 45/34/83 130/33/84 47/32/58
f 111/41/54 129/35/82 44/40/52
f 42/36/81 44/40/52 129/35/82
f 95/31/20 96/33/22 128/31/80
f 123/33/73 128/31/80 96/33/22
f 84/32/21 95/31/20 83/46/79
f 127/48/78 83/46/79 95/31/20
f 126/50/77 125/50/76 106/49/43
f 124/49/75 106/49/43 125/50/76
f 124/49/75 51/47/74 116/48/61
f 49/46/60 116/48/61 51/47/74
f 86/43/37 103/42/36 85/34/23
f 96/33/22 85/34/23 103/42/36
f 99/39/29 72/38/28 102/41/35
f 73/40/34 102/41/35 72/38/28
f 96/33/22 103/42/36 123/33/73
f 122/42/72 123/33/73 103/42/36
f 88/43/71 121/42/70 87/45/39
f 104/44/38 87/45/39 121/42/70
f 120/27/69 69/29/68 100/28/31
f 71/30/30 100/28/31 69/29/68
f 82/47/67 119/49/66 81/50/51
f 110/50/50 81/50/51 119/49/66
f 32/30/65 118/28/64 31/29/63
f 117/27/62 31/29/63 118/28/64
f 116/48/61 49/46/60 115/31/59
f 47/32/58 115/31/59 49/46/60
f 98/3/25 97/35/24 114/3/57
f 113/35/56 114/3/57 97/35/24
f 112/39/55 111/41/54 46/38/53
f 44/40/52 46/38/53 111/41/54
f 80/29/18 81/50/51 93/27/16
f 110/50/50 93/27/16 81/50/51
f 77/40/47 78/38/49 108/41/46
f 109/39/48 108/41/46 78/38/49
f 78/38/49 79/30/19 109/39/48
f 94/28/17 109/39/48 79/30/19
f 76/36/26 77/40/47 97/35/24
f 108/41/46 97/35/24 77/40/47
f 105/48/42 107/31/45 91/46/40
f 90/32/44 91/46/40 107/31/45
f 106/49/43 105/48/42 92/47/41
f 91/46/40 92/47/41 105/48/42
f 87/45/39 104/44/38 86/43/37
f 103/42/36 86/43/37 104/44/38
f 102/41/35 73/40/34 101/35/33
f 74/36/32 101/35/33 73/40/34
f 100/28/31 71/30/30 99/39/29
f 72/38/28 99/39/29 71/30/30
f 75/37/27 76/36/26 98/3/25
f 97/35/24 98/3/25 76/36/26
f 85/34/23 96/33/22 84/32/21
f 95/31/20 84/32/21 96/33/22
f 79/30/19 80/29/18 94/28/17
f 93/27/16 94/28/17 80/29/18
f 143/9/112 142/8/112 141/7/112
f 142/8/112 143/9/112 144/10/112
f 142/8/112 144/10/112 145/11/112
f 145/11/112 144/10/112 146/12/112
f 145/11/112 146/12/112 147/13/112
f 147/13/112 146/12/112 148/14/112
f 147/13/112 148/14/112 149/15/112
f 149/15/112 148/14/112 150/16/112
f 149/15/112 150/16/112 151/17/112
f 151/17/112 150/16/112 152/3/112
f 151/17/112 152/3/112 153/18/112
f 153/18/112 152/3/112 154/16/112
f 153/18/112 154/16/112 155/17/112
f 155/17/112 154/16/112 156/14/112
f 155/17/112 156/14/112 157/15/112
f 157/15/112 156/14/112 158/12/112
f 157/15/112 158/12/112 159/13/112
f 159/13/112 158/12/112 160/10/112
f 159/13/112 160/10/112 161/11/112
f 161/11/112 160/10/112 162/9/112
f 161/11/112 162/9/112 163/8/112
f 163/8/112 162/9/112 164/7/112
f 167/19/114 166/7/113 165/7/113
f 166/7/113 167/19/114 168/20/114
f 171/20/115 170/21/116 169/19/115
f 170/21/116 171/20/115 172/22/116
f 175/25/117 174/24/118 173/23/117
f 174/24/118 175/25/117 176/26/118
f 178/7/119 169/19/115 177/7/119
f 169/19/115 178/7/119 171/20/115
f 173/23/117 166/7/113 175/25/117
f 166/7/113 173/23/117 165/7/113
f 174/24/118 180/25/120 179/23/120
f 180/25/120 174/24/118 176/26/118
f 178/7/119 179/23/120 180/25/120
f 179/23/120 178/7/119 177/7/119
f 172/22/116 167/19/114 170/21/116
f 167/19/114 172/22/116 168/20/114
f 183/10/121 182/7/121 181/9/121
f 184/12/121 182/7/121 183/10/121
f 184/12/121 178/7/121 182/7/121
f 185/14/121 178/7/121 184/12/121
f 185/14/121 171/20/121 178/7/121
f 186/16/121 171/20/121 185/14/121
f 187/3/121 171/20/121 186/16/121
f 171/20/121 187/3/121 172/22/121
f 188/16/121 172/22/121 187/3/121
f 188/16/121 168/20/121 172/22/121
f 189/14/121 168/20/121 188/16/121
f 189/14/121 166/7/121 168/20/121
f 190/12/121 166/7/121 189/14/121
f 191/10/121 166/7/121 190/12/121
f 192/9/121 166/7/121 191/10/121
f 166/7/121 192/9/121 193/7/121
f 194/8/121 166/7/121 193/7/121
f 166/7/121 194/8/121 195/11/121
f 166/7/121 195/11/121 196/13/121
f 166/7/121 196/13/121 197/15/121
f 166/7/121 197/15/121 175/25/121
f 175/25/121 197/15/121 198/17/121
f 175/25/121 198/17/121 176/26/121
f 176/26/121 198/17/121 199/18/121
f 199/18/121 180/25/121 176/26/121
f 180/25/121 199/18/121 200/17/121
f 180/25/121 200/17/121 201/15/121
f 180/25/121 201/15/121 178/7/121
f 178/7/121 201/15/121 202/13/121
f 178/7/121 202/13/121 182/7/121
f 182/7/121 202/13/121 203/11/121
f 182/7/121 203/11/121 204/8/121
f 192/29/63 206/28/64 205/27/62
f 206/28/64 192/29/63 191/30/65
f 208/33/73 196/32/100 207/31/80
f 196/32/100 208/33/73 197/34/101
f 188/36/109 210/3/122 209/35/56
f 210/3/122 188/36/109 187/37/123
f 183/30/98 211/39/55 184/38/53
f 211/39/55 183/30/98 212/28/99
f 185/40/52 213/35/82 186/36/81
f 213/35/82 185/40/52 214/41/54
f 216/44/124 198/43/106 215/42/72
f 198/43/106 216/44/124 199/45/125
f 217/48/61 204/47/74 203/46/60
f 204/47/74 217/48/61 218/49/75
f 219/31/59 203/46/60 202/32/58
f 203/46/60 219/31/59 217/48/61
f 189/40/96 209/35/56 220/41/95
f 209/35/56 189/40/96 188/36/109
f 191/30/65 221/39/93 206/28/64
f 221/39/93 191/30/65 190/38/94
f 190/38/94 220/41/95 221/39/93
f 220/41/95 190/38/94 189/40/96
f 193/50/108 205/27/62 222/50/107
f 205/27/62 193/50/108 192/29/63
f 223/41/35 158/38/28 156/40/34
f 158/38/28 223/41/35 224/39/29
f 209/35/56 226/3/126 225/35/24
f 226/3/126 209/35/56 210/3/122
f 161/46/40 227/31/45 159/32/44
f 227/31/45 161/46/40 228/48/42
f 230/28/17 143/29/18 229/27/16
f 143/29/18 230/28/17 144/30/19
f 231/49/85 193/50/108 222/50/107
f 193/50/108 231/49/85 194/47/87
f 181/29/102 212/28/99 183/30/98
f 212/28/99 181/29/102 232/27/90
f 233/42/91 199/45/125 216/44/124
f 199/45/125 233/42/91 200/43/97
f 215/42/72 235/33/22 234/42/36
f 235/33/22 215/42/72 208/33/73
f 184/38/53 214/41/54 185/40/52
f 214/41/54 184/38/53 211/39/55
f 215/42/72 197/34/101 208/33/73
f 197/34/101 215/42/72 198/43/106
f 163/47/41 228/48/42 161/46/40
f 228/48/42 163/47/41 236/49/43
f 237/50/77 218/49/75 236/49/43
f 218/49/75 237/50/77 238/50/76
f 207/31/80 195/46/88 239/48/86
f 195/46/88 207/31/80 196/32/100
f 208/33/73 240/31/20 235/33/22
f 240/31/20 208/33/73 207/31/80
f 241/35/33 156/40/34 154/36/32
f 156/40/34 241/35/33 223/41/35
f 159/32/44 242/33/104 157/34/103
f 242/33/104 159/32/44 227/31/45
f 142/47/67 244/48/78 243/49/66
f 244/48/78 142/47/67 145/46/79
f 164/50/105 236/49/43 163/47/41
f 236/49/43 164/50/105 237/50/77
f 245/27/69 238/50/76 237/50/77
f 238/50/76 245/27/69 232/27/90
f 233/42/91 247/44/127 246/42/70
f 247/44/127 233/42/91 216/44/124
f 249/41/46 146/38/49 248/39/48
f 146/38/49 249/41/46 148/40/47
f 157/34/103 246/42/70 155/43/71
f 246/42/70 157/34/103 242/33/104
f 224/39/29 160/30/30 158/38/28
f 160/30/30 224/39/29 250/28/31
f 147/32/21 235/33/22 240/31/20
f 235/33/22 147/32/21 149/34/23
f 216/44/124 234/42/36 247/44/127
f 234/42/36 216/44/124 215/42/72
f 228/48/42 219/31/59 227/31/45
f 219/31/59 228/48/42 217/48/61
f 224/39/29 212/28/99 250/28/31
f 212/28/99 224/39/29 211/39/55
f 245/27/69 164/50/105 162/29/68
f 164/50/105 245/27/69 237/50/77
f 233/42/91 201/34/83 200/43/97
f 201/34/83 233/42/91 251/33/84
f 210/3/122 241/35/33 226/3/126
f 241/35/33 210/3/122 213/35/82
f 186/36/81 210/3/122 187/37/123
f 210/3/122 186/36/81 213/35/82
f 239/48/86 194/47/87 231/49/85
f 194/47/87 239/48/86 195/46/88
f 182/50/89 232/27/90 181/29/102
f 232/27/90 182/50/89 238/50/76
f 206/28/64 229/27/16 205/27/62
f 229/27/16 206/28/64 230/28/17
f 149/34/23 234/42/36 235/33/22
f 234/42/36 149/34/23 151/43/37
f 214/41/54 224/39/29 223/41/35
f 224/39/29 214/41/54 211/39/55
f 222/50/107 243/49/66 231/49/85
f 243/49/66 222/50/107 252/50/50
f 251/33/84 202/32/58 201/34/83
f 202/32/58 251/33/84 219/31/59
f 141/50/51 243/49/66 252/50/50
f 243/49/66 141/50/51 142/47/67
f 205/27/62 252/50/50 222/50/107
f 252/50/50 205/27/62 229/27/16
f 248/39/48 144/30/19 230/28/17
f 144/30/19 248/39/48 146/38/49
f 231/49/85 244/48/78 239/48/86
f 244/48/78 231/49/85 243/49/66
f 218/49/75 182/50/89 204/47/74
f 182/50/89 218/49/75 238/50/76
f 251/33/84 246/42/70 242/33/104
f 246/42/70 251/33/84 233/42/91
f 239/48/86 240/31/20 207/31/80
f 240/31/20 239/48/86 244/48/78
f 220/41/95 225/35/24 249/41/46
f 225/35/24 220/41/95 209/35/56
f 219/31/59 242/33/104 227/31/45
f 242/33/104 219/31/59 251/33/84
f 226/3/126 150/36/26 225/35/24
f 150/36/26 226/3/126 152/37/128
f 151/43/37 247/44/127 234/42/36
f 247/44/127 151/43/37 153/45/129
f 145/46/79 240/31/20 244/48/78
f 240/31/20 145/46/79 147/32/21
f 250/28/31 232/27/90 245/27/69
f 232/27/90 250/28/31 212/28/99
f 225/35/24 148/40/47 249/41/46
f 148/40/47 225/35/24 150/36/26
f 250/28/31 162/29/68 160/30/30
f 162/29/68 250/28/31 245/27/69
f 213/35/82 223/41/35 241/35/33
f 223/41/35 213/35/82 214/41/54
f 155/43/71 247/44/127 153/45/129
f 247/44/127 155/43/71 246/42/70
f 229/27/16 141/50/51 252/50/50
f 141/50/51 229/27/16 143/29/18
f 236/49/43 217/48/61 228/48/42
f 217/48/61 236/49/43 218/49/75
f 221/39/93 249/41/46 248/39/48
f 249/41/46 221/39/93 220/41/95
f 241/35/33 152/37/128 226/3/126
f 152/37/128 241/35/33 154/36/32
f 221/39/93 230/28/17 206/28/64
f 230/28/17 221/39/93 248/39/48
f 255/9/112 254/8/112 253/7/112
f 254/8/112 255/9/112 256/10/112
f 254/8/112 256/10/112 257/11/112
f 257/11/112 256/10/112 258/12/112
f 257/11/112 258/12/112 259/13/112
f 259/13/112 258/12/112 260/14/112
f 259/13/112 260/14/112 261/15/112
f 261/15/112 260/14/112 262/16/112
f 261/15/112 262/16/112 263/17/112
f 263/17/112 262/16/112 264/3/112
f 263/17/112 264/3/112 265/18/112
f 265/18/112 264/3/112 266/16/112
f 265/18/112 266/16/112 267/17/112
f 267/17/112 266/16/112 268/14/112
f 267/17/112 268/14/112 269/15/112
f 269/15/112 268/14/112 270/12/112
f 269/15/112 270/12/112 271/13/112
f 271/13/112 270/12/112 272/10/112
f 271/13/112 272/10/112 273/11/112
f 273/11/112 272/10/112 274/9/112
f 273/11/112 274/9/112 275/8/112
f 275/8/112 274/9/112 276/7/112
f 279/19/114 278/7/113 277/7/113
f 278/7/113 279/19/114 280/20/114
f 283/20/115 282/21/116 281/19/115
f 282/21/116 283/20/115 284/22/116
f 287/25/117 286/24/118 285/23/117
f 286/24/118 287/25/117 288/26/118
f 290/7/119 281/19/115 289/7/119
f 281/19/115 290/7/119 283/20/115
f 285/23/117 278/7/113 287/25/117
f 278/7/113 285/23/117 277/7/113
f 286/24/118 292/25/120 291/23/120
f 292/25/120 286/24/118 288/26/118
f 290/7/119 291/23/120 292/25/120
f 291/23/120 290/7/119 289/7/119
f 284/22/116 279/19/114 282/21/116
f 279/19/114 284/22/116 280/20/114
f 295/10/121 294/7/121 293/9/121
f 296/12/121 294/7/121 295/10/121
f 296/12/121 290/7/121 294/7/121
f 297/14/121 290/7/121 296/12/121
f 297/14/121 283/20/121 290/7/121
f 298/16/121 283/20/121 297/14/121
f 299/3/121 283/20/121 298/16/121
f 283/20/121 299/3/121 284/22/121
f 300/16/121 284/22/121 299/3/121
f 300/16/121 280/20/121 284/22/121
f 301/14/121 280/20/121 300/16/121
f 301/14/121 278/7/121 280/20/121
f 302/12/121 278/7/121 301/14/121
f 303/10/121 278/7/121 302/12/121
f 304/9/121 278/7/121 303/10/121
f 278/7/121 304/9/121 305/7/121
f 306/8/121 278/7/121 305/7/121
f 278/7/121 306/8/121 307/11/121
f 278/7/121 307/11/121 308/13/121
f 278/7/121 308/13/121 309/15/121
f 278/7/121 309/15/121 287/25/121
f 287/25/121 309/15/121 310/17/121
f 287/25/121 310/17/121 288/26/121
f 288/26/121 310/17/121 311/18/121
f 311/18/121 292/25/121 288/26/121
f 292/25/121 311/18/121 312/17/121
f 292/25/121 312/17/121 313/15/121
f 292/25/121 313/15/121 290/7/121
f 290/7/121 313/15/121 314/13/121
f 290/7/121 314/13/121 294/7/121
f 294/7/121 314/13/121 315/11/121
f 294/7/121 315/11/121 316/8/121
f 318/33/73 308/32/100 317/31/80
f 308/32/100 318/33/73 309/34/101
f 320/44/124 310/43/106 319/42/72
f 310/43/106 320/44/124 311/45/125
f 321/48/61 316/47/74 315/46/60
f 316/47/74 321/48/61 322/49/75
f 323/31/59 315/46/60 314/32/58
f 315/46/60 323/31/59 321/48/61
f 324/41/35 270/38/28 268/40/34
f 270/38/28 324/41/35 325/39/29
f 273/46/40 326/31/45 271/32/44
f 326/31/45 273/46/40 327/48/42
f 329/28/17 255/29/18 328/27/16
f 255/29/18 329/28/17 256/30/19
f 331/49/85 305/50/108 330/50/107
f 305/50/108 331/49/85 306/47/87
f 332/42/91 311/45/125 320/44/124
f 311/45/125 332/42/91 312/43/97
f 319/42/72 334/33/22 333/42/36
f 334/33/22 319/42/72 318/33/73
f 319/42/72 309/34/101 318/33/73
f 309/34/101 319/42/72 310/43/106
f 275/47/41 327/48/42 273/46/40
f 327/48/42 275/47/41 335/49/43
f 336/50/77 322/49/75 335/49/43
f 322/49/75 336/50/77 337/50/76
f 317/31/80 307/46/88 338/48/86
f 307/46/88 317/31/80 308/32/100
f 334/33/22 317/31/80 339/31/20
f 317/31/80 334/33/22 318/33/73
f 340/35/33 268/40/34 266/36/32
f 268/40/34 340/35/33 324/41/35
f 271/32/44 341/33/104 269/34/103
f 341/33/104 271/32/44 326/31/45
f 254/47/67 343/48/78 342/49/66
f 343/48/78 254/47/67 257/46/79
f 276/50/105 335/49/43 275/47/41
f 335/49/43 276/50/105 336/50/77
f 345/42/70 320/44/124 344/44/127
f 320/44/124 345/42/70 332/42/91
f 347/41/46 258/38/49 346/39/48
f 258/38/49 347/41/46 260/40/47
f 269/34/103 345/42/70 267/43/71
f 345/42/70 269/34/103 341/33/104
f 325/39/29 272/30/30 270/38/28
f 272/30/30 325/39/29 348/28/31
f 259/32/21 334/33/22 339/31/20
f 334/33/22 259/32/21 261/34/23
f 320/44/124 333/42/36 344/44/127
f 333/42/36 320/44/124 319/42/72
f 327/48/42 323/31/59 326/31/45
f 323/31/59 327/48/42 321/48/61
f 349/27/69 276/50/105 274/29/68
f 276/50/105 349/27/69 336/50/77
f 332/42/91 313/34/83 312/43/97
f 313/34/83 332/42/91 350/33/84
f 338/48/86 306/47/87 331/49/85
f 306/47/87 338/48/86 307/46/88
f 261/34/23 333/42/36 334/33/22
f 333/42/36 261/34/23 263/43/37
f 330/50/107 342/49/66 331/49/85
f 342/49/66 330/50/107 351/50/50
f 350/33/84 314/32/58 313/34/83
f 314/32/58 350/33/84 323/31/59
f 253/50/51 342/49/66 351/50/50
f 342/49/66 253/50/51 254/47/67
f 346/39/48 256/30/19 329/28/17
f 256/30/19 346/39/48 258/38/49
f 331/49/85 343/48/78 338/48/86
f 343/48/78 331/49/85 342/49/66
f 322/49/75 294/50/89 316/47/74
f 294/50/89 322/49/75 337/50/76
f 350/33/84 345/42/70 341/33/104
f 345/42/70 350/33/84 332/42/91
f 338/48/86 339/31/20 317/31/80
f 339/31/20 338/48/86 343/48/78
f 326/31/45 350/33/84 341/33/104
f 350/33/84 326/31/45 323/31/59
f 353/3/126 262/36/26 352/35/24
f 262/36/26 353/3/126 264/37/128
f 263/43/37 344/44/127 333/42/36
f 344/44/127 263/43/37 265/45/129
f 257/46/79 339/31/20 343/48/78
f 339/31/20 257/46/79 259/32/21
f 352/35/24 260/40/47 347/41/46
f 260/40/47 352/35/24 262/36/26
f 348/28/31 274/29/68 272/30/30
f 274/29/68 348/28/31 349/27/69
f 267/43/71 344/44/127 265/45/129
f 344/44/127 267/43/71 345/42/70
f 328/27/16 253/50/51 351/50/50
f 253/50/51 328/27/16 255/29/18
f 335/49/43 321/48/61 327/48/42
f 321/48/61 335/49/43 322/49/75
f 340/35/33 264/37/128 353/3/126
f 264/37/128 340/35/33 266/36/32
f 356/9/112 355/8/112 354/7/112
f 355/8/112 356/9/112 357/10/112
f 355/8/112 357/10/112 358/11/112
f 358/11/112 357/10/112 359/12/112
f 358/11/112 359/12/112 360/13/112
f 360/13/112 359/12/112 361/14/112
f 360/13/112 361/14/112 362/15/112
f 362/15/112 361/14/112 363/16/112
f 362/15/112 363/16/112 364/17/112
f 364/17/112 363/16/112 365/3/112
f 364/17/112 365/3/112 366/18/112
f 366/18/112 365/3/112 367/16/112
f 366/18/112 367/16/112 368/17/112
f 368/17/112 367/16/112 369/14/112
f 368/17/112 369/14/112 370/15/112
f 370/15/112 369/14/112 371/12/112
f 370/15/112 371/12/112 372/13/112
f 372/13/112 371/12/112 373/10/112
f 372/13/112 373/10/112 374/11/112
f 374/11/112 373/10/112 375/9/112
f 374/11/112 375/9/112 376/8/112
f 376/8/112 375/9/112 377/7/112
f 380/19/114 379/7/113 378/7/113
f 379/7/113 380/19/114 381/20/114
f 384/20/115 383/21/116 382/19/115
f 383/21/116 384/20/115 385/22/116
f 388/23/117 387/26/118 386/24/118
f 387/26/118 388/23/117 389/25/117
f 391/7/119 382/19/115 390/7/119
f 382/19/115 391/7/119 384/20/115
f 388/23/117 379/7/113 389/25/117
f 379/7/113 388/23/117 378/7/113
f 387/26/118 392/23/120 386/24/118
f 392/23/120 387/26/118 393/25/120
f 391/7/119 392/23/120 393/25/120
f 392/23/120 391/7/119 390/7/119
f 385/22/116 380/19/114 383/21/116
f 380/19/114 385/22/116 381/20/114
f 396/10/121 395/7/121 394/9/121
f 397/12/121 395/7/121 396/10/121
f 397/12/121 391/7/121 395/7/121
f 398/14/121 391/7/121 397/12/121
f 398/14/121 384/20/121 391/7/121
f 399/16/121 384/20/121 398/14/121
f 400/3/121 384/20/121 399/16/121
f 384/20/121 400/3/121 385/22/121
f 401/16/121 385/22/121 400/3/121
f 401/16/121 381/20/121 385/22/121
f 402/14/121 381/20/121 401/16/121
f 402/14/121 379/7/121 381/20/121
f 403/12/121 379/7/121 402/14/121
f 404/10/121 379/7/121 403/12/121
f 405/9/121 379/7/121 404/10/121
f 379/7/121 405/9/121 406/7/121
f 407/8/121 379/7/121 406/7/121
f 379/7/121 407/8/121 408/11/121
f 379/7/121 408/11/121 409/13/121
f 379/7/121 409/13/121 410/15/121
f 379/7/121 410/15/121 389/25/121
f 389/25/121 410/15/121 411/17/121
f 389/25/121 411/17/121 387/26/121
f 387/26/121 411/17/121 412/18/121
f 412/18/121 393/25/121 387/26/121
f 393/25/121 412/18/121 413/17/121
f 393/25/121 413/17/121 414/15/121
f 393/25/121 414/15/121 391/7/121
f 391/7/121 414/15/121 415/13/121
f 391/7/121 415/13/121 395/7/121
f 395/7/121 415/13/121 416/11/121
f 395/7/121 416/11/121 417/8/121
f 405/29/63 419/28/64 418/27/62
f 419/28/64 405/29/63 404/30/65
f 421/33/73 409/32/100 420/31/80
f 409/32/100 421/33/73 410/34/101
f 401/36/109 423/3/122 422/35/56
f 423/3/122 401/36/109 400/37/123
f 396/30/98 424/39/55 397/38/53
f 424/39/55 396/30/98 425/28/99
f 398/40/52 426/35/82 399/36/81
f 426/35/82 398/40/52 427/41/54
f 429/44/124 411/43/106 428/42/72
f 411/43/106 429/44/124 412/45/125
f 430/48/61 417/47/74 416/46/60
f 417/47/74 430/48/61 431/49/75
f 432/31/59 416/46/60 415/32/58
f 416/46/60 432/31/59 430/48/61
f 402/40/96 422/35/56 433/41/95
f 422/35/56 402/40/96 401/36/109
f 404/30/65 434/39/93 419/28/64
f 434/39/93 404/30/65 403/38/94
f 403/38/94 433/41/95 434/39/93
f 433/41/95 403/38/94 402/40/96
f 406/50/108 418/27/62 435/50/107
f 418/27/62 406/50/108 405/29/63
f 436/41/35 371/38/28 369/40/34
f 371/38/28 436/41/35 437/39/29
f 422/35/56 439/3/126 438/35/24
f 439/3/126 422/35/56 423/3/122
f 374/46/40 440/31/45 372/32/44
f 440/31/45 374/46/40 441/48/42
f 443/28/17 356/29/18 442/27/16
f 356/29/18 443/28/17 357/30/19
f 444/49/85 406/50/108 435/50/107
f 406/50/108 444/49/85 407/47/87
f 394/29/102 425/28/99 396/30/98
f 425/28/99 394/29/102 445/27/90
f 446/42/91 412/45/125 429/44/124
f 412/45/125 446/42/91 413/43/97
f 428/42/72 448/33/22 447/42/36
f 448/33/22 428/42/72 421/33/73
f 397/38/53 427/41/54 398/40/52
f 427/41/54 397/38/53 424/39/55
f 428/42/72 410/34/101 421/33/73
f 410/34/101 428/42/72 411/43/106
f 376/47/41 441/48/42 374/46/40
f 441/48/42 376/47/41 449/49/43
f 450/50/77 431/49/75 449/49/43
f 431/49/75 450/50/77 451/50/76
f 420/31/80 408/46/88 452/48/86
f 408/46/88 420/31/80 409/32/100
f 421/33/73 453/31/20 448/33/22
f 453/31/20 421/33/73 420/31/80
f 454/35/33 369/40/34 367/36/32
f 369/40/34 454/35/33 436/41/35
f 372/32/44 455/33/104 370/34/103
f 455/33/104 372/32/44 440/31/45
f 355/47/67 457/48/78 456/49/66
f 457/48/78 355/47/67 358/46/79
f 377/50/105 449/49/43 376/47/41
f 449/49/43 377/50/105 450/50/77
f 458/27/69 451/50/76 450/50/77
f 451/50/76 458/27/69 445/27/90
f 446/42/91 460/44/127 459/42/70
f 460/44/127 446/42/91 429/44/124
f 462/41/46 359/38/49 461/39/48
f 359/38/49 462/41/46 361/40/47
f 370/34/103 459/42/70 368/43/71
f 459/42/70 370/34/103 455/33/104
f 437/39/29 373/30/30 371/38/28
f 373/30/30 437/39/29 463/28/31
f 360/32/21 448/33/22 453/31/20
f 448/33/22 360/32/21 362/34/23
f 429/44/124 447/42/36 460/44/127
f 447/42/36 429/44/124 428/42/72
f 441/48/42 432/31/59 440/31/45
f 432/31/59 441/48/42 430/48/61
f 437/39/29 425/28/99 463/28/31
f 425/28/99 437/39/29 424/39/55
f 458/27/69 377/50/105 375/29/68
f 377/50/105 458/27/69 450/50/77
f 446/42/91 414/34/83 413/43/97
f 414/34/83 446/42/91 464/33/84
f 423/3/122 454/35/33 439/3/126
f 454/35/33 423/3/122 426/35/82
f 399/36/81 423/3/122 400/37/123
f 423/3/122 399/36/81 426/35/82
f 452/48/86 407/47/87 444/49/85
f 407/47/87 452/48/86 408/46/88
f 395/50/89 445/27/90 394/29/102
f 445/27/90 395/50/89 451/50/76
f 419/28/64 442/27/16 418/27/62
f 442/27/16 419/28/64 443/28/17
f 362/34/23 447/42/36 448/33/22
f 447/42/36 362/34/23 364/43/37
f 427/41/54 437/39/29 436/41/35
f 437/39/29 427/41/54 424/39/55
f 435/50/107 456/49/66 444/49/85
f 456/49/66 435/50/107 465/50/50
f 464/33/84 415/32/58 414/34/83
f 415/32/58 464/33/84 432/31/59
f 354/50/51 456/49/66 465/50/50
f 456/49/66 354/50/51 355/47/67
f 418/27/62 465/50/50 435/50/107
f 465/50/50 418/27/62 442/27/16
f 461/39/48 357/30/19 443/28/17
f 357/30/19 461/39/48 359/38/49
f 444/49/85 457/48/78 452/48/86
f 457/48/78 444/49/85 456/49/66
f 431/49/75 395/50/89 417/47/74
f 395/50/89 431/49/75 451/50/76
f 464/33/84 459/42/70 455/33/104
f 459/42/70 464/33/84 446/42/91
f 452/48/86 453/31/20 420/31/80
f 453/31/20 452/48/86 457/48/78
f 433/41/95 438/35/24 462/41/46
f 438/35/24 433/41/95 422/35/56
f 432/31/59 455/33/104 440/31/45
f 455/33/104 432/31/59 464/33/84
f 439/3/126 363/36/26 438/35/24
f 363/36/26 439/3/126 365/37/128
f 364/43/37 460/44/127 447/42/36
f 460/44/127 364/43/37 366/45/129
f 358/46/79 453/31/20 457/48/78
f 453/31/20 358/46/79 360/32/21
f 463/28/31 445/27/90 458/27/69
f 445/27/90 463/28/31 425/28/99
f 438/35/24 361/40/47 462/41/46
f 361/40/47 438/35/24 363/36/26
f 463/28/31 375/29/68 373/30/30
f 375/29/68 463/28/31 458/27/69
f 426/35/82 436/41/35 454/35/33
f 436/41/35 426/35/82 427/41/54
f 368/43/71 460/44/127 366/45/129
f 460/44/127 368/43/71 459/42/70
f 442/27/16 354/50/51 465/50/50
f 354/50/51 442/27/16 356/29/18
f 449/49/43 430/48/61 441/48/42
f 430/48/61 449/49/43 431/49/75
f 434/39/93 462/41/46 461/39/48
f 462/41/46 434/39/93 433/41/95
f 454/35/33 365/37/128 439/3/126
f 365/37/128 454/35/33 367/36/32
f 434/39/93 443/28/17 419/28/64
f 443/28/17 434/39/93 461/39/48
f 529/8/15 528/11/15 507/7/15
f 528/11/15 527/13/15 507/7/15
f 507/7/15 527/13/15 503/7/15
f 527/13/15 526/15/15 503/7/15
f 503/7/15 526/15/15 505/25/15
f 526/15/15 525/17/15 505/25/15
f 525/17/15 524/18/15 505/25/15
f 501/26/15 505/25/15 524/18/15
f 524/18/15 523/17/15 501/26/15
f 501/26/15 523/17/15 500/25/15
f 523/17/15 522/15/15 500/25/15
f 500/25/15 522/15/15 491/7/15
f 522/15/15 521/13/15 491/7/15
f 521/13/15 520/11/15 491/7/15
f 520/11/15 519/8/15 491/7/15
f 518/7/15 491/7/15 519/8/15
f 518/7/15 517/9/15 491/7/15
f 516/10/15 491/7/15 517/9/15
f 515/12/15 491/7/15 516/10/15
f 514/14/15 491/7/15 515/12/15
f 493/20/15 491/7/15 514/14/15
f 513/16/15 493/20/15 514/14/15
f 497/22/15 493/20/15 513/16/15
f 512/3/15 497/22/15 513/16/15
f 497/22/15 512/3/15 496/20/15
f 511/16/15 496/20/15 512/3/15
f 510/14/15 496/20/15 511/16/15
f 503/7/15 496/20/15 510/14/15
f 509/12/15 503/7/15 510/14/15
f 507/7/15 503/7/15 509/12/15
f 508/10/15 507/7/15 509/12/15
f 506/9/15 507/7/15 508/10/15
f 493/20/8 497/22/10 492/19/8
f 495/21/10 492/19/8 497/22/10
f 502/7/13 503/7/13 504/23/14
f 505/25/14 504/23/14 503/7/13
f 505/25/14 501/26/12 504/23/14
f 499/24/12 504/23/14 501/26/12
f 490/7/7 498/23/11 491/7/7
f 500/25/11 491/7/7 498/23/11
f 496/20/9 503/7/13 494/19/9
f 502/7/13 494/19/9 503/7/13
f 501/26/12 500/25/11 499/24/12
f 498/23/11 499/24/12 500/25/11
f 497/22/10 496/20/9 495/21/10
f 494/19/9 495/21/10 496/20/9
f 493/20/8 492/19/8 491/7/7
f 490/7/7 491/7/7 492/19/8
f 489/7/6 487/9/6 488/8/6
f 488/8/6 487/9/6 486/11/6
f 487/9/6 485/10/6 486/11/6
f 486/11/6 485/10/6 484/13/6
f 485/10/6 483/12/6 484/13/6
f 484/13/6 483/12/6 482/15/6
f 483/12/6 481/14/6 482/15/6
f 482/15/6 481/14/6 480/17/6
f 481/14/6 479/16/6 480/17/6
f 480/17/6 479/16/6 478/18/6
f 479/16/6 477/3/6 478/18/6
f 478/18/6 477/3/6 476/17/6
f 477/3/6 475/16/6 476/17/6
f 476/17/6 475/16/6 474/15/6
f 475/16/6 473/14/6 474/15/6
f 474/15/6 473/14/6 472/13/6
f 473/14/6 471/12/6 472/13/6
f 472/13/6 471/12/6 470/11/6
f 471/12/6 469/10/6 470/11/6
f 470/11/6 469/10/6 467/8/6
f 469/10/6 468/9/6 467/8/6
f 466/7/6 467/8/6 468/9/6
f 573/39/93 546/39/48 555/28/64
f 531/28/17 555/28/64 546/39/48
f 479/36/81 566/35/82 477/37/110
f 551/3/57 477/37/110 566/35/82
f 545/41/46 546/39/48 574/41/95
f 573/39/93 574/41/95 546/39/48
f 543/49/43 561/49/75 542/48/42
f 553/48/61 542/48/42 561/49/75
f 468/29/63 554/27/62 466/50/108
f 577/50/107 466/50/108 554/27/62
f 571/42/91 480/43/97 572/44/92
f 478/45/111 572/44/92 480/43/97
f 539/41/35 538/35/33 548/41/54
f 566/35/82 548/41/54 538/35/33
f 570/27/90 575/28/99 487/29/102
f 485/30/98 487/29/102 575/28/99
f 475/36/109 550/35/56 473/40/96
f 574/41/95 473/40/96 550/35/56
f 537/28/31 575/28/99 557/27/69
f 570/27/90 557/27/69 575/28/99
f 472/32/100 470/46/88 565/31/80
f 569/48/86 565/31/80 470/46/88
f 478/45/111 476/43/106 572/44/92
f 559/42/72 572/44/92 476/43/106
f 477/37/110 551/3/57 475/36/109
f 550/35/56 475/36/109 551/3/57
f 576/33/104 544/31/45 567/33/84
f 552/31/59 567/33/84 544/31/45
f 534/35/24 545/41/46 550/35/56
f 574/41/95 550/35/56 545/41/46
f 569/48/86 564/48/78 565/31/80
f 532/31/20 565/31/80 564/48/78
f 558/42/70 576/33/104 571/42/91
f 567/33/84 571/42/91 576/33/104
f 563/50/77 543/49/43 507/50/105
f 529/47/41 507/50/105 543/49/43
f 568/49/85 556/49/66 569/48/86
f 564/48/78 569/48/86 556/49/66
f 471/38/94 573/39/93 469/30/65
f 555/28/64 469/30/65 573/39/93
f 554/27/62 530/27/16 577/50/107
f 547/50/50 577/50/107 530/27/16
f 467/47/87 466/50/108 568/49/85
f 577/50/107 568/49/85 466/50/108
f 544/31/45 576/33/104 527/32/44
f 526/34/103 527/32/44 576/33/104
f 577/50/107 547/50/50 568/49/85
f 556/49/66 568/49/85 547/50/50
f 536/39/29 539/41/35 549/39/55
f 548/41/54 549/39/55 539/41/35
f 476/43/106 474/34/101 559/42/72
f 560/33/73 559/42/72 474/34/101
f 555/28/64 531/28/17 554/27/62
f 530/27/16 554/27/62 531/28/17
f 563/50/77 507/50/105 557/27/69
f 506/29/68 557/27/69 507/50/105
f 520/46/79 564/48/78 519/47/67
f 556/49/66 519/47/67 564/48/78
f 538/35/33 511/36/32 535/3/25
f 512/37/27 535/3/25 511/36/32
f 538/35/33 535/3/25 566/35/82
f 551/3/57 566/35/82 535/3/25
f 576/33/104 558/42/70 526/34/103
f 525/43/71 526/34/103 558/42/70
f 562/50/76 570/27/90 489/50/89
f 487/29/102 489/50/89 570/27/90
f 536/39/29 549/39/55 537/28/31
f 575/28/99 537/28/31 549/39/55
f 542/48/42 553/48/61 544/31/45
f 552/31/59 544/31/45 553/48/61
f 540/42/36 541/44/38 559/42/72
f 572/44/92 559/42/72 541/44/38
f 474/34/101 472/32/100 560/33/73
f 565/31/80 560/33/73 472/32/100
f 575/28/99 549/39/55 485/30/98
f 483/38/53 485/30/98 549/39/55
f 567/33/84 482/34/83 571/42/91
f 480/43/97 571/42/91 482/34/83
f 473/40/96 574/41/95 471/38/94
f 573/39/93 471/38/94 574/41/95
f 541/44/38 558/42/70 572/44/92
f 571/42/91 572/44/92 558/42/70
f 557/27/69 570/27/90 563/50/77
f 562/50/76 563/50/77 570/27/90
f 562/50/76 489/50/89 561/49/75
f 488/47/74 561/49/75 489/50/89
f 470/46/88 467/47/87 569/48/86
f 568/49/85 569/48/86 467/47/87
f 552/31/59 484/32/58 567/33/84
f 482/34/83 567/33/84 484/32/58
f 548/41/54 566/35/82 481/40/52
f 479/36/81 481/40/52 566/35/82
f 532/31/20 533/33/22 565/31/80
f 560/33/73 565/31/80 533/33/22
f 521/32/21 532/31/20 520/46/79
f 564/48/78 520/46/79 532/31/20
f 563/50/77 562/50/76 543/49/43
f 561/49/75 543/49/43 562/50/76
f 561/49/75 488/47/74 553/48/61
f 486/46/60 553/48/61 488/47/74
f 523/43/37 540/42/36 522/34/23
f 533/33/22 522/34/23 540/42/36
f 536/39/29 509/38/28 539/41/35
f 510/40/34 539/41/35 509/38/28
f 533/33/22 540/42/36 560/33/73
f 559/42/72 560/33/73 540/42/36
f 525/43/71 558/42/70 524/45/39
f 541/44/38 524/45/39 558/42/70
f 557/27/69 506/29/68 537/28/31
f 508/30/30 537/28/31 506/29/68
f 519/47/67 556/49/66 518/50/51
f 547/50/50 518/50/51 556/49/66
f 469/30/65 555/28/64 468/29/63
f 554/27/62 468/29/63 555/28/64
f 553/48/61 486/46/60 552/31/59
f 484/32/58 552/31/59 486/46/60
f 535/3/25 534/35/24 551/3/57
f 550/35/56 551/3/57 534/35/24
f 549/39/55 548/41/54 483/38/53
f 481/40/52 483/38/53 548/41/54
f 517/29/18 518/50/51 530/27/16
f 547/50/50 530/27/16 518/50/51
f 514/40/47 515/38/49 545/41/46
f 546/39/48 545/41/46 515/38/49
f 515/38/49 516/30/19 546/39/48
f 531/28/17 546/39/48 516/30/19
f 513/36/26 514/40/47 534/35/24
f 545/41/46 534/35/24 514/40/47
f 542/48/42 544/31/45 528/46/40
f 527/32/44 528/46/40 544/31/45
f 543/49/43 542/48/42 529/47/41
f 528/46/40 529/47/41 542/48/42
f 524/45/39 541/44/38 523/43/37
f 540/42/36 523/43/37 541/44/38
f 539/41/35 510/40/34 538/35/33
f 511/36/32 538/35/33 510/40/34
f 537/28/31 508/30/30 536/39/29
f 509/38/28 536/39/29 508/30/30
f 512/37/27 513/36/26 535/3/25
f 534/35/24 535/3/25 513/36/26
f 522/34/23 533/33/22 521/32/21
f 532/31/20 521/32/21 533/33/22
f 516/30/19 517/29/18 531/28/17
f 530/27/16 531/28/17 517/29/18
f 641/8/15 640/11/15 619/7/15
f 640/11/15 639/13/15 619/7/15
f 619/7/15 639/13/15 615/7/15
f 639/13/15 638/15/15 615/7/15
f 615/7/15 638/15/15 617/25/15
f 638/15/15 637/17/15 617/25/15
f 637/17/15 636/18/15 617/25/15
f 613/26/15 617/25/15 636/18/15
f 636/18/15 635/17/15 613/26/15
f 613/26/15 635/17/15 612/25/15
f 635/17/15 634/15/15 612/25/15
f 612/25/15 634/15/15 603/7/15
f 634/15/15 633/13/15 603/7/15
f 633/13/15 632/11/15 603/7/15
f 632/11/15 631/8/15 603/7/15
f 630/7/15 603/7/15 631/8/15
f 630/7/15 629/9/15 603/7/15
f 628/10/15 603/7/15 629/9/15
f 627/12/15 603/7/15 628/10/15
f 626/14/15 603/7/15 627/12/15
f 605/20/15 603/7/15 626/14/15
f 625/16/15 605/20/15 626/14/15
f 609/22/15 605/20/15 625/16/15
f 624/3/15 609/22/15 625/16/15
f 609/22/15 624/3/15 608/20/15
f 623/16/15 608/20/15 624/3/15
f 622/14/15 608/20/15 623/16/15
f 615/7/15 608/20/15 622/14/15
f 621/12/15 615/7/15 622/14/15
f 619/7/15 615/7/15 621/12/15
f 620/10/15 619/7/15 621/12/15
f 618/9/15 619/7/15 620/10/15
f 605/20/8 609/22/10 604/19/8
f 607/21/10 604/19/8 609/22/10
f 614/7/13 615/7/13 616/23/14
f 617/25/14 616/23/14 615/7/13
f 617/25/14 613/26/12 616/23/14
f 611/24/12 616/23/14 613/26/12
f 602/7/7 610/23/11 603/7/7
f 612/25/11 603/7/7 610/23/11
f 608/20/9 615/7/13 606/19/9
f 614/7/13 606/19/9 615/7/13
f 613/26/12 612/25/11 611/24/12
f 610/23/11 611/24/12 612/25/11
f 609/22/10 608/20/9 607/21/10
f 606/19/9 607/21/10 608/20/9
f 605/20/8 604/19/8 603/7/7
f 602/7/7 603/7/7 604/19/8
f 601/7/6 599/9/6 600/8/6
f 600/8/6 599/9/6 598/11/6
f 599/9/6 597/10/6 598/11/6
f 598/11/6 597/10/6 596/13/6
f 597/10/6 595/12/6 596/13/6
f 596/13/6 595/12/6 594/15/6
f 595/12/6 593/14/6 594/15/6
f 594/15/6 593/14/6 592/17/6
f 593/14/6 591/16/6 592/17/6
f 592/17/6 591/16/6 590/18/6
f 591/16/6 589/3/6 590/18/6
f 590/18/6 589/3/6 588/17/6
f 589/3/6 587/16/6 588/17/6
f 588/17/6 587/16/6 586/15/6
f 587/16/6 585/14/6 586/15/6
f 586/15/6 585/14/6 584/13/6
f 585/14/6 583/12/6 584/13/6
f 584/13/6 583/12/6 582/11/6
f 583/12/6 581/10/6 582/11/6
f 582/11/6 581/10/6 579/8/6
f 581/10/6 580/9/6 579/8/6
f 578/7/6 579/8/6 580/9/6
f 591/36/81 665/35/82 589/37/110
f 678/3/57 589/37/110 665/35/82
f 647/49/43 660/49/75 646/48/42
f 652/48/61 646/48/42 660/49/75
f 580/29/63 653/27/62 578/50/108
f 676/50/107 578/50/108 653/27/62
f 669/42/91 592/43/97 670/44/92
f 590/45/111 670/44/92 592/43/97
f 674/27/90 673/28/99 599/29/102
f 597/30/98 599/29/102 673/28/99
f 587/36/109 677/35/56 585/40/96
f 672/41/95 585/40/96 677/35/56
f 584/32/100 582/46/88 664/31/80
f 668/48/86 664/31/80 582/46/88
f 590/45/111 588/43/106 670/44/92
f 658/42/72 670/44/92 588/43/106
f 589/37/110 678/3/57 587/36/109
f 677/35/56 587/36/109 678/3/57
f 675/33/104 648/31/45 666/33/84
f 651/31/59 666/33/84 648/31/45
f 668/48/86 663/48/78 664/31/80
f 642/31/20 664/31/80 663/48/78
f 657/42/70 675/33/104 669/42/91
f 666/33/84 669/42/91 675/33/104
f 662/50/77 647/49/43 619/50/105
f 641/47/41 619/50/105 647/49/43
f 667/49/85 656/49/66 668/48/86
f 663/48/78 668/48/86 656/49/66
f 583/38/94 671/39/93 581/30/65
f 654/28/64 581/30/65 671/39/93
f 579/47/87 578/50/108 667/49/85
f 676/50/107 667/49/85 578/50/108
f 648/31/45 675/33/104 639/32/44
f 638/34/103 639/32/44 675/33/104
f 676/50/107 655/50/50 667/49/85
f 656/49/66 667/49/85 655/50/50
f 588/43/106 586/34/101 658/42/72
f 659/33/73 658/42/72 586/34/101
f 632/46/79 663/48/78 631/47/67
f 656/49/66 631/47/67 663/48/78
f 675/33/104 657/42/70 638/34/103
f 637/43/71 638/34/103 657/42/70
f 661/50/76 674/27/90 601/50/89
f 599/29/102 601/50/89 674/27/90
f 646/48/42 652/48/61 648/31/45
f 651/31/59 648/31/45 652/48/61
f 645/44/38 670/44/92 644/42/36
f 658/42/72 644/42/36 670/44/92
f 586/34/101 584/32/100 659/33/73
f 664/31/80 659/33/73 584/32/100
f 673/28/99 650/39/55 597/30/98
f 595/38/53 597/30/98 650/39/55
f 666/33/84 594/34/83 669/42/91
f 592/43/97 669/42/91 594/34/83
f 585/40/96 672/41/95 583/38/94
f 671/39/93 583/38/94 672/41/95
f 645/44/38 657/42/70 670/44/92
f 669/42/91 670/44/92 657/42/70
f 661/50/76 601/50/89 660/49/75
f 600/47/74 660/49/75 601/50/89
f 582/46/88 579/47/87 668/48/86
f 667/49/85 668/48/86 579/47/87
f 651/31/59 596/32/58 666/33/84
f 594/34/83 666/33/84 596/32/58
f 649/41/54 665/35/82 593/40/52
f 591/36/81 593/40/52 665/35/82
f 642/31/20 643/33/22 664/31/80
f 659/33/73 664/31/80 643/33/22
f 633/32/21 642/31/20 632/46/79
f 663/48/78 632/46/79 642/31/20
f 662/50/77 661/50/76 647/49/43
f 660/49/75 647/49/43 661/50/76
f 660/49/75 600/47/74 652/48/61
f 598/46/60 652/48/61 600/47/74
f 635/43/37 644/42/36 634/34/23
f 643/33/22 634/34/23 644/42/36
f 643/33/22 644/42/36 659/33/73
f 658/42/72 659/33/73 644/42/36
f 637/43/71 657/42/70 636/45/39
f 645/44/38 636/45/39 657/42/70
f 631/47/67 656/49/66 630/50/51
f 655/50/50 630/50/51 656/49/66
f 581/30/65 654/28/64 580/29/63
f 653/27/62 580/29/63 654/28/64
f 652/48/61 598/46/60 651/31/59
f 596/32/58 651/31/59 598/46/60
f 650/39/55 649/41/54 595/38/53
f 593/40/52 595/38/53 649/41/54
f 646/48/42 648/31/45 640/46/40
f 639/32/44 640/46/40 648/31/45
f 647/49/43 646/48/42 641/47/41
f 640/46/40 641/47/41 646/48/42
f 636/45/39 645/44/38 635/43/37
f 644/42/36 635/43/37 645/44/38
f 634/34/23 643/33/22 633/32/21
f 642/31/20 633/32/21 643/33/22
f 742/8/15 741/11/15 720/7/15
f 741/11/15 740/13/15 720/7/15
f 720/7/15 740/13/15 716/7/15
f 740/13/15 739/15/15 716/7/15
f 716/7/15 739/15/15 718/25/15
f 739/15/15 738/17/15 718/25/15
f 738/17/15 737/18/15 718/25/15
f 714/26/15 718/25/15 737/18/15
f 737/18/15 736/17/15 714/26/15
f 714/26/15 736/17/15 713/25/15
f 736/17/15 735/15/15 713/25/15
f 713/25/15 735/15/15 704/7/15
f 735/15/15 734/13/15 704/7/15
f 734/13/15 733/11/15 704/7/15
f 733/11/15 732/8/15 704/7/15
f 731/7/15 704/7/15 732/8/15
f 731/7/15 730/9/15 704/7/15
f 729/10/15 704/7/15 730/9/15
f 728/12/15 704/7/15 729/10/15
f 727/14/15 704/7/15 728/12/15
f 706/20/15 704/7/15 727/14/15
f 726/16/15 706/20/15 727/14/15
f 710/22/15 706/20/15 726/16/15
f 725/3/15 710/22/15 726/16/15
f 710/22/15 725/3/15 709/20/15
f 724/16/15 709/20/15 725/3/15
f 723/14/15 709/20/15 724/16/15
f 716/7/15 709/20/15 723/14/15
f 722/12/15 716/7/15 723/14/15
f 720/7/15 716/7/15 722/12/15
f 721/10/15 720/7/15 722/12/15
f 719/9/15 720/7/15 721/10/15
f 706/20/8 710/22/10 705/19/8
f 708/21/10 705/19/8 710/22/10
f 715/7/13 716/7/13 717/23/14
f 718/25/14 717/23/14 716/7/13
f 718/25/14 714/26/12 717/23/14
f 712/24/12 717/23/14 714/26/12
f 703/7/7 711/23/11 704/7/7
f 713/25/11 704/7/7 711/23/11
f 709/20/9 716/7/13 707/19/9
f 715/7/13 707/19/9 716/7/13
f 714/26/12 713/25/11 712/24/12
f 711/23/11 712/24/12 713/25/11
f 710/22/10 709/20/9 708/21/10
f 707/19/9 708/21/10 709/20/9
f 706/20/8 705/19/8 704/7/7
f 703/7/7 704/7/7 705/19/8
f 702/7/6 700/9/6 701/8/6
f 701/8/6 700/9/6 699/11/6
f 700/9/6 698/10/6 699/11/6
f 699/11/6 698/10/6 697/13/6
f 698/10/6 696/12/6 697/13/6
f 697/13/6 696/12/6 695/15/6
f 696/12/6 694/14/6 695/15/6
f 695/15/6 694/14/6 693/17/6
f 694/14/6 692/16/6 693/17/6
f 693/17/6 692/16/6 691/18/6
f 692/16/6 690/3/6 691/18/6
f 691/18/6 690/3/6 689/17/6
f 690/3/6 688/16/6 689/17/6
f 689/17/6 688/16/6 687/15/6
f 688/16/6 686/14/6 687/15/6
f 687/15/6 686/14/6 685/13/6
f 686/14/6 684/12/6 685/13/6
f 685/13/6 684/12/6 683/11/6
f 684/12/6 682/10/6 683/11/6
f 683/11/6 682/10/6 680/8/6
f 682/10/6 681/9/6 680/8/6
f 679/7/6 680/8/6 681/9/6
f 786/39/93 759/39/48 768/28/64
f 744/28/17 768/28/64 759/39/48
f 692/36/81 779/35/82 690/37/110
f 764/3/57 690/37/110 779/35/82
f 758/41/46 759/39/48 787/41/95
f 786/39/93 787/41/95 759/39/48
f 756/49/43 774/49/75 755/48/42
f 766/48/61 755/48/42 774/49/75
f 681/29/63 767/27/62 679/50/108
f 790/50/107 679/50/108 767/27/62
f 784/42/91 693/43/97 785/44/92
f 691/45/111 785/44/92 693/43/97
f 752/41/35 751/35/33 761/41/54
f 779/35/82 761/41/54 751/35/33
f 783/27/90 788/28/99 700/29/102
f 698/30/98 700/29/102 788/28/99
f 688/36/109 763/35/56 686/40/96
f 787/41/95 686/40/96 763/35/56
f 750/28/31 788/28/99 770/27/69
f 783/27/90 770/27/69 788/28/99
f 685/32/100 683/46/88 778/31/80
f 782/48/86 778/31/80 683/46/88
f 691/45/111 689/43/106 785/44/92
f 772/42/72 785/44/92 689/43/106
f 690/37/110 764/3/57 688/36/109
f 763/35/56 688/36/109 764/3/57
f 789/33/104 757/31/45 780/33/84
f 765/31/59 780/33/84 757/31/45
f 747/35/24 758/41/46 763/35/56
f 787/41/95 763/35/56 758/41/46
f 782/48/86 777/48/78 778/31/80
f 745/31/20 778/31/80 777/48/78
f 771/42/70 789/33/104 784/42/91
f 780/33/84 784/42/91 789/33/104
f 776/50/77 756/49/43 720/50/105
f 742/47/41 720/50/105 756/49/43
f 781/49/85 769/49/66 782/48/86
f 777/48/78 782/48/86 769/49/66
f 684/38/94 786/39/93 682/30/65
f 768/28/64 682/30/65 786/39/93
f 767/27/62 743/27/16 790/50/107
f 760/50/50 790/50/107 743/27/16
f 680/47/87 679/50/108 781/49/85
f 790/50/107 781/49/85 679/50/108
f 757/31/45 789/33/104 740/32/44
f 739/34/103 740/32/44 789/33/104
f 790/50/107 760/50/50 781/49/85
f 769/49/66 781/49/85 760/50/50
f 749/39/29 752/41/35 762/39/55
f 761/41/54 762/39/55 752/41/35
f 689/43/106 687/34/101 772/42/72
f 773/33/73 772/42/72 687/34/101
f 768/28/64 744/28/17 767/27/62
f 743/27/16 767/27/62 744/28/17
f 776/50/77 720/50/105 770/27/69
f 719/29/68 770/27/69 720/50/105
f 733/46/79 777/48/78 732/47/67
f 769/49/66 732/47/67 777/48/78
f 751/35/33 724/36/32 748/3/25
f 725/37/27 748/3/25 724/36/32
f 751/35/33 748/3/25 779/35/82
f 764/3/57 779/35/82 748/3/25
f 789/33/104 771/42/70 739/34/103
f 738/43/71 739/34/103 771/42/70
f 775/50/76 783/27/90 702/50/89
f 700/29/102 702/50/89 783/27/90
f 749/39/29 762/39/55 750/28/31
f 788/28/99 750/28/31 762/39/55
f 755/48/42 766/48/61 757/31/45
f 765/31/59 757/31/45 766/48/61
f 753/42/36 754/44/38 772/42/72
f 785/44/92 772/42/72 754/44/38
f 687/34/101 685/32/100 773/33/73
f 778/31/80 773/33/73 685/32/100
f 788/28/99 762/39/55 698/30/98
f 696/38/53 698/30/98 762/39/55
f 780/33/84 695/34/83 784/42/91
f 693/43/97 784/42/91 695/34/83
f 686/40/96 787/41/95 684/38/94
f 786/39/93 684/38/94 787/41/95
f 754/44/38 771/42/70 785/44/92
f 784/42/91 785/44/92 771/42/70
f 770/27/69 783/27/90 776/50/77
f 775/50/76 776/50/77 783/27/90
f 775/50/76 702/50/89 774/49/75
f 701/47/74 774/49/75 702/50/89
f 683/46/88 680/47/87 782/48/86
f 781/49/85 782/48/86 680/47/87
f 765/31/59 697/32/58 780/33/84
f 695/34/83 780/33/84 697/32/58
f 761/41/54 779/35/82 694/40/52
f 692/36/81 694/40/52 779/35/82
f 745/31/20 746/33/22 778/31/80
f 773/33/73 778/31/80 746/33/22
f 734/32/21 745/31/20 733/46/79
f 777/48/78 733/46/79 745/31/20
f 776/50/77 775/50/76 756/49/43
f 774/49/75 756/49/43 775/50/76
f 774/49/75 701/47/74 766/48/61
f 699/46/60 766/48/61 701/47/74
f 736/43/37 753/42/36 735/34/23
f 746/33/22 735/34/23 753/42/36
f 749/39/29 722/38/28 752/41/35
f 723/40/34 752/41/35 722/38/28
f 746/33/22 753/42/36 773/33/73
f 772/42/72 773/33/73 753/42/36
f 738/43/71 771/42/70 737/45/39
f 754/44/38 737/45/39 771/42/70
f 770/27/69 719/29/68 750/28/31
f 721/30/30 750/28/31 719/29/68
f 732/47/67 769/49/66 731/50/51
f 760/50/50 731/50/51 769/49/66
f 682/30/65 768/28/64 681/29/63
f 767/27/62 681/29/63 768/28/64
f 766/48/61 699/46/60 765/31/59
f 697/32/58 765/31/59 699/46/60
f 748/3/25 747/35/24 764/3/57
f 763/35/56 764/3/57 747/35/24
f 762/39/55 761/41/54 696/38/53
f 694/40/52 696/38/53 761/41/54
f 730/29/18 731/50/51 743/27/16
f 760/50/50 743/27/16 731/50/51
f 727/40/47 728/38/49 758/41/46
f 759/39/48 758/41/46 728/38/49
f 728/38/49 729/30/19 759/39/48
f 744/28/17 759/39/48 729/30/19
f 726/36/26 727/40/47 747/35/24
f 758/41/46 747/35/24 727/40/47
f 755/48/42 757/31/45 741/46/40
f 740/32/44 741/46/40 757/31/45
f 756/49/43 755/48/42 742/47/41
f 741/46/40 742/47/41 755/48/42
f 737/45/39 754/44/38 736/43/37
f 753/42/36 736/43/37 754/44/38
f 752/41/35 723/40/34 751/35/33
f 724/36/32 751/35/33 723/40/34
f 750/28/31 721/30/30 749/39/29
f 722/38/28 749/39/29 721/30/30
f 725/37/27 726/36/26 748/3/25
f 747/35/24 748/3/25 726/36/26
f 735/34/23 746/33/22 734/32/21
f 745/31/20 734/32/21 746/33/22
f 729/30/19 730/29/18 744/28/17
f 743/27/16 744/28/17 730/29/18
f 793/9/112 792/8/112 791/7/112
f 792/8/112 793/9/112 794/10/112
f 792/8/112 794/10/112 795/11/112
f 795/11/112 794/10/112 796/12/112
f 795/11/112 796/12/112 797/13/112
f 797/13/112 796/12/112 798/14/112
f 797/13/112 798/14/112 799/15/112
f 799/15/112 798/14/112 800/16/112
f 799/15/112 800/16/112 801/17/112
f 801/17/112 800/16/112 802/3/112
f 801/17/112 802/3/112 803/18/112
f 803/18/112 802/3/112 804/16/112
f 803/18/112 804/16/112 805/17/112
f 805/17/112 804/16/112 806/14/112
f 805/17/112 806/14/112 807/15/112
f 807/15/112 806/14/112 808/12/112
f 807/15/112 808/12/112 809/13/112
f 809/13/112 808/12/112 810/10/112
f 809/13/112 810/10/112 811/11/112
f 811/11/112 810/10/112 812/9/112
f 811/11/112 812/9/112 813/8/112
f 813/8/112 812/9/112 814/7/112
f 817/19/114 816/7/113 815/7/113
f 816/7/113 817/19/114 818/20/114
f 821/20/115 820/21/116 819/19/115
f 820/21/116 821/20/115 822/22/116
f 825/25/117 824/24/118 823/23/117
f 824/24/118 825/25/117 826/26/118
f 828/7/119 819/19/115 827/7/119
f 819/19/115 828/7/119 821/20/115
f 823/23/117 816/7/113 825/25/117
f 816/7/113 823/23/117 815/7/113
f 824/24/118 830/25/120 829/23/120
f 830/25/120 824/24/118 826/26/118
f 828/7/119 829/23/120 830/25/120
f 829/23/120 828/7/119 827/7/119
f 822/22/116 817/19/114 820/21/116
f 817/19/114 822/22/116 818/20/114
f 833/10/121 832/7/121 831/9/121
f 834/12/121 832/7/121 833/10/121
f 834/12/121 828/7/121 832/7/121
f 835/14/121 828/7/121 834/12/121
f 835/14/121 821/20/121 828/7/121
f 836/16/121 821/20/121 835/14/121
f 837/3/121 821/20/121 836/16/121
f 821/20/121 837/3/121 822/22/121
f 838/16/121 822/22/121 837/3/121
f 838/16/121 818/20/121 822/22/121
f 839/14/121 818/20/121 838/16/121
f 839/14/121 816/7/121 818/20/121
f 840/12/121 816/7/121 839/14/121
f 841/10/121 816/7/121 840/12/121
f 842/9/121 816/7/121 841/10/121
f 816/7/121 842/9/121 843/7/121
f 844/8/121 816/7/121 843/7/121
f 816/7/121 844/8/121 845/11/121
f 816/7/121 845/11/121 846/13/121
f 816/7/121 846/13/121 847/15/121
f 816/7/121 847/15/121 825/25/121
f 825/25/121 847/15/121 848/17/121
f 825/25/121 848/17/121 826/26/121
f 826/26/121 848/17/121 849/18/121
f 849/18/121 830/25/121 826/26/121
f 830/25/121 849/18/121 850/17/121
f 830/25/121 850/17/121 851/15/121
f 830/25/121 851/15/121 828/7/121
f 828/7/121 851/15/121 852/13/121
f 828/7/121 852/13/121 832/7/121
f 832/7/121 852/13/121 853/11/121
f 832/7/121 853/11/121 854/8/121
f 842/29/63 856/28/64 855/27/62
f 856/28/64 842/29/63 841/30/65
f 858/33/73 846/32/100 857/31/80
f 846/32/100 858/33/73 847/34/101
f 838/36/109 860/3/122 859/35/56
f 860/3/122 838/36/109 837/37/123
f 833/30/98 861/39/55 834/38/53
f 861/39/55 833/30/98 862/28/99
f 835/40/52 863/35/82 836/36/81
f 863/35/82 835/40/52 864/41/54
f 866/44/124 848/43/106 865/42/72
f 848/43/106 866/44/124 849/45/125
f 867/48/61 854/47/74 853/46/60
f 854/47/74 867/48/61 868/49/75
f 869/31/59 853/46/60 852/32/58
f 853/46/60 869/31/59 867/48/61
f 839/40/96 859/35/56 870/41/95
f 859/35/56 839/40/96 838/36/109
f 841/30/65 871/39/93 856/28/64
f 871/39/93 841/30/65 840/38/94
f 840/38/94 870/41/95 871/39/93
f 870/41/95 840/38/94 839/40/96
f 843/50/108 855/27/62 872/50/107
f 855/27/62 843/50/108 842/29/63
f 873/41/35 808/38/28 806/40/34
f 808/38/28 873/41/35 874/39/29
f 859/35/56 876/3/126 875/35/24
f 876/3/126 859/35/56 860/3/122
f 811/46/40 877/31/45 809/32/44
f 877/31/45 811/46/40 878/48/42
f 880/28/17 793/29/18 879/27/16
f 793/29/18 880/28/17 794/30/19
f 881/49/85 843/50/108 872/50/107
f 843/50/108 881/49/85 844/47/87
f 831/29/102 862/28/99 833/30/98
f 862/28/99 831/29/102 882/27/90
f 883/42/91 849/45/125 866/44/124
f 849/45/125 883/42/91 850/43/97
f 865/42/72 885/33/22 884/42/36
f 885/33/22 865/42/72 858/33/73
f 834/38/53 864/41/54 835/40/52
f 864/41/54 834/38/53 861/39/55
f 865/42/72 847/34/101 858/33/73
f 847/34/101 865/42/72 848/43/106
f 813/47/41 878/48/42 811/46/40
f 878/48/42 813/47/41 886/49/43
f 887/50/77 868/49/75 886/49/43
f 868/49/75 887/50/77 888/50/76
f 857/31/80 845/46/88 889/48/86
f 845/46/88 857/31/80 846/32/100
f 858/33/73 890/31/20 885/33/22
f 890/31/20 858/33/73 857/31/80
f 891/35/33 806/40/34 804/36/32
f 806/40/34 891/35/33 873/41/35
f 809/32/44 892/33/104 807/34/103
f 892/33/104 809/32/44 877/31/45
f 792/47/67 894/48/78 893/49/66
f 894/48/78 792/47/67 795/46/79
f 814/50/105 886/49/43 813/47/41
f 886/49/43 814/50/105 887/50/77
f 895/27/69 888/50/76 887/50/77
f 888/50/76 895/27/69 882/27/90
f 883/42/91 897/44/127 896/42/70
f 897/44/127 883/42/91 866/44/124
f 899/41/46 796/38/49 898/39/48
f 796/38/49 899/41/46 798/40/47
f 807/34/103 896/42/70 805/43/71
f 896/42/70 807/34/103 892/33/104
f 874/39/29 810/30/30 808/38/28
f 810/30/30 874/39/29 900/28/31
f 797/32/21 885/33/22 890/31/20
f 885/33/22 797/32/21 799/34/23
f 866/44/124 884/42/36 897/44/127
f 884/42/36 866/44/124 865/42/72
f 878/48/42 869/31/59 877/31/45
f 869/31/59 878/48/42 867/48/61
f 874/39/29 862/28/99 900/28/31
f 862/28/99 874/39/29 861/39/55
f 895/27/69 814/50/105 812/29/68
f 814/50/105 895/27/69 887/50/77
f 883/42/91 851/34/83 850/43/97
f 851/34/83 883/42/91 901/33/84
f 860/3/122 891/35/33 876/3/126
f 891/35/33 860/3/122 863/35/82
f 836/36/81 860/3/122 837/37/123
f 860/3/122 836/36/81 863/35/82
f 889/48/86 844/47/87 881/49/85
f 844/47/87 889/48/86 845/46/88
f 832/50/89 882/27/90 831/29/102
f 882/27/90 832/50/89 888/50/76
f 856/28/64 879/27/16 855/27/62
f 879/27/16 856/28/64 880/28/17
f 799/34/23 884/42/36 885/33/22
f 884/42/36 799/34/23 801/43/37
f 864/41/54 874/39/29 873/41/35
f 874/39/29 864/41/54 861/39/55
f 872/50/107 893/49/66 881/49/85
f 893/49/66 872/50/107 902/50/50
f 901/33/84 852/32/58 851/34/83
f 852/32/58 901/33/84 869/31/59
f 791/50/51 893/49/66 902/50/50
f 893/49/66 791/50/51 792/47/67
f 855/27/62 902/50/50 872/50/107
f 902/50/50 855/27/62 879/27/16
f 898/39/48 794/30/19 880/28/17
f 794/30/19 898/39/48 796/38/49
f 881/49/85 894/48/78 889/48/86
f 894/48/78 881/49/85 893/49/66
f 868/49/75 832/50/89 854/47/74
f 832/50/89 868/49/75 888/50/76
f 901/33/84 896/42/70 892/33/104
f 896/42/70 901/33/84 883/42/91
f 889/48/86 890/31/20 857/31/80
f 890/31/20 889/48/86 894/48/78
f 870/41/95 875/35/24 899/41/46
f 875/35/24 870/41/95 859/35/56
f 869/31/59 892/33/104 877/31/45
f 892/33/104 869/31/59 901/33/84
f 876/3/126 800/36/26 875/35/24
f 800/36/26 876/3/126 802/37/128
f 801/43/37 897/44/127 884/42/36
f 897/44/127 801/43/37 803/45/129
f 795/46/79 890/31/20 894/48/78
f 890/31/20 795/46/79 797/32/21
f 900/28/31 882/27/90 895/27/69
f 882/27/90 900/28/31 862/28/99
f 875/35/24 798/40/47 899/41/46
f 798/40/47 875/35/24 800/36/26
f 900/28/31 812/29/68 810/30/30
f 812/29/68 900/28/31 895/27/69
f 863/35/82 873/41/35 891/35/33
f 873/41/35 863/35/82 864/41/54
f 805/43/71 897/44/127 803/45/129
f 897/44/127 805/43/71 896/42/70
f 879/27/16 791/50/51 902/50/50
f 791/50/51 879/27/16 793/29/18
f 886/49/43 867/48/61 878/48/42
f 867/48/61 886/49/43 868/49/75
f 871/39/93 899/41/46 898/39/48
f 899/41/46 871/39/93 870/41/95
f 891/35/33 802/37/128 876/3/126
f 802/37/128 891/35/33 804/36/32
f 871/39/93 880/28/17 856/28/64
f 880/28/17 871/39/93 898/39/48
f 905/51/130 904/51/131 903/51/130
f 904/51/131 905/51/130 906/51/131
f 909/52/132 908/52/132 907/52/132
f 908/52/132 909/52/132 910/52/132
f 912/53/133 908/52/1 911/53/133
f 908/52/1 912/53/133 907/52/1
f 914/54/134 903/51/130 913/54/134
f 903/51/130 914/54/134 905/51/130
f 914/54/134 912/53/133 911/53/133
f 912/53/133 914/54/134 913/54/134
f 909/52/3 906/51/3 910/52/3
f 906/51/3 909/52/3 904/51/3
f 912/53/2 909/52/2 907/52/2
f 909/52/2 912/53/2 904/51/2
f 904/51/2 912/53/2 913/54/2
f 904/51/2 913/54/2 903/51/2
f 906/51/135 908/52/135 910/52/135
f 908/52/135 906/51/135 911/53/135
f 911/53/135 906/51/135 914/54/135
f 914/54/135 906/51/135 905/51/135
f 917/51/2 916/52/2 915/52/2
f 916/52/2 917/51/2 918/53/2
f 918/53/2 917/51/2 919/54/2
f 919/54/2 917/51/2 920/51/2
f 922/53/137 919/54/136 921/54/136
f 919/54/136 922/53/137 918/53/137
f 923/51/138 919/54/136 920/51/138
f 919/54/136 923/51/138 921/54/136
f 917/51/1 925/52/1 924/51/1
f 925/52/1 917/51/1 915/52/1
f 916/52/132 925/52/132 915/52/132
f 925/52/132 916/52/132 926/52/132
f 922/53/135 925/52/135 926/52/135
f 925/52/135 922/53/135 924/51/135
f 924/51/135 922/53/135 921/54/135
f 924/51/135 921/54/135 923/51/135
f 916/52/3 922/53/137 926/52/3
f 922/53/137 916/52/3 918/53/137
f 924/51/131 920/51/138 917/51/131
f 920/51/138 924/51/131 923/51/138
f 929/52/140 928/55/139 927/55/139
f 928/55/139 929/52/140 930/52/140
f 927/55/139 932/51/3 931/51/3
f 932/51/3 927/55/139 928/55/139
f 934/52/141 929/52/140 933/52/141
f 929/52/140 934/52/141 930/52/140
f 934/52/141 936/52/142 935/52/142
f 936/52/142 934/52/141 933/52/141
f 935/52/142 938/52/143 937/52/143
f 938/52/143 935/52/142 936/52/142
f 940/55/144 938/52/143 939/55/144
f 938/52/143 940/55/144 937/52/143
f 942/51/1 939/55/144 941/51/1
f 939/55/144 942/51/1 940/55/144
f 929/52/135 936/52/135 933/52/135
f 936/52/135 929/52/135 938/52/135
f 938/52/135 929/52/135 927/55/135
f 938/52/135 927/55/135 939/55/135
f 939/55/135 927/55/135 931/51/135
f 939/55/135 931/51/135 941/51/135
f 935/52/2 930/52/2 934/52/2
f 930/52/2 935/52/2 937/52/2
f 930/52/2 937/52/2 928/55/2
f 928/55/2 937/52/2 940/55/2
f 928/55/2 940/55/2 932/51/2
f 932/51/2 940/55/2 942/51/2
f 945/51/145 944/52/145 943/52/145
f 944/52/145 945/51/145 946/51/145
f 949/51/146 948/52/147 947/52/146
f 948/52/147 949/51/146 950/51/147
f 951/52/149 945/51/148 943/52/148
f 945/51/148 951/52/149 952/51/149
f 951/52/149 953/51/150 952/51/149
f 953/51/150 951/52/149 954/52/150
f 946/51/151 947/52/146 944/52/151
f 947/52/146 946/51/151 949/51/146
f 950/51/131 956/51/131 955/51/131
f 956/51/131 950/51/131 949/51/131
f 956/51/131 949/51/131 946/51/131
f 956/51/131 946/51/131 945/51/131
f 956/51/131 945/51/131 952/51/131
f 956/51/131 952/51/131 953/51/131
f 958/52/132 948/52/132 957/52/132
f 948/52/132 958/52/132 947/52/132
f 947/52/132 958/52/132 944/52/132
f 944/52/132 958/52/132 943/52/132
f 943/52/132 958/52/132 951/52/132
f 951/52/132 958/52/132 954/52/132
f 955/51/152 958/52/152 957/52/152
f 958/52/152 955/51/152 956/51/152
f 954/52/150 956/51/153 953/51/150
f 956/51/153 954/52/150 958/52/153
f 950/51/147 957/52/154 948/52/147
f 957/52/154 950/51/147 955/51/154
f 961/51/155 960/52/156 959/52/155
f 960/52/156 961/51/155 962/51/156
f 965/51/157 964/52/157 963/52/157
f 964/52/157 965/51/157 966/51/157
f 968/51/158 959/52/155 967/52/158
f 959/52/155 968/51/158 961/51/155
f 969/52/160 965/51/159 963/52/159
f 965/51/159 969/52/160 970/51/160
f 969/52/160 962/51/156 970/51/160
f 962/51/156 969/52/160 960/52/156
f 966/51/161 967/52/158 964/52/161
f 967/52/158 966/51/161 968/51/158
f 968/51/131 962/51/131 961/51/131
f 962/51/131 968/51/131 966/51/131
f 962/51/131 966/51/131 965/51/131
f 962/51/131 965/51/131 970/51/131
f 960/52/132 967/52/132 959/52/132
f 967/52/132 960/52/132 964/52/132
f 964/52/132 960/52/132 963/52/132
f 963/52/132 960/52/132 969/52/132
f 973/51/163 972/51/162 971/51/162
f 972/51/162 973/51/163 974/51/163
f 977/56/164 976/52/164 975/52/164
f 976/52/164 977/56/164 971/51/164
f 971/51/164 977/56/164 973/51/164
f 972/51/165 979/52/165 978/52/165
f 979/52/165 972/51/165 980/56/165
f 980/56/165 972/51/165 974/51/165
f 979/52/166 977/56/167 975/52/166
f 977/56/167 979/52/166 980/56/167
f 977/56/167 974/51/163 973/51/163
f 974/51/163 977/56/167 980/56/167
f 972/51/168 976/52/168 971/51/168
f 976/52/168 972/51/168 978/52/168
f 983/57/131 982/57/131 981/57/131
f 982/57/131 983/57/131 984/57/131
f 982/57/2 986/58/2 985/58/2
f 986/58/2 982/57/2 984/57/2
f 987/59/169 983/57/135 981/57/135
f 983/57/135 987/59/169 988/59/169
f 987/59/169 989/58/170 988/59/169
f 989/58/170 987/59/169 990/58/170
f 990/58/170 986/58/132 989/58/170
f 986/58/132 990/58/170 985/58/132
f 982/57/1 987/59/1 981/57/1
f 987/59/1 982/57/1 990/58/1
f 990/58/1 982/57/1 985/58/1
f 989/58/3 983/57/3 988/59/3
f 983/57/3 989/58/3 984/57/3
f 984/57/3 989/58/3 986/58/3
f 993/57/171 992/58/171 991/58/171
f 992/58/171 993/57/171 994/57/171
f 997/57/131 996/57/131 995/57/131
f 996/57/131 997/57/131 998/57/131
f 996/57/2 915/58/2 909/58/2
f 915/58/2 996/57/2 998/57/2
f 999/59/169 997/57/135 995/57/135
f 997/57/135 999/59/169 1000/59/169
f 999/59/169 1001/58/170 1000/59/169
f 1001/58/170 999/59/169 1002/58/170
f 1002/58/170 915/58/132 1001/58/170
f 915/58/132 1002/58/170 909/58/132
f 996/57/1 999/59/1 995/57/1
f 999/59/1 996/57/1 1002/58/1
f 1002/58/1 996/57/1 909/58/1
f 1001/58/3 997/57/3 1000/59/3
f 997/57/3 1001/58/3 998/57/3
f 998/57/3 1001/58/3 915/58/3
f 1005/57/171 1004/58/171 1003/58/171
f 1004/58/171 1005/57/171 1006/57/171
f 1009/61/1 1008/60/1 1007/60/1
f 1009/61/1 1010/62/1 1008/60/1
f 1011/61/1 1010/62/1 1009/61/1
f 1010/62/1 1011/61/1 1012/63/1
f 1013/64/1 1012/63/1 1011/61/1
f 1012/63/1 1013/64/1 1014/65/1
f 1014/65/1 1013/64/1 1015/64/1
f 1014/65/1 1015/64/1 1016/65/1
f 1016/65/1 1015/64/1 1017/66/1
f 1018/64/131 1015/64/172 1013/64/131
f 1015/64/172 1018/64/131 1019/64/172
f 1020/61/135 1013/64/135 1011/61/135
f 1013/64/135 1020/61/135 1018/64/135
f 1021/61/132 1011/61/132 1009/61/132
f 1011/61/132 1021/61/132 1020/61/132
f 1019/64/172 1017/66/5 1015/64/172
f 1017/66/5 1019/64/172 1022/66/5
f 1007/60/2 1021/61/2 1009/61/2
f 1021/61/2 1007/60/2 1023/60/2
f 1023/60/2 1007/60/2 1024/60/2
f 1024/60/2 1007/60/2 1016/65/2
f 1025/60/2 1023/60/2 1024/60/2
f 1024/60/2 1016/65/2 1026/65/2
f 1023/60/2 1025/60/2 1027/65/2
f 1026/65/2 1016/65/2 1017/66/2
f 1027/65/2 1025/60/2 1028/65/2
f 1026/65/2 1017/66/2 1028/65/2
f 1027/65/2 1028/65/2 1022/66/2
f 1022/66/2 1028/65/2 1017/66/2
f 1029/60/3 1021/61/3 1023/60/3
f 1030/62/3 1021/61/3 1029/60/3
f 1030/62/3 1020/61/3 1021/61/3
f 1020/61/3 1030/62/3 1018/64/3
f 1031/63/3 1018/64/3 1030/62/3
f 1032/65/3 1018/64/3 1031/63/3
f 1018/64/3 1032/65/3 1019/64/3
f 1019/64/3 1032/65/3 1027/65/3
f 1019/64/3 1027/65/3 1022/66/3
f 1034/64/173 993/64/131 1033/64/173
f 993/64/131 1034/64/173 994/64/131
f 991/61/132 1036/61/174 1035/61/174
f 1036/61/174 991/61/132 992/61/132
f 1038/67/175 1033/64/173 1037/67/175
f 1033/64/173 1038/67/175 1034/64/173
f 1035/61/174 1040/68/176 1039/68/176
f 1040/68/176 1035/61/174 1036/61/174
f 1038/67/175 1039/68/176 1040/68/176
f 1039/68/176 1038/67/175 1037/67/175
f 1033/64/112 1039/68/112 1037/67/112
f 1039/68/112 1033/64/112 1035/61/112
f 1035/61/112 1033/64/112 993/64/112
f 1035/61/112 993/64/112 991/61/112
f 1036/61/121 1038/67/121 1040/68/121
f 1038/67/121 1036/61/121 1034/64/121
f 1034/64/121 1036/61/121 992/61/121
f 1034/64/121 992/61/121 994/64/121
f 1042/64/173 1005/64/131 1041/64/173
f 1005/64/131 1042/64/173 1006/64/131
f 1003/61/132 1044/61/174 1043/61/174
f 1044/61/174 1003/61/132 1004/61/132
f 1046/67/175 1041/64/173 1045/67/175
f 1041/64/173 1046/67/175 1042/64/173
f 1043/61/174 1048/68/176 1047/68/176
f 1048/68/176 1043/61/174 1044/61/174
f 1046/67/175 1047/68/176 1048/68/176
f 1047/68/176 1046/67/175 1045/67/175
f 1041/64/112 1047/68/112 1045/67/112
f 1047/68/112 1041/64/112 1043/61/112
f 1043/61/112 1041/64/112 1005/64/112
f 1043/61/112 1005/64/112 1003/61/112
f 1044/61/121 1046/67/121 1048/68/121
f 1046/67/121 1044/61/121 1042/64/121
f 1042/64/121 1044/61/121 1004/61/121
f 1042/64/121 1004/61/121 1006/64/121
f 1050/61/3 20/69/3 1049/69/3
f 20/69/3 1050/61/3 18/61/3
f 19/69/1 1052/61/1 1051/69/1
f 1052/61/1 19/69/1 17/61/1
f 1053/69/3 22/70/3 27/64/3
f 22/70/3 1053/69/3 21/69/3
f 1053/69/135 28/64/135 1049/69/135
f 28/64/135 1053/69/135 27/64/135
f 21/69/132 1049/69/132 20/69/132
f 1049/69/132 21/69/132 1053/69/132
f 24/70/1 1054/69/1 26/64/1
f 1054/69/1 24/70/1 23/69/1
f 19/69/132 1054/69/132 23/69/132
f 1054/69/132 19/69/132 1051/69/132
f 25/64/135 1054/69/135 1051/69/135
f 1054/69/135 25/64/135 26/64/135
f 1058/74/177 1060/73/181 62/76/177
f 67/77/181 62/76/177 1060/73/181
f 1055/71/179 1057/73/178 53/71/179
f 61/77/178 53/71/179 1057/73/178
f 1059/75/183 1056/72/180 58/79/183
f 55/78/180 58/79/183 1056/72/180
f 1061/72/184 57/78/184 1062/71/182
f 65/71/182 1062/71/182 57/78/184
f 1061/72/184 1059/75/183 57/78/184
f 58/79/183 57/78/184 1059/75/183
f 1062/71/182 65/71/182 1060/73/181
f 67/77/181 1060/73/181 65/71/182
f 55/78/180 1056/72/180 53/71/179
f 1055/71/179 53/71/179 1056/72/180
f 1057/73/178 1058/74/177 61/77/178
f 62/76/177 61/77/178 1058/74/177
f 1062/71/15 1060/73/15 1061/72/15
f 1061/72/15 1060/73/15 1059/75/15
f 1060/73/15 1058/74/15 1059/75/15
f 1059/75/15 1058/74/15 1056/72/15
f 1058/74/15 1057/73/15 1056/72/15
f 1055/71/15 1056/72/15 1057/73/15
f 1065/73/121 1064/72/121 1063/71/121
f 1064/72/121 1065/73/121 1066/74/121
f 1064/72/121 1066/74/121 1067/75/121
f 1067/75/121 1066/74/121 1068/73/121
f 1067/75/121 1068/73/121 1069/72/121
f 1069/72/121 1068/73/121 1070/71/121
f 1066/74/185 173/77/186 174/76/185
f 173/77/186 1066/74/185 1065/73/186
f 1064/72/188 165/71/187 1063/71/187
f 165/71/187 1064/72/188 167/78/188
f 177/71/190 1068/73/189 179/77/189
f 1068/73/189 177/71/190 1070/71/190
f 170/79/192 1069/72/191 169/78/191
f 1069/72/191 170/79/192 1067/75/192
f 169/78/191 1070/71/190 177/71/190
f 1070/71/190 169/78/191 1069/72/191
f 1064/72/188 170/79/192 167/78/188
f 170/79/192 1064/72/188 1067/75/192
f 1065/73/186 165/71/187 173/77/186
f 165/71/187 1065/73/186 1063/71/187
f 1068/73/189 174/76/185 179/77/189
f 174/76/185 1068/73/189 1066/74/185
f 1073/73/121 1072/72/121 1071/71/121
f 1072/72/121 1073/73/121 1074/74/121
f 1072/72/121 1074/74/121 1075/75/121
f 1075/75/121 1074/74/121 1076/73/121
f 1075/75/121 1076/73/121 1077/72/121
f 1077/72/121 1076/73/121 1078/71/121
f 1074/74/185 285/77/186 286/76/185
f 285/77/186 1074/74/185 1073/73/186
f 1072/72/188 277/71/187 1071/71/187
f 277/71/187 1072/72/188 279/78/188
f 289/71/190 1076/73/189 291/77/189
f 1076/73/189 289/71/190 1078/71/190
f 282/79/192 1077/72/191 281/78/191
f 1077/72/191 282/79/192 1075/75/192
f 281/78/191 1078/71/190 289/71/190
f 1078/71/190 281/78/191 1077/72/191
f 1072/72/188 282/79/192 279/78/188
f 282/79/192 1072/72/188 1075/75/192
f 1073/73/186 277/71/187 285/77/186
f 277/71/187 1073/73/186 1071/71/187
f 1076/73/189 286/76/185 291/77/189
f 286/76/185 1076/73/189 1074/74/185
f 304/82/63 1080/81/64 1079/80/62
f 1080/81/64 304/82/63 303/83/65
f 300/85/109 1082/64/122 1081/84/56
f 1082/64/122 300/85/109 299/86/123
f 295/83/98 1083/88/55 296/87/53
f 1083/88/55 295/83/98 1084/81/99
f 297/89/52 1085/84/82 298/85/81
f 1085/84/82 297/89/52 1086/90/54
f 301/89/96 1081/84/56 1087/90/95
f 1081/84/56 301/89/96 300/85/109
f 303/83/65 1088/88/93 1080/81/64
f 1088/88/93 303/83/65 302/87/94
f 302/87/94 1087/90/95 1088/88/93
f 1087/90/95 302/87/94 301/89/96
f 305/91/108 1079/80/62 330/91/107
f 1079/80/62 305/91/108 304/82/63
f 1081/84/56 353/64/126 352/84/24
f 353/64/126 1081/84/56 1082/64/122
f 293/82/102 1084/81/99 295/83/98
f 1084/81/99 293/82/102 1089/80/90
f 296/87/53 1086/90/54 297/89/52
f 1086/90/54 296/87/53 1083/88/55
f 349/80/69 337/91/76 336/91/77
f 337/91/76 349/80/69 1089/80/90
f 325/88/29 1084/81/99 348/81/31
f 1084/81/99 325/88/29 1083/88/55
f 1082/64/122 340/84/33 353/64/126
f 340/84/33 1082/64/122 1085/84/82
f 298/85/81 1082/64/122 299/86/123
f 1082/64/122 298/85/81 1085/84/82
f 294/91/89 1089/80/90 293/82/102
f 1089/80/90 294/91/89 337/91/76
f 1080/81/64 328/80/16 1079/80/62
f 328/80/16 1080/81/64 329/81/17
f 1086/90/54 325/88/29 324/90/35
f 325/88/29 1086/90/54 1083/88/55
f 1079/80/62 351/91/50 330/91/107
f 351/91/50 1079/80/62 328/80/16
f 347/90/46 1081/84/56 352/84/24
f 1081/84/56 347/90/46 1087/90/95
f 348/81/31 1089/80/90 349/80/69
f 1089/80/90 348/81/31 1084/81/99
f 340/84/33 1086/90/54 324/90/35
f 1086/90/54 340/84/33 1085/84/82
f 1088/88/93 347/90/46 346/88/48
f 347/90/46 1088/88/93 1087/90/95
f 1088/88/93 329/81/17 1080/81/64
f 329/81/17 1088/88/93 346/88/48
f 1092/73/121 1091/72/121 1090/71/121
f 1091/72/121 1092/73/121 1093/74/121
f 1091/72/121 1093/74/121 1094/75/121
f 1094/75/121 1093/74/121 1095/73/121
f 1094/75/121 1095/73/121 1096/72/121
f 1096/72/121 1095/73/121 1097/71/121
f 1093/74/185 388/77/186 386/76/185
f 388/77/186 1093/74/185 1092/73/186
f 1091/72/188 378/71/187 1090/71/187
f 378/71/187 1091/72/188 380/78/188
f 390/71/190 1095/73/189 392/77/189
f 1095/73/189 390/71/190 1097/71/190
f 1094/75/192 382/78/191 383/79/192
f 382/78/191 1094/75/192 1096/72/191
f 382/78/191 1097/71/190 390/71/190
f 1097/71/190 382/78/191 1096/72/191
f 380/78/188 1094/75/192 383/79/192
f 1094/75/192 380/78/188 1091/72/188
f 1092/73/186 378/71/187 388/77/186
f 378/71/187 1092/73/186 1090/71/187
f 1095/73/189 386/76/185 392/77/189
f 386/76/185 1095/73/189 1093/74/185
f 1101/74/177 1103/73/181 499/76/177
f 504/77/181 499/76/177 1103/73/181
f 1098/71/179 1100/73/178 490/71/179
f 498/77/178 490/71/179 1100/73/178
f 1102/75/183 1099/72/180 495/79/183
f 492/78/180 495/79/183 1099/72/180
f 1104/72/184 494/78/184 1105/71/182
f 502/71/182 1105/71/182 494/78/184
f 1104/72/184 1102/75/183 494/78/184
f 495/79/183 494/78/184 1102/75/183
f 1105/71/182 502/71/182 1103/73/181
f 504/77/181 1103/73/181 502/71/182
f 492/78/180 1099/72/180 490/71/179
f 1098/71/179 490/71/179 1099/72/180
f 1100/73/178 1101/74/177 498/77/178
f 499/76/177 498/77/178 1101/74/177
f 1105/71/15 1103/73/15 1104/72/15
f 1104/72/15 1103/73/15 1102/75/15
f 1103/73/15 1101/74/15 1102/75/15
f 1102/75/15 1101/74/15 1099/72/15
f 1101/74/15 1100/73/15 1099/72/15
f 1098/71/15 1099/72/15 1100/73/15
f 1109/74/177 1111/73/181 611/76/177
f 616/77/181 611/76/177 1111/73/181
f 1106/71/179 1108/73/178 602/71/179
f 610/77/178 602/71/179 1108/73/178
f 1110/75/183 1107/72/180 607/79/183
f 604/78/180 607/79/183 1107/72/180
f 1112/72/184 606/78/184 1113/71/182
f 614/71/182 1113/71/182 606/78/184
f 1112/72/184 1110/75/183 606/78/184
f 607/79/183 606/78/184 1110/75/183
f 1113/71/182 614/71/182 1111/73/181
f 616/77/181 1111/73/181 614/71/182
f 604/78/180 1107/72/180 602/71/179
f 1106/71/179 602/71/179 1107/72/180
f 1108/73/178 1109/74/177 610/77/178
f 611/76/177 610/77/178 1109/74/177
f 1113/71/15 1111/73/15 1112/72/15
f 1112/72/15 1111/73/15 1110/75/15
f 1111/73/15 1109/74/15 1110/75/15
f 1110/75/15 1109/74/15 1107/72/15
f 1109/74/15 1108/73/15 1107/72/15
f 1106/71/15 1107/72/15 1108/73/15
f 671/88/93 1123/88/48 654/81/64
f 1115/81/17 654/81/64 1123/88/48
f 1122/90/46 1123/88/48 672/90/95
f 671/88/93 672/90/95 1123/88/48
f 1120/84/33 665/84/82 1121/90/35
f 649/90/54 1121/90/35 665/84/82
f 1119/81/31 673/81/99 1124/80/69
f 674/80/90 1124/80/69 673/81/99
f 1122/90/46 672/90/95 1116/84/24
f 677/84/56 1116/84/24 672/90/95
f 653/80/62 1114/80/16 676/91/107
f 655/91/50 676/91/107 1114/80/16
f 1121/90/35 649/90/54 1118/88/29
f 650/88/55 1118/88/29 649/90/54
f 654/81/64 1115/81/17 653/80/62
f 1114/80/16 653/80/62 1115/81/17
f 662/91/77 619/91/105 1124/80/69
f 618/82/68 1124/80/69 619/91/105
f 623/85/32 624/86/27 1120/84/33
f 1117/64/25 1120/84/33 624/86/27
f 1120/84/33 1117/64/25 665/84/82
f 678/64/57 665/84/82 1117/64/25
f 1118/88/29 650/88/55 1119/81/31
f 673/81/99 1119/81/31 650/88/55
f 1124/80/69 674/80/90 662/91/77
f 661/91/76 662/91/77 674/80/90
f 1118/88/29 621/87/28 1121/90/35
f 622/89/34 1121/90/35 621/87/28
f 1124/80/69 618/82/68 1119/81/31
f 620/83/30 1119/81/31 618/82/68
f 1117/64/25 1116/84/24 678/64/57
f 677/84/56 678/64/57 1116/84/24
f 629/82/18 630/91/51 1114/80/16
f 655/91/50 1114/80/16 630/91/51
f 626/89/47 627/87/49 1122/90/46
f 1123/88/48 1122/90/46 627/87/49
f 627/87/49 628/83/19 1123/88/48
f 1115/81/17 1123/88/48 628/83/19
f 625/85/26 626/89/47 1116/84/24
f 1122/90/46 1116/84/24 626/89/47
f 1121/90/35 622/89/34 1120/84/33
f 623/85/32 1120/84/33 622/89/34
f 1119/81/31 620/83/30 1118/88/29
f 621/87/28 1118/88/29 620/83/30
f 624/86/27 625/85/26 1117/64/25
f 1116/84/24 1117/64/25 625/85/26
f 628/83/19 629/82/18 1115/81/17
f 1114/80/16 1115/81/17 629/82/18
f 1128/74/177 1130/73/181 712/76/177
f 717/77/181 712/76/177 1130/73/181
f 1125/71/179 1127/73/178 703/71/179
f 711/77/178 703/71/179 1127/73/178
f 1129/75/183 1126/72/180 708/79/183
f 705/78/180 708/79/183 1126/72/180
f 1131/72/184 707/78/184 1132/71/182
f 715/71/182 1132/71/182 707/78/184
f 1131/72/184 1129/75/183 707/78/184
f 708/79/183 707/78/184 1129/75/183
f 1132/71/182 715/71/182 1130/73/181
f 717/77/181 1130/73/181 715/71/182
f 705/78/180 1126/72/180 703/71/179
f 1125/71/179 703/71/179 1126/72/180
f 1127/73/178 1128/74/177 711/77/178
f 712/76/177 711/77/178 1128/74/177
f 1132/71/15 1130/73/15 1131/72/15
f 1131/72/15 1130/73/15 1129/75/15
f 1130/73/15 1128/74/15 1129/75/15
f 1129/75/15 1128/74/15 1126/72/15
f 1128/74/15 1127/73/15 1126/72/15
f 1125/71/15 1126/72/15 1127/73/15
f 1135/73/121 1134/72/121 1133/71/121
f 1134/72/121 1135/73/121 1136/74/121
f 1134/72/121 1136/74/121 1137/75/121
f 1137/75/121 1136/74/121 1138/73/121
f 1137/75/121 1138/73/121 1139/72/121
f 1139/72/121 1138/73/121 1140/71/121
f 1136/74/185 823/77/186 824/76/185
f 823/77/186 1136/74/185 1135/73/186
f 1134/72/188 815/71/187 1133/71/187
f 815/71/187 1134/72/188 817/78/188
f 827/71/190 1138/73/189 829/77/189
f 1138/73/189 827/71/190 1140/71/190
f 820/79/192 1139/72/191 819/78/191
f 1139/72/191 820/79/192 1137/75/192
f 819/78/191 1140/71/190 827/71/190
f 1140/71/190 819/78/191 1139/72/191
f 1134/72/188 820/79/192 817/78/188
f 820/79/192 1134/72/188 1137/75/192
f 1135/73/186 815/71/187 823/77/186
f 815/71/187 1135/73/186 1133/71/187
f 1138/73/189 824/76/185 829/77/189
f 824/76/185 1138/73/189 1136/74/185
f 1143/92/132 1142/92/174 1141/92/132
f 1142/92/174 1143/92/132 1144/92/174
f 1147/93/193 1146/94/112 1145/93/193
f 1146/94/112 1147/93/193 1142/92/112
f 1142/92/112 1147/93/193 1141/92/112
f 1144/92/121 1149/93/194 1148/94/121
f 1149/93/194 1144/92/121 1150/93/194
f 1150/93/194 1144/92/121 1143/92/121
f 1153/95/195 1152/95/196 1151/95/195
f 1152/95/196 1153/95/195 1154/95/196
f 1145/93/193 1151/95/195 1147/93/193
f 1151/95/195 1145/93/193 1153/95/195
f 1149/93/194 1152/95/196 1154/95/196
f 1152/95/196 1149/93/194 1150/93/194
f 1147/93/171 1143/92/171 1141/92/171
f 1143/92/171 1147/93/171 1150/93/171
f 1150/93/171 1147/93/171 1151/95/171
f 1150/93/171 1151/95/171 1152/95/171
f 1149/93/157 1146/94/176 1148/94/176
f 1146/94/176 1149/93/157 1145/93/157
f 1145/93/157 1149/93/157 1154/95/157
f 1145/93/157 1154/95/157 1153/95/157
f 1144/92/174 1146/94/176 1142/92/174
f 1146/94/176 1144/92/174 1148/94/176

g truck-a




usemtl colormap

f 3/3/1 2/2/1 1/1/1
f 2/2/1 3/3/1 4/4/1
f 4/4/1 3/3/1 5/3/1
f 4/4/1 5/3/1 6/4/1
f 9/3/2 8/4/2 7/4/2
f 8/4/2 9/3/2 10/3/2
f 13/4/3 12/1/3 11/2/3
f 12/1/3 13/4/3 14/3/3
f 14/3/3 13/4/3 15/4/3
f 14/3/3 15/4/3 16/3/3
f 19/5/2 18/4/2 17/4/2
f 18/4/2 19/5/2 20/5/2
f 20/5/2 19/5/2 21/5/2
f 21/5/2 19/5/2 22/6/4
f 22/6/4 19/5/2 23/5/2
f 22/6/4 23/5/2 24/6/4
f 26/3/5 25/3/5 24/6/4
f 27/3/5 24/6/4 25/3/5
f 27/3/5 25/3/5 28/3/5
f 24/6/4 27/3/5 22/6/4
f 92/8/15 91/11/15 70/7/15
f 91/11/15 90/13/15 70/7/15
f 70/7/15 90/13/15 66/7/15
f 90/13/15 89/15/15 66/7/15
f 66/7/15 89/15/15 68/25/15
f 89/15/15 88/17/15 68/25/15
f 88/17/15 87/18/15 68/25/15
f 64/26/15 68/25/15 87/18/15
f 87/18/15 86/17/15 64/26/15
f 64/26/15 86/17/15 63/25/15
f 86/17/15 85/15/15 63/25/15
f 63/25/15 85/15/15 54/7/15
f 85/15/15 84/13/15 54/7/15
f 84/13/15 83/11/15 54/7/15
f 83/11/15 82/8/15 54/7/15
f 81/7/15 54/7/15 82/8/15
f 81/7/15 80/9/15 54/7/15
f 79/10/15 54/7/15 80/9/15
f 78/12/15 54/7/15 79/10/15
f 77/14/15 54/7/15 78/12/15
f 56/20/15 54/7/15 77/14/15
f 76/16/15 56/20/15 77/14/15
f 60/22/15 56/20/15 76/16/15
f 75/3/15 60/22/15 76/16/15
f 60/22/15 75/3/15 59/20/15
f 74/16/15 59/20/15 75/3/15
f 73/14/15 59/20/15 74/16/15
f 66/7/15 59/20/15 73/14/15
f 72/12/15 66/7/15 73/14/15
f 70/7/15 66/7/15 72/12/15
f 71/10/15 70/7/15 72/12/15
f 69/9/15 70/7/15 71/10/15
f 56/20/8 60/22/10 55/19/8
f 58/21/10 55/19/8 60/22/10
f 65/7/13 66/7/13 67/23/14
f 68/25/14 67/23/14 66/7/13
f 68/25/14 64/26/12 67/23/14
f 62/24/12 67/23/14 64/26/12
f 53/7/7 61/23/11 54/7/7
f 63/25/11 54/7/7 61/23/11
f 59/20/9 66/7/13 57/19/9
f 65/7/13 57/19/9 66/7/13
f 64/26/12 63/25/11 62/24/12
f 61/23/11 62/24/12 63/25/11
f 60/22/10 59/20/9 58/21/10
f 57/19/9 58/21/10 59/20/9
f 56/20/8 55/19/8 54/7/7
f 53/7/7 54/7/7 55/19/8
f 52/7/6 50/9/6 51/8/6
f 51/8/6 50/9/6 49/11/6
f 50/9/6 48/10/6 49/11/6
f 49/11/6 48/10/6 47/13/6
f 48/10/6 46/12/6 47/13/6
f 47/13/6 46/12/6 45/15/6
f 46/12/6 44/14/6 45/15/6
f 45/15/6 44/14/6 43/17/6
f 44/14/6 42/16/6 43/17/6
f 43/17/6 42/16/6 41/18/6
f 42/16/6 40/3/6 41/18/6
f 41/18/6 40/3/6 39/17/6
f 40/3/6 38/16/6 39/17/6
f 39/17/6 38/16/6 37/15/6
f 38/16/6 36/14/6 37/15/6
f 37/15/6 36/14/6 35/13/6
f 36/14/6 34/12/6 35/13/6
f 35/13/6 34/12/6 33/11/6
f 34/12/6 32/10/6 33/11/6
f 33/11/6 32/10/6 30/8/6
f 32/10/6 31/9/6 30/8/6
f 29/7/6 30/8/6 31/9/6
f 136/39/93 109/39/48 118/28/64
f 94/28/17 118/28/64 109/39/48
f 42/36/81 129/35/82 40/37/110
f 114/3/57 40/37/110 129/35/82
f 108/41/46 109/39/48 137/41/95
f 136/39/93 137/41/95 109/39/48
f 106/49/43 124/49/75 105/48/42
f 116/48/61 105/48/42 124/49/75
f 31/29/63 117/27/62 29/50/108
f 140/50/107 29/50/108 117/27/62
f 134/42/91 43/43/97 135/44/92
f 41/45/111 135/44/92 43/43/97
f 102/41/35 101/35/33 111/41/54
f 129/35/82 111/41/54 101/35/33
f 133/27/90 138/28/99 50/29/102
f 48/30/98 50/29/102 138/28/99
f 38/36/109 113/35/56 36/40/96
f 137/41/95 36/40/96 113/35/56
f 100/28/31 138/28/99 120/27/69
f 133/27/90 120/27/69 138/28/99
f 35/32/100 33/46/88 128/31/80
f 132/48/86 128/31/80 33/46/88
f 41/45/111 39/43/106 135/44/92
f 122/42/72 135/44/92 39/43/106
f 40/37/110 114/3/57 38/36/109
f 113/35/56 38/36/109 114/3/57
f 139/33/104 107/31/45 130/33/84
f 115/31/59 130/33/84 107/31/45
f 97/35/24 108/41/46 113/35/56
f 137/41/95 113/35/56 108/41/46
f 132/48/86 127/48/78 128/31/80
f 95/31/20 128/31/80 127/48/78
f 121/42/70 139/33/104 134/42/91
f 130/33/84 134/42/91 139/33/104
f 126/50/77 106/49/43 70/50/105
f 92/47/41 70/50/105 106/49/43
f 131/49/85 119/49/66 132/48/86
f 127/48/78 132/48/86 119/49/66
f 34/38/94 136/39/93 32/30/65
f 118/28/64 32/30/65 136/39/93
f 117/27/62 93/27/16 140/50/107
f 110/50/50 140/50/107 93/27/16
f 30/47/87 29/50/108 131/49/85
f 140/50/107 131/49/85 29/50/108
f 107/31/45 139/33/104 90/32/44
f 89/34/103 90/32/44 139/33/104
f 140/50/107 110/50/50 131/49/85
f 119/49/66 131/49/85 110/50/50
f 99/39/29 102/41/35 112/39/55
f 111/41/54 112/39/55 102/41/35
f 39/43/106 37/34/101 122/42/72
f 123/33/73 122/42/72 37/34/101
f 118/28/64 94/28/17 117/27/62
f 93/27/16 117/27/62 94/28/17
f 126/50/77 70/50/105 120/27/69
f 69/29/68 120/27/69 70/50/105
f 83/46/79 127/48/78 82/47/67
f 119/49/66 82/47/67 127/48/78
f 101/35/33 74/36/32 98/3/25
f 75/37/27 98/3/25 74/36/32
f 101/35/33 98/3/25 129/35/82
f 114/3/57 129/35/82 98/3/25
f 139/33/104 121/42/70 89/34/103
f 88/43/71 89/34/103 121/42/70
f 125/50/76 133/27/90 52/50/89
f 50/29/102 52/50/89 133/27/90
f 99/39/29 112/39/55 100/28/31
f 138/28/99 100/28/31 112/39/55
f 105/48/42 116/48/61 107/31/45
f 115/31/59 107/31/45 116/48/61
f 103/42/36 104/44/38 122/42/72
f 135/44/92 122/42/72 104/44/38
f 37/34/101 35/32/100 123/33/73
f 128/31/80 123/33/73 35/32/100
f 138/28/99 112/39/55 48/30/98
f 46/38/53 48/30/98 112/39/55
f 130/33/84 45/34/83 134/42/91
f 43/43/97 134/42/91 45/34/83
f 36/40/96 137/41/95 34/38/94
f 136/39/93 34/38/94 137/41/95
f 104/44/38 121/42/70 135/44/92
f 134/42/91 135/44/92 121/42/70
f 120/27/69 133/27/90 126/50/77
f 125/50/76 126/50/77 133/27/90
f 125/50/76 52/50/89 124/49/75
f 51/47/74 124/49/75 52/50/89
f 33/46/88 30/47/87 132/48/86
f 131/49/85 132/48/86 30/47/87
f 115/31/59 47/32/58 130/33/84
f 45/34/83 130/33/84 47/32/58
f 111/41/54 129/35/82 44/40/52
f 42/36/81 44/40/52 129/35/82
f 95/31/20 96/33/22 128/31/80
f 123/33/73 128/31/80 96/33/22
f 84/32/21 95/31/20 83/46/79
f 127/48/78 83/46/79 95/31/20
f 126/50/77 125/50/76 106/49/43
f 124/49/75 106/49/43 125/50/76
f 124/49/75 51/47/74 116/48/61
f 49/46/60 116/48/61 51/47/74
f 86/43/37 103/42/36 85/34/23
f 96/33/22 85/34/23 103/42/36
f 99/39/29 72/38/28 102/41/35
f 73/40/34 102/41/35 72/38/28
f 96/33/22 103/42/36 123/33/73
f 122/42/72 123/33/73 103/42/36
f 88/43/71 121/42/70 87/45/39
f 104/44/38 87/45/39 121/42/70
f 120/27/69 69/29/68 100/28/31
f 71/30/30 100/28/31 69/29/68
f 82/47/67 119/49/66 81/50/51
f 110/50/50 81/50/51 119/49/66
f 32/30/65 118/28/64 31/29/63
f 117/27/62 31/29/63 118/28/64
f 116/48/61 49/46/60 115/31/59
f 47/32/58 115/31/59 49/46/60
f 98/3/25 97/35/24 114/3/57
f 113/35/56 114/3/57 97/35/24
f 112/39/55 111/41/54 46/38/53
f 44/40/52 46/38/53 111/41/54
f 80/29/18 81/50/51 93/27/16
f 110/50/50 93/27/16 81/50/51
f 77/40/47 78/38/49 108/41/46
f 109/39/48 108/41/46 78/38/49
f 78/38/49 79/30/19 109/39/48
f 94/28/17 109/39/48 79/30/19
f 76/36/26 77/40/47 97/35/24
f 108/41/46 97/35/24 77/40/47
f 105/48/42 107/31/45 91/46/40
f 90/32/44 91/46/40 107/31/45
f 106/49/43 105/48/42 92/47/41
f 91/46/40 92/47/41 105/48/42
f 87/45/39 104/44/38 86/43/37
f 103/42/36 86/43/37 104/44/38
f 102/41/35 73/40/34 101/35/33
f 74/36/32 101/35/33 73/40/34
f 100/28/31 71/30/30 99/39/29
f 72/38/28 99/39/29 71/30/30
f 75/37/27 76/36/26 98/3/25
f 97/35/24 98/3/25 76/36/26
f 85/34/23 96/33/22 84/32/21
f 95/31/20 84/32/21 96/33/22
f 79/30/19 80/29/18 94/28/17
f 93/27/16 94/28/17 80/29/18
f 143/9/112 142/8/112 141/7/112
f 142/8/112 143/9/112 144/10/112
f 142/8/112 144/10/112 145/11/112
f 145/11/112 144/10/112 146/12/112
f 145/11/112 146/12/112 147/13/112
f 147/13/112 146/12/112 148/14/112
f 147/13/112 148/14/112 149/15/112
f 149/15/112 148/14/112 150/16/112
f 149/15/112 150/16/112 151/17/112
f 151/17/112 150/16/112 152/3/112
f 151/17/112 152/3/112 153/18/112
f 153/18/112 152/3/112 154/16/112
f 153/18/112 154/16/112 155/17/112
f 155/17/112 154/16/112 156/14/112
f 155/17/112 156/14/112 157/15/112
f 157/15/112 156/14/112 158/12/112
f 157/15/112 158/12/112 159/13/112
f 159/13/112 158/12/112 160/10/112
f 159/13/112 160/10/112 161/11/112
f 161/11/112 160/10/112 162/9/112
f 161/11/112 162/9/112 163/8/112
f 163/8/112 162/9/112 164/7/112
f 167/19/114 166/7/113 165/7/113
f 166/7/113 167/19/114 168/20/114
f 171/20/115 170/21/116 169/19/115
f 170/21/116 171/20/115 172/22/116
f 175/25/117 174/24/118 173/23/117
f 174/24/118 175/25/117 176/26/118
f 178/7/119 169/19/115 177/7/119
f 169/19/115 178/7/119 171/20/115
f 173/23/117 166/7/113 175/25/117
f 166/7/113 173/23/117 165/7/113
f 174/24/118 180/25/120 179/23/120
f 180/25/120 174/24/118 176/26/118
f 178/7/119 179/23/120 180/25/120
f 179/23/120 178/7/119 177/7/119
f 172/22/116 167/19/114 170/21/116
f 167/19/114 172/22/116 168/20/114
f 183/10/121 182/7/121 181/9/121
f 184/12/121 182/7/121 183/10/121
f 184/12/121 178/7/121 182/7/121
f 185/14/121 178/7/121 184/12/121
f 185/14/121 171/20/121 178/7/121
f 186/16/121 171/20/121 185/14/121
f 187/3/121 171/20/121 186/16/121
f 171/20/121 187/3/121 172/22/121
f 188/16/121 172/22/121 187/3/121
f 188/16/121 168/20/121 172/22/121
f 189/14/121 168/20/121 188/16/121
f 189/14/121 166/7/121 168/20/121
f 190/12/121 166/7/121 189/14/121
f 191/10/121 166/7/121 190/12/121
f 192/9/121 166/7/121 191/10/121
f 166/7/121 192/9/121 193/7/121
f 194/8/121 166/7/121 193/7/121
f 166/7/121 194/8/121 195/11/121
f 166/7/121 195/11/121 196/13/121
f 166/7/121 196/13/121 197/15/121
f 166/7/121 197/15/121 175/25/121
f 175/25/121 197/15/121 198/17/121
f 175/25/121 198/17/121 176/26/121
f 176/26/121 198/17/121 199/18/121
f 199/18/121 180/25/121 176/26/121
f 180/25/121 199/18/121 200/17/121
f 180/25/121 200/17/121 201/15/121
f 180/25/121 201/15/121 178/7/121
f 178/7/121 201/15/121 202/13/121
f 178/7/121 202/13/121 182/7/121
f 182/7/121 202/13/121 203/11/121
f 182/7/121 203/11/121 204/8/121
f 192/29/63 206/28/64 205/27/62
f 206/28/64 192/29/63 191/30/65
f 208/33/73 196/32/100 207/31/80
f 196/32/100 208/33/73 197/34/101
f 188/36/109 210/3/122 209/35/56
f 210/3/122 188/36/109 187/37/123
f 183/30/98 211/39/55 184/38/53
f 211/39/55 183/30/98 212/28/99
f 185/40/52 213/35/82 186/36/81
f 213/35/82 185/40/52 214/41/54
f 216/44/124 198/43/106 215/42/72
f 198/43/106 216/44/124 199/45/125
f 217/48/61 204/47/74 203/46/60
f 204/47/74 217/48/61 218/49/75
f 219/31/59 203/46/60 202/32/58
f 203/46/60 219/31/59 217/48/61
f 189/40/96 209/35/56 220/41/95
f 209/35/56 189/40/96 188/36/109
f 191/30/65 221/39/93 206/28/64
f 221/39/93 191/30/65 190/38/94
f 190/38/94 220/41/95 221/39/93
f 220/41/95 190/38/94 189/40/96
f 193/50/108 205/27/62 222/50/107
f 205/27/62 193/50/108 192/29/63
f 223/41/35 158/38/28 156/40/34
f 158/38/28 223/41/35 224/39/29
f 209/35/56 226/3/126 225/35/24
f 226/3/126 209/35/56 210/3/122
f 161/46/40 227/31/45 159/32/44
f 227/31/45 161/46/40 228/48/42
f 230/28/17 143/29/18 229/27/16
f 143/29/18 230/28/17 144/30/19
f 231/49/85 193/50/108 222/50/107
f 193/50/108 231/49/85 194/47/87
f 181/29/102 212/28/99 183/30/98
f 212/28/99 181/29/102 232/27/90
f 233/42/91 199/45/125 216/44/124
f 199/45/125 233/42/91 200/43/97
f 215/42/72 235/33/22 234/42/36
f 235/33/22 215/42/72 208/33/73
f 184/38/53 214/41/54 185/40/52
f 214/41/54 184/38/53 211/39/55
f 215/42/72 197/34/101 208/33/73
f 197/34/101 215/42/72 198/43/106
f 163/47/41 228/48/42 161/46/40
f 228/48/42 163/47/41 236/49/43
f 237/50/77 218/49/75 236/49/43
f 218/49/75 237/50/77 238/50/76
f 207/31/80 195/46/88 239/48/86
f 195/46/88 207/31/80 196/32/100
f 208/33/73 240/31/20 235/33/22
f 240/31/20 208/33/73 207/31/80
f 241/35/33 156/40/34 154/36/32
f 156/40/34 241/35/33 223/41/35
f 159/32/44 242/33/104 157/34/103
f 242/33/104 159/32/44 227/31/45
f 142/47/67 244/48/78 243/49/66
f 244/48/78 142/47/67 145/46/79
f 164/50/105 236/49/43 163/47/41
f 236/49/43 164/50/105 237/50/77
f 245/27/69 238/50/76 237/50/77
f 238/50/76 245/27/69 232/27/90
f 233/42/91 247/44/127 246/42/70
f 247/44/127 233/42/91 216/44/124
f 249/41/46 146/38/49 248/39/48
f 146/38/49 249/41/46 148/40/47
f 157/34/103 246/42/70 155/43/71
f 246/42/70 157/34/103 242/33/104
f 224/39/29 160/30/30 158/38/28
f 160/30/30 224/39/29 250/28/31
f 147/32/21 235/33/22 240/31/20
f 235/33/22 147/32/21 149/34/23
f 216/44/124 234/42/36 247/44/127
f 234/42/36 216/44/124 215/42/72
f 228/48/42 219/31/59 227/31/45
f 219/31/59 228/48/42 217/48/61
f 224/39/29 212/28/99 250/28/31
f 212/28/99 224/39/29 211/39/55
f 245/27/69 164/50/105 162/29/68
f 164/50/105 245/27/69 237/50/77
f 233/42/91 201/34/83 200/43/97
f 201/34/83 233/42/91 251/33/84
f 210/3/122 241/35/33 226/3/126
f 241/35/33 210/3/122 213/35/82
f 186/36/81 210/3/122 187/37/123
f 210/3/122 186/36/81 213/35/82
f 239/48/86 194/47/87 231/49/85
f 194/47/87 239/48/86 195/46/88
f 182/50/89 232/27/90 181/29/102
f 232/27/90 182/50/89 238/50/76
f 206/28/64 229/27/16 205/27/62
f 229/27/16 206/28/64 230/28/17
f 149/34/23 234/42/36 235/33/22
f 234/42/36 149/34/23 151/43/37
f 214/41/54 224/39/29 223/41/35
f 224/39/29 214/41/54 211/39/55
f 222/50/107 243/49/66 231/49/85
f 243/49/66 222/50/107 252/50/50
f 251/33/84 202/32/58 201/34/83
f 202/32/58 251/33/84 219/31/59
f 141/50/51 243/49/66 252/50/50
f 243/49/66 141/50/51 142/47/67
f 205/27/62 252/50/50 222/50/107
f 252/50/50 205/27/62 229/27/16
f 248/39/48 144/30/19 230/28/17
f 144/30/19 248/39/48 146/38/49
f 231/49/85 244/48/78 239/48/86
f 244/48/78 231/49/85 243/49/66
f 218/49/75 182/50/89 204/47/74
f 182/50/89 218/49/75 238/50/76
f 251/33/84 246/42/70 242/33/104
f 246/42/70 251/33/84 233/42/91
f 239/48/86 240/31/20 207/31/80
f 240/31/20 239/48/86 244/48/78
f 220/41/95 225/35/24 249/41/46
f 225/35/24 220/41/95 209/35/56
f 219/31/59 242/33/104 227/31/45
f 242/33/104 219/31/59 251/33/84
f 226/3/126 150/36/26 225/35/24
f 150/36/26 226/3/126 152/37/128
f 151/43/37 247/44/127 234/42/36
f 247/44/127 151/43/37 153/45/129
f 145/46/79 240/31/20 244/48/78
f 240/31/20 145/46/79 147/32/21
f 250/28/31 232/27/90 245/27/69
f 232/27/90 250/28/31 212/28/99
f 225/35/24 148/40/47 249/41/46
f 148/40/47 225/35/24 150/36/26
f 250/28/31 162/29/68 160/30/30
f 162/29/68 250/28/31 245/27/69
f 213/35/82 223/41/35 241/35/33
f 223/41/35 213/35/82 214/41/54
f 155/43/71 247/44/127 153/45/129
f 247/44/127 155/43/71 246/42/70
f 229/27/16 141/50/51 252/50/50
f 141/50/51 229/27/16 143/29/18
f 236/49/43 217/48/61 228/48/42
f 217/48/61 236/49/43 218/49/75
f 221/39/93 249/41/46 248/39/48
f 249/41/46 221/39/93 220/41/95
f 241/35/33 152/37/128 226/3/126
f 152/37/128 241/35/33 154/36/32
f 221/39/93 230/28/17 206/28/64
f 230/28/17 221/39/93 248/39/48
f 255/9/112 254/8/112 253/7/112
f 254/8/112 255/9/112 256/10/112
f 254/8/112 256/10/112 257/11/112
f 257/11/112 256/10/112 258/12/112
f 257/11/112 258/12/112 259/13/112
f 259/13/112 258/12/112 260/14/112
f 259/13/112 260/14/112 261/15/112
f 261/15/112 260/14/112 262/16/112
f 261/15/112 262/16/112 263/17/112
f 263/17/112 262/16/112 264/3/112
f 263/17/112 264/3/112 265/18/112
f 265/18/112 264/3/112 266/16/112
f 265/18/112 266/16/112 267/17/112
f 267/17/112 266/16/112 268/14/112
f 267/17/112 268/14/112 269/15/112
f 269/15/112 268/14/112 270/12/112
f 269/15/112 270/12/112 271/13/112
f 271/13/112 270/12/112 272/10/112
f 271/13/112 272/10/112 273/11/112
f 273/11/112 272/10/112 274/9/112
f 273/11/112 274/9/112 275/8/112
f 275/8/112 274/9/112 276/7/112
f 279/19/114 278/7/113 277/7/113
f 278/7/113 279/19/114 280/20/114
f 283/20/115 282/21/116 281/19/115
f 282/21/116 283/20/115 284/22/116
f 287/25/117 286/24/118 285/23/117
f 286/24/118 287/25/117 288/26/118
f 290/7/119 281/19/115 289/7/119
f 281/19/115 290/7/119 283/20/115
f 285/23/117 278/7/113 287/25/117
f 278/7/113 285/23/117 277/7/113
f 286/24/118 292/25/120 291/23/120
f 292/25/120 286/24/118 288/26/118
f 290/7/119 291/23/120 292/25/120
f 291/23/120 290/7/119 289/7/119
f 284/22/116 279/19/114 282/21/116
f 279/19/114 284/22/116 280/20/114
f 295/10/121 294/7/121 293/9/121
f 296/12/121 294/7/121 295/10/121
f 296/12/121 290/7/121 294/7/121
f 297/14/121 290/7/121 296/12/121
f 297/14/121 283/20/121 290/7/121
f 298/16/121 283/20/121 297/14/121
f 299/3/121 283/20/121 298/16/121
f 283/20/121 299/3/121 284/22/121
f 300/16/121 284/22/121 299/3/121
f 300/16/121 280/20/121 284/22/121
f 301/14/121 280/20/121 300/16/121
f 301/14/121 278/7/121 280/20/121
f 302/12/121 278/7/121 301/14/121
f 303/10/121 278/7/121 302/12/121
f 304/9/121 278/7/121 303/10/121
f 278/7/121 304/9/121 305/7/121
f 306/8/121 278/7/121 305/7/121
f 278/7/121 306/8/121 307/11/121
f 278/7/121 307/11/121 308/13/121
f 278/7/121 308/13/121 309/15/121
f 278/7/121 309/15/121 287/25/121
f 287/25/121 309/15/121 310/17/121
f 287/25/121 310/17/121 288/26/121
f 288/26/121 310/17/121 311/18/121
f 311/18/121 292/25/121 288/26/121
f 292/25/121 311/18/121 312/17/121
f 292/25/121 312/17/121 313/15/121
f 292/25/121 313/15/121 290/7/121
f 290/7/121 313/15/121 314/13/121
f 290/7/121 314/13/121 294/7/121
f 294/7/121 314/13/121 315/11/121
f 294/7/121 315/11/121 316/8/121
f 318/33/73 308/32/100 317/31/80
f 308/32/100 318/33/73 309/34/101
f 320/44/124 310/43/106 319/42/72
f 310/43/106 320/44/124 311/45/125
f 321/48/61 316/47/74 315/46/60
f 316/47/74 321/48/61 322/49/75
f 323/31/59 315/46/60 314/32/58
f 315/46/60 323/31/59 321/48/61
f 324/41/35 270/38/28 268/40/34
f 270/38/28 324/41/35 325/39/29
f 273/46/40 326/31/45 271/32/44
f 326/31/45 273/46/40 327/48/42
f 329/28/17 255/29/18 328/27/16
f 255/29/18 329/28/17 256/30/19
f 331/49/85 305/50/108 330/50/107
f 305/50/108 331/49/85 306/47/87
f 332/42/91 311/45/125 320/44/124
f 311/45/125 332/42/91 312/43/97
f 319/42/72 334/33/22 333/42/36
f 334/33/22 319/42/72 318/33/73
f 319/42/72 309/34/101 318/33/73
f 309/34/101 319/42/72 310/43/106
f 275/47/41 327/48/42 273/46/40
f 327/48/42 275/47/41 335/49/43
f 336/50/77 322/49/75 335/49/43
f 322/49/75 336/50/77 337/50/76
f 317/31/80 307/46/88 338/48/86
f 307/46/88 317/31/80 308/32/100
f 334/33/22 317/31/80 339/31/20
f 317/31/80 334/33/22 318/33/73
f 340/35/33 268/40/34 266/36/32
f 268/40/34 340/35/33 324/41/35
f 271/32/44 341/33/104 269/34/103
f 341/33/104 271/32/44 326/31/45
f 254/47/67 343/48/78 342/49/66
f 343/48/78 254/47/67 257/46/79
f 276/50/105 335/49/43 275/47/41
f 335/49/43 276/50/105 336/50/77
f 345/42/70 320/44/124 344/44/127
f 320/44/124 345/42/70 332/42/91
f 347/41/46 258/38/49 346/39/48
f 258/38/49 347/41/46 260/40/47
f 269/34/103 345/42/70 267/43/71
f 345/42/70 269/34/103 341/33/104
f 325/39/29 272/30/30 270/38/28
f 272/30/30 325/39/29 348/28/31
f 259/32/21 334/33/22 339/31/20
f 334/33/22 259/32/21 261/34/23
f 320/44/124 333/42/36 344/44/127
f 333/42/36 320/44/124 319/42/72
f 327/48/42 323/31/59 326/31/45
f 323/31/59 327/48/42 321/48/61
f 349/27/69 276/50/105 274/29/68
f 276/50/105 349/27/69 336/50/77
f 332/42/91 313/34/83 312/43/97
f 313/34/83 332/42/91 350/33/84
f 338/48/86 306/47/87 331/49/85
f 306/47/87 338/48/86 307/46/88
f 261/34/23 333/42/36 334/33/22
f 333/42/36 261/34/23 263/43/37
f 330/50/107 342/49/66 331/49/85
f 342/49/66 330/50/107 351/50/50
f 350/33/84 314/32/58 313/34/83
f 314/32/58 350/33/84 323/31/59
f 253/50/51 342/49/66 351/50/50
f 342/49/66 253/50/51 254/47/67
f 346/39/48 256/30/19 329/28/17
f 256/30/19 346/39/48 258/38/49
f 331/49/85 343/48/78 338/48/86
f 343/48/78 331/49/85 342/49/66
f 322/49/75 294/50/89 316/47/74
f 294/50/89 322/49/75 337/50/76
f 350/33/84 345/42/70 341/33/104
f 345/42/70 350/33/84 332/42/91
f 338/48/86 339/31/20 317/31/80
f 339/31/20 338/48/86 343/48/78
f 326/31/45 350/33/84 341/33/104
f 350/33/84 326/31/45 323/31/59
f 353/3/126 262/36/26 352/35/24
f 262/36/26 353/3/126 264/37/128
f 263/43/37 344/44/127 333/42/36
f 344/44/127 263/43/37 265/45/129
f 257/46/79 339/31/20 343/48/78
f 339/31/20 257/46/79 259/32/21
f 352/35/24 260/40/47 347/41/46
f 260/40/47 352/35/24 262/36/26
f 348/28/31 274/29/68 272/30/30
f 274/29/68 348/28/31 349/27/69
f 267/43/71 344/44/127 265/45/129
f 344/44/127 267/43/71 345/42/70
f 328/27/16 253/50/51 351/50/50
f 253/50/51 328/27/16 255/29/18
f 335/49/43 321/48/61 327/48/42
f 321/48/61 335/49/43 322/49/75
f 340/35/33 264/37/128 353/3/126
f 264/37/128 340/35/33 266/36/32
f 356/9/112 355/8/112 354/7/112
f 355/8/112 356/9/112 357/10/112
f 355/8/112 357/10/112 358/11/112
f 358/11/112 357/10/112 359/12/112
f 358/11/112 359/12/112 360/13/112
f 360/13/112 359/12/112 361/14/112
f 360/13/112 361/14/112 362/15/112
f 362/15/112 361/14/112 363/16/112
f 362/15/112 363/16/112 364/17/112
f 364/17/112 363/16/112 365/3/112
f 364/17/112 365/3/112 366/18/112
f 366/18/112 365/3/112 367/16/112
f 366/18/112 367/16/112 368/17/112
f 368/17/112 367/16/112 369/14/112
f 368/17/112 369/14/112 370/15/112
f 370/15/112 369/14/112 371/12/112
f 370/15/112 371/12/112 372/13/112
f 372/13/112 371/12/112 373/10/112
f 372/13/112 373/10/112 374/11/112
f 374/11/112 373/10/112 375/9/112
f 374/11/112 375/9/112 376/8/112
f 376/8/112 375/9/112 377/7/112
f 380/19/114 379/7/113 378/7/113
f 379/7/113 380/19/114 381/20/114
f 384/20/115 383/21/116 382/19/115
f 383/21/116 384/20/115 385/22/116
f 388/23/117 387/26/118 386/24/118
f 387/26/118 388/23/117 389/25/117
f 391/7/119 382/19/115 390/7/119
f 382/19/115 391/7/119 384/20/115
f 388/23/117 379/7/113 389/25/117
f 379/7/113 388/23/117 378/7/113
f 387/26/118 392/23/120 386/24/118
f 392/23/120 387/26/118 393/25/120
f 391/7/119 392/23/120 393/25/120
f 392/23/120 391/7/119 390/7/119
f 385/22/116 380/19/114 383/21/116
f 380/19/114 385/22/116 381/20/114
f 396/10/121 395/7/121 394/9/121
f 397/12/121 395/7/121 396/10/121
f 397/12/121 391/7/121 395/7/121
f 398/14/121 391/7/121 397/12/121
f 398/14/121 384/20/121 391/7/121
f 399/16/121 384/20/121 398/14/121
f 400/3/121 384/20/121 399/16/121
f 384/20/121 400/3/121 385/22/121
f 401/16/121 385/22/121 400/3/121
f 401/16/121 381/20/121 385/22/121
f 402/14/121 381/20/121 401/16/121
f 402/14/121 379/7/121 381/20/121
f 403/12/121 379/7/121 402/14/121
f 404/10/121 379/7/121 403/12/121
f 405/9/121 379/7/121 404/10/121
f 379/7/121 405/9/121 406/7/121
f 407/8/121 379/7/121 406/7/121
f 379/7/121 407/8/121 408/11/121
f 379/7/121 408/11/121 409/13/121
f 379/7/121 409/13/121 410/15/121
f 379/7/121 410/15/121 389/25/121
f 389/25/121 410/15/121 411/17/121
f 389/25/121 411/17/121 387/26/121
f 387/26/121 411/17/121 412/18/121
f 412/18/121 393/25/121 387/26/121
f 393/25/121 412/18/121 413/17/121
f 393/25/121 413/17/121 414/15/121
f 393/25/121 414/15/121 391/7/121
f 391/7/121 414/15/121 415/13/121
f 391/7/121 415/13/121 395/7/121
f 395/7/121 415/13/121 416/11/121
f 395/7/121 416/11/121 417/8/121
f 405/29/63 419/28/64 418/27/62
f 419/28/64 405/29/63 404/30/65
f 421/33/73 409/32/100 420/31/80
f 409/32/100 421/33/73 410/34/101
f 401/36/109 423/3/122 422/35/56
f 423/3/122 401/36/109 400/37/123
f 396/30/98 424/39/55 397/38/53
f 424/39/55 396/30/98 425/28/99
f 398/40/52 426/35/82 399/36/81
f 426/35/82 398/40/52 427/41/54
f 429/44/124 411/43/106 428/42/72
f 411/43/106 429/44/124 412/45/125
f 430/48/61 417/47/74 416/46/60
f 417/47/74 430/48/61 431/49/75
f 432/31/59 416/46/60 415/32/58
f 416/46/60 432/31/59 430/48/61
f 402/40/96 422/35/56 433/41/95
f 422/35/56 402/40/96 401/36/109
f 404/30/65 434/39/93 419/28/64
f 434/39/93 404/30/65 403/38/94
f 403/38/94 433/41/95 434/39/93
f 433/41/95 403/38/94 402/40/96
f 406/50/108 418/27/62 435/50/107
f 418/27/62 406/50/108 405/29/63
f 436/41/35 371/38/28 369/40/34
f 371/38/28 436/41/35 437/39/29
f 422/35/56 439/3/126 438/35/24
f 439/3/126 422/35/56 423/3/122
f 374/46/40 440/31/45 372/32/44
f 440/31/45 374/46/40 441/48/42
f 443/28/17 356/29/18 442/27/16
f 356/29/18 443/28/17 357/30/19
f 444/49/85 406/50/108 435/50/107
f 406/50/108 444/49/85 407/47/87
f 394/29/102 425/28/99 396/30/98
f 425/28/99 394/29/102 445/27/90
f 446/42/91 412/45/125 429/44/124
f 412/45/125 446/42/91 413/43/97
f 428/42/72 448/33/22 447/42/36
f 448/33/22 428/42/72 421/33/73
f 397/38/53 427/41/54 398/40/52
f 427/41/54 397/38/53 424/39/55
f 428/42/72 410/34/101 421/33/73
f 410/34/101 428/42/72 411/43/106
f 376/47/41 441/48/42 374/46/40
f 441/48/42 376/47/41 449/49/43
f 450/50/77 431/49/75 449/49/43
f 431/49/75 450/50/77 451/50/76
f 420/31/80 408/46/88 452/48/86
f 408/46/88 420/31/80 409/32/100
f 421/33/73 453/31/20 448/33/22
f 453/31/20 421/33/73 420/31/80
f 454/35/33 369/40/34 367/36/32
f 369/40/34 454/35/33 436/41/35
f 372/32/44 455/33/104 370/34/103
f 455/33/104 372/32/44 440/31/45
f 355/47/67 457/48/78 456/49/66
f 457/48/78 355/47/67 358/46/79
f 377/50/105 449/49/43 376/47/41
f 449/49/43 377/50/105 450/50/77
f 458/27/69 451/50/76 450/50/77
f 451/50/76 458/27/69 445/27/90
f 446/42/91 460/44/127 459/42/70
f 460/44/127 446/42/91 429/44/124
f 462/41/46 359/38/49 461/39/48
f 359/38/49 462/41/46 361/40/47
f 370/34/103 459/42/70 368/43/71
f 459/42/70 370/34/103 455/33/104
f 437/39/29 373/30/30 371/38/28
f 373/30/30 437/39/29 463/28/31
f 360/32/21 448/33/22 453/31/20
f 448/33/22 360/32/21 362/34/23
f 429/44/124 447/42/36 460/44/127
f 447/42/36 429/44/124 428/42/72
f 441/48/42 432/31/59 440/31/45
f 432/31/59 441/48/42 430/48/61
f 437/39/29 425/28/99 463/28/31
f 425/28/99 437/39/29 424/39/55
f 458/27/69 377/50/105 375/29/68
f 377/50/105 458/27/69 450/50/77
f 446/42/91 414/34/83 413/43/97
f 414/34/83 446/42/91 464/33/84
f 423/3/122 454/35/33 439/3/126
f 454/35/33 423/3/122 426/35/82
f 399/36/81 423/3/122 400/37/123
f 423/3/122 399/36/81 426/35/82
f 452/48/86 407/47/87 444/49/85
f 407/47/87 452/48/86 408/46/88
f 395/50/89 445/27/90 394/29/102
f 445/27/90 395/50/89 451/50/76
f 419/28/64 442/27/16 418/27/62
f 442/27/16 419/28/64 443/28/17
f 362/34/23 447/42/36 448/33/22
f 447/42/36 362/34/23 364/43/37
f 427/41/54 437/39/29 436/41/35
f 437/39/29 427/41/54 424/39/55
f 435/50/107 456/49/66 444/49/85
f 456/49/66 435/50/107 465/50/50
f 464/33/84 415/32/58 414/34/83
f 415/32/58 464/33/84 432/31/59
f 354/50/51 456/49/66 465/50/50
f 456/49/66 354/50/51 355/47/67
f 418/27/62 465/50/50 435/50/107
f 465/50/50 418/27/62 442/27/16
f 461/39/48 357/30/19 443/28/17
f 357/30/19 461/39/48 359/38/49
f 444/49/85 457/48/78 452/48/86
f 457/48/78 444/49/85 456/49/66
f 431/49/75 395/50/89 417/47/74
f 395/50/89 431/49/75 451/50/76
f 464/33/84 459/42/70 455/33/104
f 459/42/70 464/33/84 446/42/91
f 452/48/86 453/31/20 420/31/80
f 453/31/20 452/48/86 457/48/78
f 433/41/95 438/35/24 462/41/46
f 438/35/24 433/41/95 422/35/56
f 432/31/59 455/33/104 440/31/45
f 455/33/104 432/31/59 464/33/84
f 439/3/126 363/36/26 438/35/24
f 363/36/26 439/3/126 365/37/128
f 364/43/37 460/44/127 447/42/36
f 460/44/127 364/43/37 366/45/129
f 358/46/79 453/31/20 457/48/78
f 453/31/20 358/46/79 360/32/21
f 463/28/31 445/27/90 458/27/69
f 445/27/90 463/28/31 425/28/99
f 438/35/24 361/40/47 462/41/46
f 361/40/47 438/35/24 363/36/26
f 463/28/31 375/29/68 373/30/30
f 375/29/68 463/28/31 458/27/69
f 426/35/82 436/41/35 454/35/33
f 436/41/35 426/35/82 427/41/54
f 368/43/71 460/44/127 366/45/129
f 460/44/127 368/43/71 459/42/70
f 442/27/16 354/50/51 465/50/50
f 354/50/51 442/27/16 356/29/18
f 449/49/43 430/48/61 441/48/42
f 430/48/61 449/49/43 431/49/75
f 434/39/93 462/41/46 461/39/48
f 462/41/46 434/39/93 433/41/95
f 454/35/33 365/37/128 439/3/126
f 365/37/128 454/35/33 367/36/32
f 434/39/93 443/28/17 419/28/64
f 443/28/17 434/39/93 461/39/48
f 529/8/15 528/11/15 507/7/15
f 528/11/15 527/13/15 507/7/15
f 507/7/15 527/13/15 503/7/15
f 527/13/15 526/15/15 503/7/15
f 503/7/15 526/15/15 505/25/15
f 526/15/15 525/17/15 505/25/15
f 525/17/15 524/18/15 505/25/15
f 501/26/15 505/25/15 524/18/15
f 524/18/15 523/17/15 501/26/15
f 501/26/15 523/17/15 500/25/15
f 523/17/15 522/15/15 500/25/15
f 500/25/15 522/15/15 491/7/15
f 522/15/15 521/13/15 491/7/15
f 521/13/15 520/11/15 491/7/15
f 520/11/15 519/8/15 491/7/15
f 518/7/15 491/7/15 519/8/15
f 518/7/15 517/9/15 491/7/15
f 516/10/15 491/7/15 517/9/15
f 515/12/15 491/7/15 516/10/15
f 514/14/15 491/7/15 515/12/15
f 493/20/15 491/7/15 514/14/15
f 513/16/15 493/20/15 514/14/15
f 497/22/15 493/20/15 513/16/15
f 512/3/15 497/22/15 513/16/15
f 497/22/15 512/3/15 496/20/15
f 511/16/15 496/20/15 512/3/15
f 510/14/15 496/20/15 511/16/15
f 503/7/15 496/20/15 510/14/15
f 509/12/15 503/7/15 510/14/15
f 507/7/15 503/7/15 509/12/15
f 508/10/15 507/7/15 509/12/15
f 506/9/15 507/7/15 508/10/15
f 493/20/8 497/22/10 492/19/8
f 495/21/10 492/19/8 497/22/10
f 502/7/13 503/7/13 504/23/14
f 505/25/14 504/23/14 503/7/13
f 505/25/14 501/26/12 504/23/14
f 499/24/12 504/23/14 501/26/12
f 490/7/7 498/23/11 491/7/7
f 500/25/11 491/7/7 498/23/11
f 496/20/9 503/7/13 494/19/9
f 502/7/13 494/19/9 503/7/13
f 501/26/12 500/25/11 499/24/12
f 498/23/11 499/24/12 500/25/11
f 497/22/10 496/20/9 495/21/10
f 494/19/9 495/21/10 496/20/9
f 493/20/8 492/19/8 491/7/7
f 490/7/7 491/7/7 492/19/8
f 489/7/6 487/9/6 488/8/6
f 488/8/6 487/9/6 486/11/6
f 487/9/6 485/10/6 486/11/6
f 486/11/6 485/10/6 484/13/6
f 485/10/6 483/12/6 484/13/6
f 484/13/6 483/12/6 482/15/6
f 483/12/6 481/14/6 482/15/6
f 482/15/6 481/14/6 480/17/6
f 481/14/6 479/16/6 480/17/6
f 480/17/6 479/16/6 478/18/6
f 479/16/6 477/3/6 478/18/6
f 478/18/6 477/3/6 476/17/6
f 477/3/6 475/16/6 476/17/6
f 476/17/6 475/16/6 474/15/6
f 475/16/6 473/14/6 474/15/6
f 474/15/6 473/14/6 472/13/6
f 473/14/6 471/12/6 472/13/6
f 472/13/6 471/12/6 470/11/6
f 471/12/6 469/10/6 470/11/6
f 470/11/6 469/10/6 467/8/6
f 469/10/6 468/9/6 467/8/6
f 466/7/6 467/8/6 468/9/6
f 573/39/93 546/39/48 555/28/64
f 531/28/17 555/28/64 546/39/48
f 479/36/81 566/35/82 477/37/110
f 551/3/57 477/37/110 566/35/82
f 545/41/46 546/39/48 574/41/95
f 573/39/93 574/41/95 546/39/48
f 543/49/43 561/49/75 542/48/42
f 553/48/61 542/48/42 561/49/75
f 468/29/63 554/27/62 466/50/108
f 577/50/107 466/50/108 554/27/62
f 571/42/91 480/43/97 572/44/92
f 478/45/111 572/44/92 480/43/97
f 539/41/35 538/35/33 548/41/54
f 566/35/82 548/41/54 538/35/33
f 570/27/90 575/28/99 487/29/102
f 485/30/98 487/29/102 575/28/99
f 475/36/109 550/35/56 473/40/96
f 574/41/95 473/40/96 550/35/56
f 537/28/31 575/28/99 557/27/69
f 570/27/90 557/27/69 575/28/99
f 472/32/100 470/46/88 565/31/80
f 569/48/86 565/31/80 470/46/88
f 478/45/111 476/43/106 572/44/92
f 559/42/72 572/44/92 476/43/106
f 477/37/110 551/3/57 475/36/109
f 550/35/56 475/36/109 551/3/57
f 576/33/104 544/31/45 567/33/84
f 552/31/59 567/33/84 544/31/45
f 534/35/24 545/41/46 550/35/56
f 574/41/95 550/35/56 545/41/46
f 569/48/86 564/48/78 565/31/80
f 532/31/20 565/31/80 564/48/78
f 558/42/70 576/33/104 571/42/91
f 567/33/84 571/42/91 576/33/104
f 563/50/77 543/49/43 507/50/105
f 529/47/41 507/50/105 543/49/43
f 568/49/85 556/49/66 569/48/86
f 564/48/78 569/48/86 556/49/66
f 471/38/94 573/39/93 469/30/65
f 555/28/64 469/30/65 573/39/93
f 554/27/62 530/27/16 577/50/107
f 547/50/50 577/50/107 530/27/16
f 467/47/87 466/50/108 568/49/85
f 577/50/107 568/49/85 466/50/108
f 544/31/45 576/33/104 527/32/44
f 526/34/103 527/32/44 576/33/104
f 577/50/107 547/50/50 568/49/85
f 556/49/66 568/49/85 547/50/50
f 536/39/29 539/41/35 549/39/55
f 548/41/54 549/39/55 539/41/35
f 476/43/106 474/34/101 559/42/72
f 560/33/73 559/42/72 474/34/101
f 555/28/64 531/28/17 554/27/62
f 530/27/16 554/27/62 531/28/17
f 563/50/77 507/50/105 557/27/69
f 506/29/68 557/27/69 507/50/105
f 520/46/79 564/48/78 519/47/67
f 556/49/66 519/47/67 564/48/78
f 538/35/33 511/36/32 535/3/25
f 512/37/27 535/3/25 511/36/32
f 538/35/33 535/3/25 566/35/82
f 551/3/57 566/35/82 535/3/25
f 576/33/104 558/42/70 526/34/103
f 525/43/71 526/34/103 558/42/70
f 562/50/76 570/27/90 489/50/89
f 487/29/102 489/50/89 570/27/90
f 536/39/29 549/39/55 537/28/31
f 575/28/99 537/28/31 549/39/55
f 542/48/42 553/48/61 544/31/45
f 552/31/59 544/31/45 553/48/61
f 540/42/36 541/44/38 559/42/72
f 572/44/92 559/42/72 541/44/38
f 474/34/101 472/32/100 560/33/73
f 565/31/80 560/33/73 472/32/100
f 575/28/99 549/39/55 485/30/98
f 483/38/53 485/30/98 549/39/55
f 567/33/84 482/34/83 571/42/91
f 480/43/97 571/42/91 482/34/83
f 473/40/96 574/41/95 471/38/94
f 573/39/93 471/38/94 574/41/95
f 541/44/38 558/42/70 572/44/92
f 571/42/91 572/44/92 558/42/70
f 557/27/69 570/27/90 563/50/77
f 562/50/76 563/50/77 570/27/90
f 562/50/76 489/50/89 561/49/75
f 488/47/74 561/49/75 489/50/89
f 470/46/88 467/47/87 569/48/86
f 568/49/85 569/48/86 467/47/87
f 552/31/59 484/32/58 567/33/84
f 482/34/83 567/33/84 484/32/58
f 548/41/54 566/35/82 481/40/52
f 479/36/81 481/40/52 566/35/82
f 532/31/20 533/33/22 565/31/80
f 560/33/73 565/31/80 533/33/22
f 521/32/21 532/31/20 520/46/79
f 564/48/78 520/46/79 532/31/20
f 563/50/77 562/50/76 543/49/43
f 561/49/75 543/49/43 562/50/76
f 561/49/75 488/47/74 553/48/61
f 486/46/60 553/48/61 488/47/74
f 523/43/37 540/42/36 522/34/23
f 533/33/22 522/34/23 540/42/36
f 536/39/29 509/38/28 539/41/35
f 510/40/34 539/41/35 509/38/28
f 533/33/22 540/42/36 560/33/73
f 559/42/72 560/33/73 540/42/36
f 525/43/71 558/42/70 524/45/39
f 541/44/38 524/45/39 558/42/70
f 557/27/69 506/29/68 537/28/31
f 508/30/30 537/28/31 506/29/68
f 519/47/67 556/49/66 518/50/51
f 547/50/50 518/50/51 556/49/66
f 469/30/65 555/28/64 468/29/63
f 554/27/62 468/29/63 555/28/64
f 553/48/61 486/46/60 552/31/59
f 484/32/58 552/31/59 486/46/60
f 535/3/25 534/35/24 551/3/57
f 550/35/56 551/3/57 534/35/24
f 549/39/55 548/41/54 483/38/53
f 481/40/52 483/38/53 548/41/54
f 517/29/18 518/50/51 530/27/16
f 547/50/50 530/27/16 518/50/51
f 514/40/47 515/38/49 545/41/46
f 546/39/48 545/41/46 515/38/49
f 515/38/49 516/30/19 546/39/48
f 531/28/17 546/39/48 516/30/19
f 513/36/26 514/40/47 534/35/24
f 545/41/46 534/35/24 514/40/47
f 542/48/42 544/31/45 528/46/40
f 527/32/44 528/46/40 544/31/45
f 543/49/43 542/48/42 529/47/41
f 528/46/40 529/47/41 542/48/42
f 524/45/39 541/44/38 523/43/37
f 540/42/36 523/43/37 541/44/38
f 539/41/35 510/40/34 538/35/33
f 511/36/32 538/35/33 510/40/34
f 537/28/31 508/30/30 536/39/29
f 509/38/28 536/39/29 508/30/30
f 512/37/27 513/36/26 535/3/25
f 534/35/24 535/3/25 513/36/26
f 522/34/23 533/33/22 521/32/21
f 532/31/20 521/32/21 533/33/22
f 516/30/19 517/29/18 531/28/17
f 530/27/16 531/28/17 517/29/18
f 641/8/15 640/11/15 619/7/15
f 640/11/15 639/13/15 619/7/15
f 619/7/15 639/13/15 615/7/15
f 639/13/15 638/15/15 615/7/15
f 615/7/15 638/15/15 617/25/15
f 638/15/15 637/17/15 617/25/15
f 637/17/15 636/18/15 617/25/15
f 613/26/15 617/25/15 636/18/15
f 636/18/15 635/17/15 613/26/15
f 613/26/15 635/17/15 612/25/15
f 635/17/15 634/15/15 612/25/15
f 612/25/15 634/15/15 603/7/15
f 634/15/15 633/13/15 603/7/15
f 633/13/15 632/11/15 603/7/15
f 632/11/15 631/8/15 603/7/15
f 630/7/15 603/7/15 631/8/15
f 630/7/15 629/9/15 603/7/15
f 628/10/15 603/7/15 629/9/15
f 627/12/15 603/7/15 628/10/15
f 626/14/15 603/7/15 627/12/15
f 605/20/15 603/7/15 626/14/15
f 625/16/15 605/20/15 626/14/15
f 609/22/15 605/20/15 625/16/15
f 624/3/15 609/22/15 625/16/15
f 609/22/15 624/3/15 608/20/15
f 623/16/15 608/20/15 624/3/15
f 622/14/15 608/20/15 623/16/15
f 615/7/15 608/20/15 622/14/15
f 621/12/15 615/7/15 622/14/15
f 619/7/15 615/7/15 621/12/15
f 620/10/15 619/7/15 621/12/15
f 618/9/15 619/7/15 620/10/15
f 605/20/8 609/22/10 604/19/8
f 607/21/10 604/19/8 609/22/10
f 614/7/13 615/7/13 616/23/14
f 617/25/14 616/23/14 615/7/13
f 617/25/14 613/26/12 616/23/14
f 611/24/12 616/23/14 613/26/12
f 602/7/7 610/23/11 603/7/7
f 612/25/11 603/7/7 610/23/11
f 608/20/9 615/7/13 606/19/9
f 614/7/13 606/19/9 615/7/13
f 613/26/12 612/25/11 611/24/12
f 610/23/11 611/24/12 612/25/11
f 609/22/10 608/20/9 607/21/10
f 606/19/9 607/21/10 608/20/9
f 605/20/8 604/19/8 603/7/7
f 602/7/7 603/7/7 604/19/8
f 601/7/6 599/9/6 600/8/6
f 600/8/6 599/9/6 598/11/6
f 599/9/6 597/10/6 598/11/6
f 598/11/6 597/10/6 596/13/6
f 597/10/6 595/12/6 596/13/6
f 596/13/6 595/12/6 594/15/6
f 595/12/6 593/14/6 594/15/6
f 594/15/6 593/14/6 592/17/6
f 593/14/6 591/16/6 592/17/6
f 592/17/6 591/16/6 590/18/6
f 591/16/6 589/3/6 590/18/6
f 590/18/6 589/3/6 588/17/6
f 589/3/6 587/16/6 588/17/6
f 588/17/6 587/16/6 586/15/6
f 587/16/6 585/14/6 586/15/6
f 586/15/6 585/14/6 584/13/6
f 585/14/6 583/12/6 584/13/6
f 584/13/6 583/12/6 582/11/6
f 583/12/6 581/10/6 582/11/6
f 582/11/6 581/10/6 579/8/6
f 581/10/6 580/9/6 579/8/6
f 578/7/6 579/8/6 580/9/6
f 591/36/81 665/35/82 589/37/110
f 678/3/57 589/37/110 665/35/82
f 647/49/43 660/49/75 646/48/42
f 652/48/61 646/48/42 660/49/75
f 580/29/63 653/27/62 578/50/108
f 676/50/107 578/50/108 653/27/62
f 669/42/91 592/43/97 670/44/92
f 590/45/111 670/44/92 592/43/97
f 674/27/90 673/28/99 599/29/102
f 597/30/98 599/29/102 673/28/99
f 587/36/109 677/35/56 585/40/96
f 672/41/95 585/40/96 677/35/56
f 584/32/100 582/46/88 664/31/80
f 668/48/86 664/31/80 582/46/88
f 590/45/111 588/43/106 670/44/92
f 658/42/72 670/44/92 588/43/106
f 589/37/110 678/3/57 587/36/109
f 677/35/56 587/36/109 678/3/57
f 675/33/104 648/31/45 666/33/84
f 651/31/59 666/33/84 648/31/45
f 668/48/86 663/48/78 664/31/80
f 642/31/20 664/31/80 663/48/78
f 657/42/70 675/33/104 669/42/91
f 666/33/84 669/42/91 675/33/104
f 662/50/77 647/49/43 619/50/105
f 641/47/41 619/50/105 647/49/43
f 667/49/85 656/49/66 668/48/86
f 663/48/78 668/48/86 656/49/66
f 583/38/94 671/39/93 581/30/65
f 654/28/64 581/30/65 671/39/93
f 579/47/87 578/50/108 667/49/85
f 676/50/107 667/49/85 578/50/108
f 648/31/45 675/33/104 639/32/44
f 638/34/103 639/32/44 675/33/104
f 676/50/107 655/50/50 667/49/85
f 656/49/66 667/49/85 655/50/50
f 588/43/106 586/34/101 658/42/72
f 659/33/73 658/42/72 586/34/101
f 632/46/79 663/48/78 631/47/67
f 656/49/66 631/47/67 663/48/78
f 675/33/104 657/42/70 638/34/103
f 637/43/71 638/34/103 657/42/70
f 661/50/76 674/27/90 601/50/89
f 599/29/102 601/50/89 674/27/90
f 646/48/42 652/48/61 648/31/45
f 651/31/59 648/31/45 652/48/61
f 645/44/38 670/44/92 644/42/36
f 658/42/72 644/42/36 670/44/92
f 586/34/101 584/32/100 659/33/73
f 664/31/80 659/33/73 584/32/100
f 673/28/99 650/39/55 597/30/98
f 595/38/53 597/30/98 650/39/55
f 666/33/84 594/34/83 669/42/91
f 592/43/97 669/42/91 594/34/83
f 585/40/96 672/41/95 583/38/94
f 671/39/93 583/38/94 672/41/95
f 645/44/38 657/42/70 670/44/92
f 669/42/91 670/44/92 657/42/70
f 661/50/76 601/50/89 660/49/75
f 600/47/74 660/49/75 601/50/89
f 582/46/88 579/47/87 668/48/86
f 667/49/85 668/48/86 579/47/87
f 651/31/59 596/32/58 666/33/84
f 594/34/83 666/33/84 596/32/58
f 649/41/54 665/35/82 593/40/52
f 591/36/81 593/40/52 665/35/82
f 642/31/20 643/33/22 664/31/80
f 659/33/73 664/31/80 643/33/22
f 633/32/21 642/31/20 632/46/79
f 663/48/78 632/46/79 642/31/20
f 662/50/77 661/50/76 647/49/43
f 660/49/75 647/49/43 661/50/76
f 660/49/75 600/47/74 652/48/61
f 598/46/60 652/48/61 600/47/74
f 635/43/37 644/42/36 634/34/23
f 643/33/22 634/34/23 644/42/36
f 643/33/22 644/42/36 659/33/73
f 658/42/72 659/33/73 644/42/36
f 637/43/71 657/42/70 636/45/39
f 645/44/38 636/45/39 657/42/70
f 631/47/67 656/49/66 630/50/51
f 655/50/50 630/50/51 656/49/66
f 581/30/65 654/28/64 580/29/63
f 653/27/62 580/29/63 654/28/64
f 652/48/61 598/46/60 651/31/59
f 596/32/58 651/31/59 598/46/60
f 650/39/55 649/41/54 595/38/53
f 593/40/52 595/38/53 649/41/54
f 646/48/42 648/31/45 640/46/40
f 639/32/44 640/46/40 648/31/45
f 647/49/43 646/48/42 641/47/41
f 640/46/40 641/47/41 646/48/42
f 636/45/39 645/44/38 635/43/37
f 644/42/36 635/43/37 645/44/38
f 634/34/23 643/33/22 633/32/21
f 642/31/20 633/32/21 643/33/22
f 742/8/15 741/11/15 720/7/15
f 741/11/15 740/13/15 720/7/15
f 720/7/15 740/13/15 716/7/15
f 740/13/15 739/15/15 716/7/15
f 716/7/15 739/15/15 718/25/15
f 739/15/15 738/17/15 718/25/15
f 738/17/15 737/18/15 718/25/15
f 714/26/15 718/25/15 737/18/15
f 737/18/15 736/17/15 714/26/15
f 714/26/15 736/17/15 713/25/15
f 736/17/15 735/15/15 713/25/15
f 713/25/15 735/15/15 704/7/15
f 735/15/15 734/13/15 704/7/15
f 734/13/15 733/11/15 704/7/15
f 733/11/15 732/8/15 704/7/15
f 731/7/15 704/7/15 732/8/15
f 731/7/15 730/9/15 704/7/15
f 729/10/15 704/7/15 730/9/15
f 728/12/15 704/7/15 729/10/15
f 727/14/15 704/7/15 728/12/15
f 706/20/15 704/7/15 727/14/15
f 726/16/15 706/20/15 727/14/15
f 710/22/15 706/20/15 726/16/15
f 725/3/15 710/22/15 726/16/15
f 710/22/15 725/3/15 709/20/15
f 724/16/15 709/20/15 725/3/15
f 723/14/15 709/20/15 724/16/15
f 716/7/15 709/20/15 723/14/15
f 722/12/15 716/7/15 723/14/15
f 720/7/15 716/7/15 722/12/15
f 721/10/15 720/7/15 722/12/15
f 719/9/15 720/7/15 721/10/15
f 706/20/8 710/22/10 705/19/8
f 708/21/10 705/19/8 710/22/10
f 715/7/13 716/7/13 717/23/14
f 718/25/14 717/23/14 716/7/13
f 718/25/14 714/26/12 717/23/14
f 712/24/12 717/23/14 714/26/12
f 703/7/7 711/23/11 704/7/7
f 713/25/11 704/7/7 711/23/11
f 709/20/9 716/7/13 707/19/9
f 715/7/13 707/19/9 716/7/13
f 714/26/12 713/25/11 712/24/12
f 711/23/11 712/24/12 713/25/11
f 710/22/10 709/20/9 708/21/10
f 707/19/9 708/21/10 709/20/9
f 706/20/8 705/19/8 704/7/7
f 703/7/7 704/7/7 705/19/8
f 702/7/6 700/9/6 701/8/6
f 701/8/6 700/9/6 699/11/6
f 700/9/6 698/10/6 699/11/6
f 699/11/6 698/10/6 697/13/6
f 698/10/6 696/12/6 697/13/6
f 697/13/6 696/12/6 695/15/6
f 696/12/6 694/14/6 695/15/6
f 695/15/6 694/14/6 693/17/6
f 694/14/6 692/16/6 693/17/6
f 693/17/6 692/16/6 691/18/6
f 692/16/6 690/3/6 691/18/6
f 691/18/6 690/3/6 689/17/6
f 690/3/6 688/16/6 689/17/6
f 689/17/6 688/16/6 687/15/6
f 688/16/6 686/14/6 687/15/6
f 687/15/6 686/14/6 685/13/6
f 686/14/6 684/12/6 685/13/6
f 685/13/6 684/12/6 683/11/6
f 684/12/6 682/10/6 683/11/6
f 683/11/6 682/10/6 680/8/6
f 682/10/6 681/9/6 680/8/6
f 679/7/6 680/8/6 681/9/6
f 786/39/93 759/39/48 768/28/64
f 744/28/17 768/28/64 759/39/48
f 692/36/81 779/35/82 690/37/110
f 764/3/57 690/37/110 779/35/82
f 758/41/46 759/39/48 787/41/95
f 786/39/93 787/41/95 759/39/48
f 756/49/43 774/49/75 755/48/42
f 766/48/61 755/48/42 774/49/75
f 681/29/63 767/27/62 679/50/108
f 790/50/107 679/50/108 767/27/62
f 784/42/91 693/43/97 785/44/92
f 691/45/111 785/44/92 693/43/97
f 752/41/35 751/35/33 761/41/54
f 779/35/82 761/41/54 751/35/33
f 783/27/90 788/28/99 700/29/102
f 698/30/98 700/29/102 788/28/99
f 688/36/109 763/35/56 686/40/96
f 787/41/95 686/40/96 763/35/56
f 750/28/31 788/28/99 770/27/69
f 783/27/90 770/27/69 788/28/99
f 685/32/100 683/46/88 778/31/80
f 782/48/86 778/31/80 683/46/88
f 691/45/111 689/43/106 785/44/92
f 772/42/72 785/44/92 689/43/106
f 690/37/110 764/3/57 688/36/109
f 763/35/56 688/36/109 764/3/57
f 789/33/104 757/31/45 780/33/84
f 765/31/59 780/33/84 757/31/45
f 747/35/24 758/41/46 763/35/56
f 787/41/95 763/35/56 758/41/46
f 782/48/86 777/48/78 778/31/80
f 745/31/20 778/31/80 777/48/78
f 771/42/70 789/33/104 784/42/91
f 780/33/84 784/42/91 789/33/104
f 776/50/77 756/49/43 720/50/105
f 742/47/41 720/50/105 756/49/43
f 781/49/85 769/49/66 782/48/86
f 777/48/78 782/48/86 769/49/66
f 684/38/94 786/39/93 682/30/65
f 768/28/64 682/30/65 786/39/93
f 767/27/62 743/27/16 790/50/107
f 760/50/50 790/50/107 743/27/16
f 680/47/87 679/50/108 781/49/85
f 790/50/107 781/49/85 679/50/108
f 757/31/45 789/33/104 740/32/44
f 739/34/103 740/32/44 789/33/104
f 790/50/107 760/50/50 781/49/85
f 769/49/66 781/49/85 760/50/50
f 749/39/29 752/41/35 762/39/55
f 761/41/54 762/39/55 752/41/35
f 689/43/106 687/34/101 772/42/72
f 773/33/73 772/42/72 687/34/101
f 768/28/64 744/28/17 767/27/62
f 743/27/16 767/27/62 744/28/17
f 776/50/77 720/50/105 770/27/69
f 719/29/68 770/27/69 720/50/105
f 733/46/79 777/48/78 732/47/67
f 769/49/66 732/47/67 777/48/78
f 751/35/33 724/36/32 748/3/25
f 725/37/27 748/3/25 724/36/32
f 751/35/33 748/3/25 779/35/82
f 764/3/57 779/35/82 748/3/25
f 789/33/104 771/42/70 739/34/103
f 738/43/71 739/34/103 771/42/70
f 775/50/76 783/27/90 702/50/89
f 700/29/102 702/50/89 783/27/90
f 749/39/29 762/39/55 750/28/31
f 788/28/99 750/28/31 762/39/55
f 755/48/42 766/48/61 757/31/45
f 765/31/59 757/31/45 766/48/61
f 753/42/36 754/44/38 772/42/72
f 785/44/92 772/42/72 754/44/38
f 687/34/101 685/32/100 773/33/73
f 778/31/80 773/33/73 685/32/100
f 788/28/99 762/39/55 698/30/98
f 696/38/53 698/30/98 762/39/55
f 780/33/84 695/34/83 784/42/91
f 693/43/97 784/42/91 695/34/83
f 686/40/96 787/41/95 684/38/94
f 786/39/93 684/38/94 787/41/95
f 754/44/38 771/42/70 785/44/92
f 784/42/91 785/44/92 771/42/70
f 770/27/69 783/27/90 776/50/77
f 775/50/76 776/50/77 783/27/90
f 775/50/76 702/50/89 774/49/75
f 701/47/74 774/49/75 702/50/89
f 683/46/88 680/47/87 782/48/86
f 781/49/85 782/48/86 680/47/87
f 765/31/59 697/32/58 780/33/84
f 695/34/83 780/33/84 697/32/58
f 761/41/54 779/35/82 694/40/52
f 692/36/81 694/40/52 779/35/82
f 745/31/20 746/33/22 778/31/80
f 773/33/73 778/31/80 746/33/22
f 734/32/21 745/31/20 733/46/79
f 777/48/78 733/46/79 745/31/20
f 776/50/77 775/50/76 756/49/43
f 774/49/75 756/49/43 775/50/76
f 774/49/75 701/47/74 766/48/61
f 699/46/60 766/48/61 701/47/74
f 736/43/37 753/42/36 735/34/23
f 746/33/22 735/34/23 753/42/36
f 749/39/29 722/38/28 752/41/35
f 723/40/34 752/41/35 722/38/28
f 746/33/22 753/42/36 773/33/73
f 772/42/72 773/33/73 753/42/36
f 738/43/71 771/42/70 737/45/39
f 754/44/38 737/45/39 771/42/70
f 770/27/69 719/29/68 750/28/31
f 721/30/30 750/28/31 719/29/68
f 732/47/67 769/49/66 731/50/51
f 760/50/50 731/50/51 769/49/66
f 682/30/65 768/28/64 681/29/63
f 767/27/62 681/29/63 768/28/64
f 766/48/61 699/46/60 765/31/59
f 697/32/58 765/31/59 699/46/60
f 748/3/25 747/35/24 764/3/57
f 763/35/56 764/3/57 747/35/24
f 762/39/55 761/41/54 696/38/53
f 694/40/52 696/38/53 761/41/54
f 730/29/18 731/50/51 743/27/16
f 760/50/50 743/27/16 731/50/51
f 727/40/47 728/38/49 758/41/46
f 759/39/48 758/41/46 728/38/49
f 728/38/49 729/30/19 759/39/48
f 744/28/17 759/39/48 729/30/19
f 726/36/26 727/40/47 747/35/24
f 758/41/46 747/35/24 727/40/47
f 755/48/42 757/31/45 741/46/40
f 740/32/44 741/46/40 757/31/45
f 756/49/43 755/48/42 742/47/41
f 741/46/40 742/47/41 755/48/42
f 737/45/39 754/44/38 736/43/37
f 753/42/36 736/43/37 754/44/38
f 752/41/35 723/40/34 751/35/33
f 724/36/32 751/35/33 723/40/34
f 750/28/31 721/30/30 749/39/29
f 722/38/28 749/39/29 721/30/30
f 725/37/27 726/36/26 748/3/25
f 747/35/24 748/3/25 726/36/26
f 735/34/23 746/33/22 734/32/21
f 745/31/20 734/32/21 746/33/22
f 729/30/19 730/29/18 744/28/17
f 743/27/16 744/28/17 730/29/18
f 793/9/112 792/8/112 791/7/112
f 792/8/112 793/9/112 794/10/112
f 792/8/112 794/10/112 795/11/112
f 795/11/112 794/10/112 796/12/112
f 795/11/112 796/12/112 797/13/112
f 797/13/112 796/12/112 798/14/112
f 797/13/112 798/14/112 799/15/112
f 799/15/112 798/14/112 800/16/112
f 799/15/112 800/16/112 801/17/112
f 801/17/112 800/16/112 802/3/112
f 801/17/112 802/3/112 803/18/112
f 803/18/112 802/3/112 804/16/112
f 803/18/112 804/16/112 805/17/112
f 805/17/112 804/16/112 806/14/112
f 805/17/112 806/14/112 807/15/112
f 807/15/112 806/14/112 808/12/112
f 807/15/112 808/12/112 809/13/112
f 809/13/112 808/12/112 810/10/112
f 809/13/112 810/10/112 811/11/112
f 811/11/112 810/10/112 812/9/112
f 811/11/112 812/9/112 813/8/112
f 813/8/112 812/9/112 814/7/112
f 817/19/114 816/7/113 815/7/113
f 816/7/113 817/19/114 818/20/114
f 821/20/115 820/21/116 819/19/115
f 820/21/116 821/20/115 822/22/116
f 825/25/117 824/24/118 823/23/117
f 824/24/118 825/25/117 826/26/118
f 828/7/119 819/19/115 827/7/119
f 819/19/115 828/7/119 821/20/115
f 823/23/117 816/7/113 825/25/117
f 816/7/113 823/23/117 815/7/113
f 824/24/118 830/25/120 829/23/120
f 830/25/120 824/24/118 826/26/118
f 828/7/119 829/23/120 830/25/120
f 829/23/120 828/7/119 827/7/119
f 822/22/116 817/19/114 820/21/116
f 817/19/114 822/22/116 818/20/114
f 833/10/121 832/7/121 831/9/121
f 834/12/121 832/7/121 833/10/121
f 834/12/121 828/7/121 832/7/121
f 835/14/121 828/7/121 834/12/121
f 835/14/121 821/20/121 828/7/121
f 836/16/121 821/20/121 835/14/121
f 837/3/121 821/20/121 836/16/121
f 821/20/121 837/3/121 822/22/121
f 838/16/121 822/22/121 837/3/121
f 838/16/121 818/20/121 822/22/121
f 839/14/121 818/20/121 838/16/121
f 839/14/121 816/7/121 818/20/121
f 840/12/121 816/7/121 839/14/121
f 841/10/121 816/7/121 840/12/121
f 842/9/121 816/7/121 841/10/121
f 816/7/121 842/9/121 843/7/121
f 844/8/121 816/7/121 843/7/121
f 816/7/121 844/8/121 845/11/121
f 816/7/121 845/11/121 846/13/121
f 816/7/121 846/13/121 847/15/121
f 816/7/121 847/15/121 825/25/121
f 825/25/121 847/15/121 848/17/121
f 825/25/121 848/17/121 826/26/121
f 826/26/121 848/17/121 849/18/121
f 849/18/121 830/25/121 826/26/121
f 830/25/121 849/18/121 850/17/121
f 830/25/121 850/17/121 851/15/121
f 830/25/121 851/15/121 828/7/121
f 828/7/121 851/15/121 852/13/121
f 828/7/121 852/13/121 832/7/121
f 832/7/121 852/13/121 853/11/121
f 832/7/121 853/11/121 854/8/121
f 842/29/63 856/28/64 855/27/62
f 856/28/64 842/29/63 841/30/65
f 858/33/73 846/32/100 857/31/80
f 846/32/100 858/33/73 847/34/101
f 838/36/109 860/3/122 859/35/56
f 860/3/122 838/36/109 837/37/123
f 833/30/98 861/39/55 834/38/53
f 861/39/55 833/30/98 862/28/99
f 835/40/52 863/35/82 836/36/81
f 863/35/82 835/40/52 864/41/54
f 866/44/124 848/43/106 865/42/72
f 848/43/106 866/44/124 849/45/125
f 867/48/61 854/47/74 853/46/60
f 854/47/74 867/48/61 868/49/75
f 869/31/59 853/46/60 852/32/58
f 853/46/60 869/31/59 867/48/61
f 839/40/96 859/35/56 870/41/95
f 859/35/56 839/40/96 838/36/109
f 841/30/65 871/39/93 856/28/64
f 871/39/93 841/30/65 840/38/94
f 840/38/94 870/41/95 871/39/93
f 870/41/95 840/38/94 839/40/96
f 843/50/108 855/27/62 872/50/107
f 855/27/62 843/50/108 842/29/63
f 873/41/35 808/38/28 806/40/34
f 808/38/28 873/41/35 874/39/29
f 859/35/56 876/3/126 875/35/24
f 876/3/126 859/35/56 860/3/122
f 811/46/40 877/31/45 809/32/44
f 877/31/45 811/46/40 878/48/42
f 880/28/17 793/29/18 879/27/16
f 793/29/18 880/28/17 794/30/19
f 881/49/85 843/50/108 872/50/107
f 843/50/108 881/49/85 844/47/87
f 831/29/102 862/28/99 833/30/98
f 862/28/99 831/29/102 882/27/90
f 883/42/91 849/45/125 866/44/124
f 849/45/125 883/42/91 850/43/97
f 865/42/72 885/33/22 884/42/36
f 885/33/22 865/42/72 858/33/73
f 834/38/53 864/41/54 835/40/52
f 864/41/54 834/38/53 861/39/55
f 865/42/72 847/34/101 858/33/73
f 847/34/101 865/42/72 848/43/106
f 813/47/41 878/48/42 811/46/40
f 878/48/42 813/47/41 886/49/43
f 887/50/77 868/49/75 886/49/43
f 868/49/75 887/50/77 888/50/76
f 857/31/80 845/46/88 889/48/86
f 845/46/88 857/31/80 846/32/100
f 858/33/73 890/31/20 885/33/22
f 890/31/20 858/33/73 857/31/80
f 891/35/33 806/40/34 804/36/32
f 806/40/34 891/35/33 873/41/35
f 809/32/44 892/33/104 807/34/103
f 892/33/104 809/32/44 877/31/45
f 792/47/67 894/48/78 893/49/66
f 894/48/78 792/47/67 795/46/79
f 814/50/105 886/49/43 813/47/41
f 886/49/43 814/50/105 887/50/77
f 895/27/69 888/50/76 887/50/77
f 888/50/76 895/27/69 882/27/90
f 883/42/91 897/44/127 896/42/70
f 897/44/127 883/42/91 866/44/124
f 899/41/46 796/38/49 898/39/48
f 796/38/49 899/41/46 798/40/47
f 807/34/103 896/42/70 805/43/71
f 896/42/70 807/34/103 892/33/104
f 874/39/29 810/30/30 808/38/28
f 810/30/30 874/39/29 900/28/31
f 797/32/21 885/33/22 890/31/20
f 885/33/22 797/32/21 799/34/23
f 866/44/124 884/42/36 897/44/127
f 884/42/36 866/44/124 865/42/72
f 878/48/42 869/31/59 877/31/45
f 869/31/59 878/48/42 867/48/61
f 874/39/29 862/28/99 900/28/31
f 862/28/99 874/39/29 861/39/55
f 895/27/69 814/50/105 812/29/68
f 814/50/105 895/27/69 887/50/77
f 883/42/91 851/34/83 850/43/97
f 851/34/83 883/42/91 901/33/84
f 860/3/122 891/35/33 876/3/126
f 891/35/33 860/3/122 863/35/82
f 836/36/81 860/3/122 837/37/123
f 860/3/122 836/36/81 863/35/82
f 889/48/86 844/47/87 881/49/85
f 844/47/87 889/48/86 845/46/88
f 832/50/89 882/27/90 831/29/102
f 882/27/90 832/50/89 888/50/76
f 856/28/64 879/27/16 855/27/62
f 879/27/16 856/28/64 880/28/17
f 799/34/23 884/42/36 885/33/22
f 884/42/36 799/34/23 801/43/37
f 864/41/54 874/39/29 873/41/35
f 874/39/29 864/41/54 861/39/55
f 872/50/107 893/49/66 881/49/85
f 893/49/66 872/50/107 902/50/50
f 901/33/84 852/32/58 851/34/83
f 852/32/58 901/33/84 869/31/59
f 791/50/51 893/49/66 902/50/50
f 893/49/66 791/50/51 792/47/67
f 855/27/62 902/50/50 872/50/107
f 902/50/50 855/27/62 879/27/16
f 898/39/48 794/30/19 880/28/17
f 794/30/19 898/39/48 796/38/49
f 881/49/85 894/48/78 889/48/86
f 894/48/78 881/49/85 893/49/66
f 868/49/75 832/50/89 854/47/74
f 832/50/89 868/49/75 888/50/76
f 901/33/84 896/42/70 892/33/104
f 896/42/70 901/33/84 883/42/91
f 889/48/86 890/31/20 857/31/80
f 890/31/20 889/48/86 894/48/78
f 870/41/95 875/35/24 899/41/46
f 875/35/24 870/41/95 859/35/56
f 869/31/59 892/33/104 877/31/45
f 892/33/104 869/31/59 901/33/84
f 876/3/126 800/36/26 875/35/24
f 800/36/26 876/3/126 802/37/128
f 801/43/37 897/44/127 884/42/36
f 897/44/127 801/43/37 803/45/129
f 795/46/79 890/31/20 894/48/78
f 890/31/20 795/46/79 797/32/21
f 900/28/31 882/27/90 895/27/69
f 882/27/90 900/28/31 862/28/99
f 875/35/24 798/40/47 899/41/46
f 798/40/47 875/35/24 800/36/26
f 900/28/31 812/29/68 810/30/30
f 812/29/68 900/28/31 895/27/69
f 863/35/82 873/41/35 891/35/33
f 873/41/35 863/35/82 864/41/54
f 805/43/71 897/44/127 803/45/129
f 897/44/127 805/43/71 896/42/70
f 879/27/16 791/50/51 902/50/50
f 791/50/51 879/27/16 793/29/18
f 886/49/43 867/48/61 878/48/42
f 867/48/61 886/49/43 868/49/75
f 871/39/93 899/41/46 898/39/48
f 899/41/46 871/39/93 870/41/95
f 891/35/33 802/37/128 876/3/126
f 802/37/128 891/35/33 804/36/32
f 871/39/93 880/28/17 856/28/64
f 880/28/17 871/39/93 898/39/48
f 905/51/130 904/51/131 903/51/130
f 904/51/131 905/51/130 906/51/131
f 909/52/132 908/52/132 907/52/132
f 908/52/132 909/52/132 910/52/132
f 912/53/133 908/52/1 911/53/133
f 908/52/1 912/53/133 907/52/1
f 914/54/134 903/51/130 913/54/134
f 903/51/130 914/54/134 905/51/130
f 914/54/134 912/53/133 911/53/133
f 912/53/133 914/54/134 913/54/134
f 909/52/3 906/51/3 910/52/3
f 906/51/3 909/52/3 904/51/3
f 912/53/2 909/52/2 907/52/2
f 909/52/2 912/53/2 904/51/2
f 904/51/2 912/53/2 913/54/2
f 904/51/2 913/54/2 903/51/2
f 906/51/135 908/52/135 910/52/135
f 908/52/135 906/51/135 911/53/135
f 911/53/135 906/51/135 914/54/135
f 914/54/135 906/51/135 905/51/135
f 917/51/2 916/52/2 915/52/2
f 916/52/2 917/51/2 918/53/2
f 918/53/2 917/51/2 919/54/2
f 919/54/2 917/51/2 920/51/2
f 922/53/137 919/54/136 921/54/136
f 919/54/136 922/53/137 918/53/137
f 923/51/138 919/54/136 920/51/138
f 919/54/136 923/51/138 921/54/136
f 917/51/1 925/52/1 924/51/1
f 925/52/1 917/51/1 915/52/1
f 916/52/132 925/52/132 915/52/132
f 925/52/132 916/52/132 926/52/132
f 922/53/135 925/52/135 926/52/135
f 925/52/135 922/53/135 924/51/135
f 924/51/135 922/53/135 921/54/135
f 924/51/135 921/54/135 923/51/135
f 916/52/3 922/53/137 926/52/3
f 922/53/137 916/52/3 918/53/137
f 924/51/131 920/51/138 917/51/131
f 920/51/138 924/51/131 923/51/138
f 929/52/140 928/55/139 927/55/139
f 928/55/139 929/52/140 930/52/140
f 927/55/139 932/51/3 931/51/3
f 932/51/3 927/55/139 928/55/139
f 934/52/141 929/52/140 933/52/141
f 929/52/140 934/52/141 930/52/140
f 934/52/141 936/52/142 935/52/142
f 936/52/142 934/52/141 933/52/141
f 935/52/142 938/52/143 937/52/143
f 938/52/143 935/52/142 936/52/142
f 940/55/144 938/52/143 939/55/144
f 938/52/143 940/55/144 937/52/143
f 942/51/1 939/55/144 941/51/1
f 939/55/144 942/51/1 940/55/144
f 929/52/135 936/52/135 933/52/135
f 936/52/135 929/52/135 938/52/135
f 938/52/135 929/52/135 927/55/135
f 938/52/135 927/55/135 939/55/135
f 939/55/135 927/55/135 931/51/135
f 939/55/135 931/51/135 941/51/135
f 935/52/2 930/52/2 934/52/2
f 930/52/2 935/52/2 937/52/2
f 930/52/2 937/52/2 928/55/2
f 928/55/2 937/52/2 940/55/2
f 928/55/2 940/55/2 932/51/2
f 932/51/2 940/55/2 942/51/2
f 945/51/145 944/52/145 943/52/145
f 944/52/145 945/51/145 946/51/145
f 949/51/146 948/52/147 947/52/146
f 948/52/147 949/51/146 950/51/147
f 951/52/149 945/51/148 943/52/148
f 945/51/148 951/52/149 952/51/149
f 951/52/149 953/51/150 952/51/149
f 953/51/150 951/52/149 954/52/150
f 946/51/151 947/52/146 944/52/151
f 947/52/146 946/51/151 949/51/146
f 950/51/131 956/51/131 955/51/131
f 956/51/131 950/51/131 949/51/131
f 956/51/131 949/51/131 946/51/131
f 956/51/131 946/51/131 945/51/131
f 956/51/131 945/51/131 952/51/131
f 956/51/131 952/51/131 953/51/131
f 958/52/132 948/52/132 957/52/132
f 948/52/132 958/52/132 947/52/132
f 947/52/132 958/52/132 944/52/132
f 944/52/132 958/52/132 943/52/132
f 943/52/132 958/52/132 951/52/132
f 951/52/132 958/52/132 954/52/132
f 955/51/152 958/52/152 957/52/152
f 958/52/152 955/51/152 956/51/152
f 954/52/150 956/51/153 953/51/150
f 956/51/153 954/52/150 958/52/153
f 950/51/147 957/52/154 948/52/147
f 957/52/154 950/51/147 955/51/154
f 961/51/155 960/52/156 959/52/155
f 960/52/156 961/51/155 962/51/156
f 965/51/157 964/52/157 963/52/157
f 964/52/157 965/51/157 966/51/157
f 968/51/158 959/52/155 967/52/158
f 959/52/155 968/51/158 961/51/155
f 969/52/160 965/51/159 963/52/159
f 965/51/159 969/52/160 970/51/160
f 969/52/160 962/51/156 970/51/160
f 962/51/156 969/52/160 960/52/156
f 966/51/161 967/52/158 964/52/161
f 967/52/158 966/51/161 968/51/158
f 968/51/131 962/51/131 961/51/131
f 962/51/131 968/51/131 966/51/131
f 962/51/131 966/51/131 965/51/131
f 962/51/131 965/51/131 970/51/131
f 960/52/132 967/52/132 959/52/132
f 967/52/132 960/52/132 964/52/132
f 964/52/132 960/52/132 963/52/132
f 963/52/132 960/52/132 969/52/132
f 973/51/163 972/51/162 971/51/162
f 972/51/162 973/51/163 974/51/163
f 977/56/164 976/52/164 975/52/164
f 976/52/164 977/56/164 971/51/164
f 971/51/164 977/56/164 973/51/164
f 972/51/165 979/52/165 978/52/165
f 979/52/165 972/51/165 980/56/165
f 980/56/165 972/51/165 974/51/165
f 979/52/166 977/56/167 975/52/166
f 977/56/167 979/52/166 980/56/167
f 977/56/167 974/51/163 973/51/163
f 974/51/163 977/56/167 980/56/167
f 972/51/168 976/52/168 971/51/168
f 976/52/168 972/51/168 978/52/168
f 983/57/131 982/57/131 981/57/131
f 982/57/131 983/57/131 984/57/131
f 982/57/2 986/58/2 985/58/2
f 986/58/2 982/57/2 984/57/2
f 987/59/169 983/57/135 981/57/135
f 983/57/135 987/59/169 988/59/169
f 987/59/169 989/58/170 988/59/169
f 989/58/170 987/59/169 990/58/170
f 990/58/170 986/58/132 989/58/170
f 986/58/132 990/58/170 985/58/132
f 982/57/1 987/59/1 981/57/1
f 987/59/1 982/57/1 990/58/1
f 990/58/1 982/57/1 985/58/1
f 989/58/3 983/57/3 988/59/3
f 983/57/3 989/58/3 984/57/3
f 984/57/3 989/58/3 986/58/3
f 993/57/171 992/58/171 991/58/171
f 992/58/171 993/57/171 994/57/171
f 997/57/131 996/57/131 995/57/131
f 996/57/131 997/57/131 998/57/131
f 996/57/2 915/58/2 909/58/2
f 915/58/2 996/57/2 998/57/2
f 999/59/169 997/57/135 995/57/135
f 997/57/135 999/59/169 1000/59/169
f 999/59/169 1001/58/170 1000/59/169
f 1001/58/170 999/59/169 1002/58/170
f 1002/58/170 915/58/132 1001/58/170
f 915/58/132 1002/58/170 909/58/132
f 996/57/1 999/59/1 995/57/1
f 999/59/1 996/57/1 1002/58/1
f 1002/58/1 996/57/1 909/58/1
f 1001/58/3 997/57/3 1000/59/3
f 997/57/3 1001/58/3 998/57/3
f 998/57/3 1001/58/3 915/58/3
f 1005/57/171 1004/58/171 1003/58/171
f 1004/58/171 1005/57/171 1006/57/171
f 1009/61/1 1008/60/1 1007/60/1
f 1009/61/1 1010/62/1 1008/60/1
f 1011/61/1 1010/62/1 1009/61/1
f 1010/62/1 1011/61/1 1012/63/1
f 1013/64/1 1012/63/1 1011/61/1
f 1012/63/1 1013/64/1 1014/65/1
f 1014/65/1 1013/64/1 1015/64/1
f 1014/65/1 1015/64/1 1016/65/1
f 1016/65/1 1015/64/1 1017/66/1
f 1018/64/131 1015/64/172 1013/64/131
f 1015/64/172 1018/64/131 1019/64/172
f 1020/61/135 1013/64/135 1011/61/135
f 1013/64/135 1020/61/135 1018/64/135
f 1021/61/132 1011/61/132 1009/61/132
f 1011/61/132 1021/61/132 1020/61/132
f 1019/64/172 1017/66/5 1015/64/172
f 1017/66/5 1019/64/172 1022/66/5
f 1007/60/2 1021/61/2 1009/61/2
f 1021/61/2 1007/60/2 1023/60/2
f 1023/60/2 1007/60/2 1024/60/2
f 1024/60/2 1007/60/2 1016/65/2
f 1025/60/2 1023/60/2 1024/60/2
f 1024/60/2 1016/65/2 1026/65/2
f 1023/60/2 1025/60/2 1027/65/2
f 1026/65/2 1016/65/2 1017/66/2
f 1027/65/2 1025/60/2 1028/65/2
f 1026/65/2 1017/66/2 1028/65/2
f 1027/65/2 1028/65/2 1022/66/2
f 1022/66/2 1028/65/2 1017/66/2
f 1029/60/3 1021/61/3 1023/60/3
f 1030/62/3 1021/61/3 1029/60/3
f 1030/62/3 1020/61/3 1021/61/3
f 1020/61/3 1030/62/3 1018/64/3
f 1031/63/3 1018/64/3 1030/62/3
f 1032/65/3 1018/64/3 1031/63/3
f 1018/64/3 1032/65/3 1019/64/3
f 1019/64/3 1032/65/3 1027/65/3
f 1019/64/3 1027/65/3 1022/66/3
f 1034/64/173 993/64/131 1033/64/173
f 993/64/131 1034/64/173 994/64/131
f 991/61/132 1036/61/174 1035/61/174
f 1036/61/174 991/61/132 992/61/132
f 1038/67/175 1033/64/173 1037/67/175
f 1033/64/173 1038/67/175 1034/64/173
f 1035/61/174 1040/68/176 1039/68/176
f 1040/68/176 1035/61/174 1036/61/174
f 1038/67/175 1039/68/176 1040/68/176
f 1039/68/176 1038/67/175 1037/67/175
f 1033/64/112 1039/68/112 1037/67/112
f 1039/68/112 1033/64/112 1035/61/112
f 1035/61/112 1033/64/112 993/64/112
f 1035/61/112 993/64/112 991/61/112
f 1036/61/121 1038/67/121 1040/68/121
f 1038/67/121 1036/61/121 1034/64/121
f 1034/64/121 1036/61/121 992/61/121
f 1034/64/121 992/61/121 994/64/121
f 1042/64/173 1005/64/131 1041/64/173
f 1005/64/131 1042/64/173 1006/64/131
f 1003/61/132 1044/61/174 1043/61/174
f 1044/61/174 1003/61/132 1004/61/132
f 1046/67/175 1041/64/173 1045/67/175
f 1041/64/173 1046/67/175 1042/64/173
f 1043/61/174 1048/68/176 1047/68/176
f 1048/68/176 1043/61/174 1044/61/174
f 1046/67/175 1047/68/176 1048/68/176
f 1047/68/176 1046/67/175 1045/67/175
f 1041/64/112 1047/68/112 1045/67/112
f 1047/68/112 1041/64/112 1043/61/112
f 1043/61/112 1041/64/112 1005/64/112
f 1043/61/112 1005/64/112 1003/61/112
f 1044/61/121 1046/67/121 1048/68/121
f 1046/67/121 1044/61/121 1042/64/121
f 1042/64/121 1044/61/121 1004/61/121
f 1042/64/121 1004/61/121 1006/64/121
f 1050/61/3 20/69/3 1049/69/3
f 20/69/3 1050/61/3 18/61/3
f 19/69/1 1052/61/1 1051/69/1
f 1052/61/1 19/69/1 17/61/1
f 1053/69/3 22/70/3 27/64/3
f 22/70/3 1053/69/3 21/69/3
f 1053/69/135 28/64/135 1049/69/135
f 28/64/135 1053/69/135 27/64/135
f 21/69/132 1049/69/132 20/69/132
f 1049/69/132 21/69/132 1053/69/132
f 24/70/1 1054/69/1 26/64/1
f 1054/69/1 24/70/1 23/69/1
f 19/69/132 1054/69/132 23/69/132
f 1054/69/132 19/69/132 1051/69/132
f 25/64/135 1054/69/135 1051/69/135
f 1054/69/135 25/64/135 26/64/135
f 1058/74/177 1060/73/181 62/76/177
f 67/77/181 62/76/177 1060/73/181
f 1055/71/179 1057/73/178 53/71/179
f 61/77/178 53/71/179 1057/73/178
f 1059/75/183 1056/72/180 58/79/183
f 55/78/180 58/79/183 1056/72/180
f 1061/72/184 57/78/184 1062/71/182
f 65/71/182 1062/71/182 57/78/184
f 1061/72/184 1059/75/183 57/78/184
f 58/79/183 57/78/184 1059/75/183
f 1062/71/182 65/71/182 1060/73/181
f 67/77/181 1060/73/181 65/71/182
f 55/78/180 1056/72/180 53/71/179
f 1055/71/179 53/71/179 1056/72/180
f 1057/73/178 1058/74/177 61/77/178
f 62/76/177 61/77/178 1058/74/177
f 1062/71/15 1060/73/15 1061/72/15
f 1061/72/15 1060/73/15 1059/75/15
f 1060/73/15 1058/74/15 1059/75/15
f 1059/75/15 1058/74/15 1056/72/15
f 1058/74/15 1057/73/15 1056/72/15
f 1055/71/15 1056/72/15 1057/73/15
f 1065/73/121 1064/72/121 1063/71/121
f 1064/72/121 1065/73/121 1066/74/121
f 1064/72/121 1066/74/121 1067/75/121
f 1067/75/121 1066/74/121 1068/73/121
f 1067/75/121 1068/73/121 1069/72/121
f 1069/72/121 1068/73/121 1070/71/121
f 1066/74/185 173/77/186 174/76/185
f 173/77/186 1066/74/185 1065/73/186
f 1064/72/188 165/71/187 1063/71/187
f 165/71/187 1064/72/188 167/78/188
f 177/71/190 1068/73/189 179/77/189
f 1068/73/189 177/71/190 1070/71/190
f 170/79/192 1069/72/191 169/78/191
f 1069/72/191 170/79/192 1067/75/192
f 169/78/191 1070/71/190 177/71/190
f 1070/71/190 169/78/191 1069/72/191
f 1064/72/188 170/79/192 167/78/188
f 170/79/192 1064/72/188 1067/75/192
f 1065/73/186 165/71/187 173/77/186
f 165/71/187 1065/73/186 1063/71/187
f 1068/73/189 174/76/185 179/77/189
f 174/76/185 1068/73/189 1066/74/185
f 1073/73/121 1072/72/121 1071/71/121
f 1072/72/121 1073/73/121 1074/74/121
f 1072/72/121 1074/74/121 1075/75/121
f 1075/75/121 1074/74/121 1076/73/121
f 1075/75/121 1076/73/121 1077/72/121
f 1077/72/121 1076/73/121 1078/71/121
f 1074/74/185 285/77/186 286/76/185
f 285/77/186 1074/74/185 1073/73/186
f 1072/72/188 277/71/187 1071/71/187
f 277/71/187 1072/72/188 279/78/188
f 289/71/190 1076/73/189 291/77/189
f 1076/73/189 289/71/190 1078/71/190
f 282/79/192 1077/72/191 281/78/191
f 1077/72/191 282/79/192 1075/75/192
f 281/78/191 1078/71/190 289/71/190
f 1078/71/190 281/78/191 1077/72/191
f 1072/72/188 282/79/192 279/78/188
f 282/79/192 1072/72/188 1075/75/192
f 1073/73/186 277/71/187 285/77/186
f 277/71/187 1073/73/186 1071/71/187
f 1076/73/189 286/76/185 291/77/189
f 286/76/185 1076/73/189 1074/74/185
f 304/82/63 1080/81/64 1079/80/62
f 1080/81/64 304/82/63 303/83/65
f 300/85/109 1082/64/122 1081/84/56
f 1082/64/122 300/85/109 299/86/123
f 295/83/98 1083/88/55 296/87/53
f 1083/88/55 295/83/98 1084/81/99
f 297/89/52 1085/84/82 298/85/81
f 1085/84/82 297/89/52 1086/90/54
f 301/89/96 1081/84/56 1087/90/95
f 1081/84/56 301/89/96 300/85/109
f 303/83/65 1088/88/93 1080/81/64
f 1088/88/93 303/83/65 302/87/94
f 302/87/94 1087/90/95 1088/88/93
f 1087/90/95 302/87/94 301/89/96
f 305/91/108 1079/80/62 330/91/107
f 1079/80/62 305/91/108 304/82/63
f 1081/84/56 353/64/126 352/84/24
f 353/64/126 1081/84/56 1082/64/122
f 293/82/102 1084/81/99 295/83/98
f 1084/81/99 293/82/102 1089/80/90
f 296/87/53 1086/90/54 297/89/52
f 1086/90/54 296/87/53 1083/88/55
f 349/80/69 337/91/76 336/91/77
f 337/91/76 349/80/69 1089/80/90
f 325/88/29 1084/81/99 348/81/31
f 1084/81/99 325/88/29 1083/88/55
f 1082/64/122 340/84/33 353/64/126
f 340/84/33 1082/64/122 1085/84/82
f 298/85/81 1082/64/122 299/86/123
f 1082/64/122 298/85/81 1085/84/82
f 294/91/89 1089/80/90 293/82/102
f 1089/80/90 294/91/89 337/91/76
f 1080/81/64 328/80/16 1079/80/62
f 328/80/16 1080/81/64 329/81/17
f 1086/90/54 325/88/29 324/90/35
f 325/88/29 1086/90/54 1083/88/55
f 1079/80/62 351/91/50 330/91/107
f 351/91/50 1079/80/62 328/80/16
f 347/90/46 1081/84/56 352/84/24
f 1081/84/56 347/90/46 1087/90/95
f 348/81/31 1089/80/90 349/80/69
f 1089/80/90 348/81/31 1084/81/99
f 340/84/33 1086/90/54 324/90/35
f 1086/90/54 340/84/33 1085/84/82
f 1088/88/93 347/90/46 346/88/48
f 347/90/46 1088/88/93 1087/90/95
f 1088/88/93 329/81/17 1080/81/64
f 329/81/17 1088/88/93 346/88/48
f 1092/73/121 1091/72/121 1090/71/121
f 1091/72/121 1092/73/121 1093/74/121
f 1091/72/121 1093/74/121 1094/75/121
f 1094/75/121 1093/74/121 1095/73/121
f 1094/75/121 1095/73/121 1096/72/121
f 1096/72/121 1095/73/121 1097/71/121
f 1093/74/185 388/77/186 386/76/185
f 388/77/186 1093/74/185 1092/73/186
f 1091/72/188 378/71/187 1090/71/187
f 378/71/187 1091/72/188 380/78/188
f 390/71/190 1095/73/189 392/77/189
f 1095/73/189 390/71/190 1097/71/190
f 1094/75/192 382/78/191 383/79/192
f 382/78/191 1094/75/192 1096/72/191
f 382/78/191 1097/71/190 390/71/190
f 1097/71/190 382/78/191 1096/72/191
f 380/78/188 1094/75/192 383/79/192
f 1094/75/192 380/78/188 1091/72/188
f 1092/73/186 378/71/187 388/77/186
f 378/71/187 1092/73/186 1090/71/187
f 1095/73/189 386/76/185 392/77/189
f 386/76/185 1095/73/189 1093/74/185
f 1101/74/177 1103/73/181 499/76/177
f 504/77/181 499/76/177 1103/73/181
f 1098/71/179 1100/73/178 490/71/179
f 498/77/178 490/71/179 1100/73/178
f 1102/75/183 1099/72/180 495/79/183
f 492/78/180 495/79/183 1099/72/180
f 1104/72/184 494/78/184 1105/71/182
f 502/71/182 1105/71/182 494/78/184
f 1104/72/184 1102/75/183 494/78/184
f 495/79/183 494/78/184 1102/75/183
f 1105/71/182 502/71/182 1103/73/181
f 504/77/181 1103/73/181 502/71/182
f 492/78/180 1099/72/180 490/71/179
f 1098/71/179 490/71/179 1099/72/180
f 1100/73/178 1101/74/177 498/77/178
f 499/76/177 498/77/178 1101/74/177
f 1105/71/15 1103/73/15 1104/72/15
f 1104/72/15 1103/73/15 1102/75/15
f 1103/73/15 1101/74/15 1102/75/15
f 1102/75/15 1101/74/15 1099/72/15
f 1101/74/15 1100/73/15 1099/72/15
f 1098/71/15 1099/72/15 1100/73/15
f 1109/74/177 1111/73/181 611/76/177
f 616/77/181 611/76/177 1111/73/181
f 1106/71/179 1108/73/178 602/71/179
f 610/77/178 602/71/179 1108/73/178
f 1110/75/183 1107/72/180 607/79/183
f 604/78/180 607/79/183 1107/72/180
f 1112/72/184 606/78/184 1113/71/182
f 614/71/182 1113/71/182 606/78/184
f 1112/72/184 1110/75/183 606/78/184
f 607/79/183 606/78/184 1110/75/183
f 1113/71/182 614/71/182 1111/73/181
f 616/77/181 1111/73/181 614/71/182
f 604/78/180 1107/72/180 602/71/179
f 1106/71/179 602/71/179 1107/72/180
f 1108/73/178 1109/74/177 610/77/178
f 611/76/177 610/77/178 1109/74/177
f 1113/71/15 1111/73/15 1112/72/15
f 1112/72/15 1111/73/15 1110/75/15
f 1111/73/15 1109/74/15 1110/75/15
f 1110/75/15 1109/74/15 1107/72/15
f 1109/74/15 1108/73/15 1107/72/15
f 1106/71/15 1107/72/15 1108/73/15
f 671/88/93 1123/88/48 654/81/64
f 1115/81/17 654/81/64 1123/88/48
f 1122/90/46 1123/88/48 672/90/95
f 671/88/93 672/90/95 1123/88/48
f 1120/84/33 665/84/82 1121/90/35
f 649/90/54 1121/90/35 665/84/82
f 1119/81/31 673/81/99 1124/80/69
f 674/80/90 1124/80/69 673/81/99
f 1122/90/46 672/90/95 1116/84/24
f 677/84/56 1116/84/24 672/90/95
f 653/80/62 1114/80/16 676/91/107
f 655/91/50 676/91/107 1114/80/16
f 1121/90/35 649/90/54 1118/88/29
f 650/88/55 1118/88/29 649/90/54
f 654/81/64 1115/81/17 653/80/62
f 1114/80/16 653/80/62 1115/81/17
f 662/91/77 619/91/105 1124/80/69
f 618/82/68 1124/80/69 619/91/105
f 623/85/32 624/86/27 1120/84/33
f 1117/64/25 1120/84/33 624/86/27
f 1120/84/33 1117/64/25 665/84/82
f 678/64/57 665/84/82 1117/64/25
f 1118/88/29 650/88/55 1119/81/31
f 673/81/99 1119/81/31 650/88/55
f 1124/80/69 674/80/90 662/91/77
f 661/91/76 662/91/77 674/80/90
f 1118/88/29 621/87/28 1121/90/35
f 622/89/34 1121/90/35 621/87/28
f 1124/80/69 618/82/68 1119/81/31
f 620/83/30 1119/81/31 618/82/68
f 1117/64/25 1116/84/24 678/64/57
f 677/84/56 678/64/57 1116/84/24
f 629/82/18 630/91/51 1114/80/16
f 655/91/50 1114/80/16 630/91/51
f 626/89/47 627/87/49 1122/90/46
f 1123/88/48 1122/90/46 627/87/49
f 627/87/49 628/83/19 1123/88/48
f 1115/81/17 1123/88/48 628/83/19
f 625/85/26 626/89/47 1116/84/24
f 1122/90/46 1116/84/24 626/89/47
f 1121/90/35 622/89/34 1120/84/33
f 623/85/32 1120/84/33 622/89/34
f 1119/81/31 620/83/30 1118/88/29
f 621/87/28 1118/88/29 620/83/30
f 624/86/27 625/85/26 1117/64/25
f 1116/84/24 1117/64/25 625/85/26
f 628/83/19 629/82/18 1115/81/17
f 1114/80/16 1115/81/17 629/82/18
f 1128/74/177 1130/73/181 712/76/177
f 717/77/181 712/76/177 1130/73/181
f 1125/71/179 1127/73/178 703/71/179
f 711/77/178 703/71/179 1127/73/178
f 1129/75/183 1126/72/180 708/79/183
f 705/78/180 708/79/183 1126/72/180
f 1131/72/184 707/78/184 1132/71/182
f 715/71/182 1132/71/182 707/78/184
f 1131/72/184 1129/75/183 707/78/184
f 708/79/183 707/78/184 1129/75/183
f 1132/71/182 715/71/182 1130/73/181
f 717/77/181 1130/73/181 715/71/182
f 705/78/180 1126/72/180 703/71/179
f 1125/71/179 703/71/179 1126/72/180
f 1127/73/178 1128/74/177 711/77/178
f 712/76/177 711/77/178 1128/74/177
f 1132/71/15 1130/73/15 1131/72/15
f 1131/72/15 1130/73/15 1129/75/15
f 1130/73/15 1128/74/15 1129/75/15
f 1129/75/15 1128/74/15 1126/72/15
f 1128/74/15 1127/73/15 1126/72/15
f 1125/71/15 1126/72/15 1127/73/15
f 1135/73/121 1134/72/121 1133/71/121
f 1134/72/121 1135/73/121 1136/74/121
f 1134/72/121 1136/74/121 1137/75/121
f 1137/75/121 1136/74/121 1138/73/121
f 1137/75/121 1138/73/121 1139/72/121
f 1139/72/121 1138/73/121 1140/71/121
f 1136/74/185 823/77/186 824/76/185
f 823/77/186 1136/74/185 1135/73/186
f 1134/72/188 815/71/187 1133/71/187
f 815/71/187 1134/72/188 817/78/188
f 827/71/190 1138/73/189 829/77/189
f 1138/73/189 827/71/190 1140/71/190
f 820/79/192 1139/72/191 819/78/191
f 1139/72/191 820/79/192 1137/75/192
f 819/78/191 1140/71/190 827/71/190
f 1140/71/190 819/78/191 1139/72/191
f 1134/72/188 820/79/192 817/78/188
f 820/79/192 1134/72/188 1137/75/192
f 1135/73/186 815/71/187 823/77/186
f 815/71/187 1135/73/186 1133/71/187
f 1138/73/189 824/76/185 829/77/189
f 824/76/185 1138/73/189 1136/74/185
f 1143/92/132 1142/92/174 1141/92/132
f 1142/92/174 1143/92/132 1144/92/174
f 1147/93/193 1146/94/112 1145/93/193
f 1146/94/112 1147/93/193 1142/92/112
f 1142/92/112 1147/93/193 1141/92/112
f 1144/92/121 1149/93/194 1148/94/121
f 1149/93/194 1144/92/121 1150/93/194
f 1150/93/194 1144/92/121 1143/92/121
f 1153/95/195 1152/95/196 1151/95/195
f 1152/95/196 1153/95/195 1154/95/196
f 1145/93/193 1151/95/195 1147/93/193
f 1151/95/195 1145/93/193 1153/95/195
f 1149/93/194 1152/95/196 1154/95/196
f 1152/95/196 1149/93/194 1150/93/194
f 1147/93/171 1143/92/171 1141/92/171
f 1143/92/171 1147/93/171 1150/93/171
f 1150/93/171 1147/93/171 1151/95/171
f 1150/93/171 1151/95/171 1152/95/171
f 1149/93/157 1146/94/176 1148/94/176
f 1146/94/176 1149/93/157 1145/93/157
f 1145/93/157 1149/93/157 1154/95/157
f 1145/93/157 1154/95/157 1153/95/157
f 1144/92/174 1146/94/176 1142/92/174
f 1146/94/176 1144/92/174 1148/94/176

