# Created by Kenney (www.kenney.nl)

mtllib truck-b.mtl

g truck-b

v 0.28125 0.685 1.011879 1 1 1
v 0.28125 0.62 1.011879 1 1 1
v 0.28125 0.735 1.061879 1 1 1
v 0.28125 0.57 1.061879 1 1 1
v 0.28125 0.735 1.303125 1 1 1
v 0.28125 0.57 1.303125 1 1 1
v 0.22125 0.57 1.303125 1 1 1
v -0.22125 0.57 1.303125 1 1 1
v 0.22125 0.735 1.303125 1 1 1
v -0.22125 0.735 1.303125 1 1 1
v -0.28125 0.62 1.011879 1 1 1
v -0.28125 0.685 1.011879 1 1 1
v -0.28125 0.57 1.061879 1 1 1
v -0.28125 0.735 1.061879 1 1 1
v -0.28125 0.57 1.303125 1 1 1
v -0.28125 0.735 1.303125 1 1 1
v 0.17125 0.25375 1.35 1 1 1
v -0.17125 0.25375 1.35 1 1 1
v 0.17125 0.3634375 1.35 1 1 1
v -0.17125 0.3634375 1.35 1 1 1
v -0.22125 0.3634375 1.35 1 1 1
v -0.22125 0.473125 1.35 1 1 1
v 0.22125 0.3634375 1.35 1 1 1
v 0.22125 0.473125 1.35 1 1 1
v 0.17125 0.52 1.303125 1 1 1
v 0.22125 0.52 1.303125 1 1 1
v -0.22125 0.52 1.303125 1 1 1
v -0.17125 0.52 1.303125 1 1 1
v -0.1875 0.1875 1.265301 1 1 1
v -0.1875 0.1487609 1.260201 1 1 1
v -0.1875 0.2262391 1.260201 1 1 1
v -0.1875 0.2623382 1.245249 1 1 1
v -0.1875 0.1126618 1.245249 1 1 1
v -0.1875 0.2933372 1.221462 1 1 1
v -0.1875 0.08166279 1.221462 1 1 1
v -0.1875 0.3171236 1.190463 1 1 1
v -0.1875 0.05787642 1.190463 1 1 1
v -0.1875 0.3320763 1.154364 1 1 1
v -0.1875 0.04292369 1.154364 1 1 1
v -0.1875 0.3371764 1.115625 1 1 1
v -0.1875 0.03782359 1.115625 1 1 1
v -0.1875 0.3320763 1.076886 1 1 1
v -0.1875 0.04292369 1.076886 1 1 1
v -0.1875 0.3171236 1.040787 1 1 1
v -0.1875 0.05787642 1.040787 1 1 1
v -0.1875 0.2933372 1.009788 1 1 1
v -0.1875 0.08166279 1.009788 1 1 1
v -0.1875 0.2623382 0.9860014 1 1 1
v -0.1875 0.1126618 0.9860014 1 1 1
v -0.1875 0.2262391 0.9710487 1 1 1
v -0.1875 0.1487609 0.9710487 1 1 1
v -0.1875 0.1875 0.9659486 1 1 1
v -0.3375 0.1875 1.171999 1 1 1
v -0.375 0.1875 1.205107 1 1 1
v -0.3375 0.2273623 1.155487 1 1 1
v -0.375 0.2507735 1.178899 1 1 1
v -0.3375 0.2273623 1.075763 1 1 1
v -0.3375 0.2438738 1.115625 1 1 1
v -0.375 0.2507735 1.052351 1 1 1
v -0.375 0.2769822 1.115625 1 1 1
v -0.3375 0.1476377 1.155487 1 1 1
v -0.3375 0.1311262 1.115625 1 1 1
v -0.375 0.1242265 1.178899 1 1 1
v -0.375 0.09801773 1.115625 1 1 1
v -0.3375 0.1875 1.059251 1 1 1
v -0.375 0.1875 1.026143 1 1 1
v -0.3375 0.1476377 1.075763 1 1 1
v -0.375 0.1242265 1.052351 1 1 1
v -0.375 0.2262391 0.9710487 1 1 1
v -0.375 0.1875 0.9659486 1 1 1
v -0.375 0.2623382 0.9860014 1 1 1
v -0.375 0.2933372 1.009788 1 1 1
v -0.375 0.3171236 1.040787 1 1 1
v -0.375 0.3320763 1.076886 1 1 1
v -0.375 0.3371764 1.115625 1 1 1
v -0.375 0.3320763 1.154364 1 1 1
v -0.375 0.3171236 1.190463 1 1 1
v -0.375 0.2933372 1.221462 1 1 1
v -0.375 0.2623382 1.245249 1 1 1
v -0.375 0.2262391 1.260201 1 1 1
v -0.375 0.1875 1.265301 1 1 1
v -0.375 0.1487609 1.260201 1 1 1
v -0.375 0.1126618 1.245249 1 1 1
v -0.375 0.08166279 1.221462 1 1 1
v -0.375 0.05787642 1.190463 1 1 1
v -0.375 0.04292369 1.154364 1 1 1
v -0.375 0.03782359 1.115625 1 1 1
v -0.375 0.04292369 1.076886 1 1 1
v -0.375 0.05787642 1.040787 1 1 1
v -0.375 0.08166279 1.009788 1 1 1
v -0.375 0.1126618 0.9860014 1 1 1
v -0.375 0.1487609 0.9710487 1 1 1
v -0.3375 0.05491748 1.248208 1 1 1
v -0.3375 0.02512024 1.209375 1 1 1
v -0.3375 0.006388907 1.164154 1 1 1
v -0.3375 5.414336E-17 1.115625 1 1 1
v -0.3375 0.09375 0.9532453 1 1 1
v -0.3375 0.1389714 0.9345139 1 1 1
v -0.3375 0.05491748 0.9830425 1 1 1
v -0.225 0.3498798 1.021875 1 1 1
v -0.225 0.3200825 0.9830425 1 1 1
v -0.225 0.05491748 0.9830425 1 1 1
v -0.225 0.09375 0.9532453 1 1 1
v -0.225 0.2360286 1.296736 1 1 1
v -0.225 0.28125 1.278005 1 1 1
v -0.3375 0.1875 1.303125 1 1 1
v -0.3375 0.1389714 1.296736 1 1 1
v -0.3375 0.006388907 1.067096 1 1 1
v -0.225 0.006388907 1.164154 1 1 1
v -0.225 0.02512024 1.209375 1 1 1
v -0.225 0.1389714 0.9345139 1 1 1
v -0.225 0.1875 0.928125 1 1 1
v -0.3375 0.1875 0.928125 1 1 1
v -0.3375 0.09375 1.278005 1 1 1
v -0.225 0.05491748 1.248208 1 1 1
v -0.225 0.3686111 1.067096 1 1 1
v -0.225 0.02512024 1.021875 1 1 1
v -0.225 0.1389714 1.296736 1 1 1
v -0.225 0.09375 1.278005 1 1 1
v -0.225 0.006388907 1.067096 1 1 1
v -0.225 5.414336E-17 1.115625 1 1 1
v -0.225 0.3200825 1.248208 1 1 1
v -0.225 0.3498798 1.209375 1 1 1
v -0.225 0.28125 0.9532453 1 1 1
v -0.225 0.2360286 0.9345139 1 1 1
v -0.3375 0.02512024 1.021875 1 1 1
v -0.225 0.1875 1.303125 1 1 1
v -0.225 0.3686111 1.164154 1 1 1
v -0.225 0.375 1.115625 1 1 1
v -0.1875 0.1875 -0.2646986 1 1 1
v -0.1875 0.1487609 -0.2697987 1 1 1
v -0.1875 0.2262391 -0.2697987 1 1 1
v -0.1875 0.2623382 -0.2847514 1 1 1
v -0.1875 0.1126618 -0.2847514 1 1 1
v -0.1875 0.2933372 -0.3085378 1 1 1
v -0.1875 0.08166279 -0.3085378 1 1 1
v -0.1875 0.3171236 -0.3395368 1 1 1
v -0.1875 0.05787642 -0.3395368 1 1 1
v -0.1875 0.3320763 -0.3756359 1 1 1
v -0.1875 0.04292369 -0.3756359 1 1 1
v -0.1875 0.3371764 -0.414375 1 1 1
v -0.1875 0.03782359 -0.414375 1 1 1
v -0.1875 0.3320763 -0.4531141 1 1 1
v -0.1875 0.04292369 -0.4531141 1 1 1
v -0.1875 0.3171236 -0.4892132 1 1 1
v -0.1875 0.05787642 -0.4892132 1 1 1
v -0.1875 0.2933372 -0.5202122 1 1 1
v -0.1875 0.08166279 -0.5202122 1 1 1
v -0.1875 0.2623382 -0.5439986 1 1 1
v -0.1875 0.1126618 -0.5439986 1 1 1
v -0.1875 0.2262391 -0.5589513 1 1 1
v -0.1875 0.1487609 -0.5589513 1 1 1
v -0.1875 0.1875 -0.5640514 1 1 1
v -0.3375 0.1875 -0.3580012 1 1 1
v -0.375 0.1875 -0.3248928 1 1 1
v -0.3375 0.2273623 -0.3745127 1 1 1
v -0.375 0.2507735 -0.3511015 1 1 1
v -0.3375 0.2273623 -0.4542373 1 1 1
v -0.3375 0.2438738 -0.414375 1 1 1
v -0.375 0.2507735 -0.4776485 1 1 1
v -0.375 0.2769822 -0.414375 1 1 1
v -0.3375 0.1476377 -0.3745127 1 1 1
v -0.3375 0.1311262 -0.414375 1 1 1
v -0.375 0.1242265 -0.3511015 1 1 1
v -0.375 0.09801773 -0.414375 1 1 1
v -0.3375 0.1875 -0.4707488 1 1 1
v -0.375 0.1875 -0.5038573 1 1 1
v -0.3375 0.1476377 -0.4542373 1 1 1
v -0.375 0.1242265 -0.4776485 1 1 1
v -0.375 0.2262391 -0.5589513 1 1 1
v -0.375 0.1875 -0.5640514 1 1 1
v -0.375 0.2623382 -0.5439986 1 1 1
v -0.375 0.2933372 -0.5202122 1 1 1
v -0.375 0.3171236 -0.4892132 1 1 1
v -0.375 0.3320763 -0.4531141 1 1 1
v -0.375 0.3371764 -0.414375 1 1 1
v -0.375 0.3320763 -0.3756359 1 1 1
v -0.375 0.3171236 -0.3395368 1 1 1
v -0.375 0.2933372 -0.3085378 1 1 1
v -0.375 0.2623382 -0.2847514 1 1 1
v -0.375 0.2262391 -0.2697987 1 1 1
v -0.375 0.1875 -0.2646986 1 1 1
v -0.375 0.1487609 -0.2697987 1 1 1
v -0.375 0.1126618 -0.2847514 1 1 1
v -0.375 0.08166279 -0.3085378 1 1 1
v -0.375 0.05787642 -0.3395368 1 1 1
v -0.375 0.04292369 -0.3756359 1 1 1
v -0.375 0.03782359 -0.414375 1 1 1
v -0.375 0.04292369 -0.4531141 1 1 1
v -0.375 0.05787642 -0.4892132 1 1 1
v -0.375 0.08166279 -0.5202122 1 1 1
v -0.375 0.1126618 -0.5439986 1 1 1
v -0.375 0.1487609 -0.5589513 1 1 1
v -0.3375 0.2360286 -0.2332639 1 1 1
v -0.3375 0.28125 -0.2519952 1 1 1
v -0.3375 0.05491748 -0.2817925 1 1 1
v -0.3375 0.02512024 -0.320625 1 1 1
v -0.3375 0.3686111 -0.3658464 1 1 1
v -0.3375 0.375 -0.414375 1 1 1
v -0.3375 0.3200825 -0.5469575 1 1 1
v -0.3375 0.28125 -0.5767548 1 1 1
v -0.3375 0.3686111 -0.4629036 1 1 1
v -0.3375 0.3498798 -0.508125 1 1 1
v -0.3375 0.006388907 -0.3658464 1 1 1
v -0.3375 1.923559E-31 -0.414375 1 1 1
v -0.3375 0.09375 -0.5767548 1 1 1
v -0.3375 0.1389714 -0.5954861 1 1 1
v -0.3375 0.05491748 -0.5469575 1 1 1
v -0.3375 0.3498798 -0.320625 1 1 1
v -0.3375 0.3200825 -0.2817925 1 1 1
v -0.3375 0.1875 -0.226875 1 1 1
v -0.225 0.3498798 -0.508125 1 1 1
v -0.225 0.3200825 -0.5469575 1 1 1
v -0.225 0.3686111 -0.3658464 1 1 1
v -0.225 0.375 -0.414375 1 1 1
v -0.225 0.05491748 -0.5469575 1 1 1
v -0.225 0.09375 -0.5767548 1 1 1
v -0.225 0.2360286 -0.2332639 1 1 1
v -0.225 0.28125 -0.2519952 1 1 1
v -0.3375 0.1389714 -0.2332639 1 1 1
v -0.3375 0.2360286 -0.5954861 1 1 1
v -0.3375 0.006388907 -0.4629036 1 1 1
v -0.225 0.006388907 -0.3658464 1 1 1
v -0.225 0.02512024 -0.320625 1 1 1
v -0.225 0.1389714 -0.5954861 1 1 1
v -0.225 0.1875 -0.601875 1 1 1
v -0.3375 0.1875 -0.601875 1 1 1
v -0.3375 0.09375 -0.2519952 1 1 1
v -0.225 0.05491748 -0.2817925 1 1 1
v -0.225 0.3686111 -0.4629036 1 1 1
v -0.225 0.02512024 -0.508125 1 1 1
v -0.225 0.1389714 -0.2332639 1 1 1
v -0.225 0.09375 -0.2519952 1 1 1
v -0.225 0.2360286 -0.5954861 1 1 1
v -0.225 0.006388907 -0.4629036 1 1 1
v -0.225 1.923559E-31 -0.414375 1 1 1
v -0.225 0.3200825 -0.2817925 1 1 1
v -0.225 0.3498798 -0.320625 1 1 1
v -0.225 0.28125 -0.5767548 1 1 1
v -0.3375 0.02512024 -0.508125 1 1 1
v -0.225 0.1875 -0.226875 1 1 1
v -0.1875 0.1875 -0.6246986 1 1 1
v -0.1875 0.1487609 -0.6297987 1 1 1
v -0.1875 0.2262391 -0.6297987 1 1 1
v -0.1875 0.2623382 -0.6447514 1 1 1
v -0.1875 0.1126618 -0.6447514 1 1 1
v -0.1875 0.2933372 -0.6685378 1 1 1
v -0.1875 0.08166279 -0.6685378 1 1 1
v -0.1875 0.3171236 -0.6995368 1 1 1
v -0.1875 0.05787642 -0.6995368 1 1 1
v -0.1875 0.3320763 -0.7356359 1 1 1
v -0.1875 0.04292369 -0.7356359 1 1 1
v -0.1875 0.3371764 -0.774375 1 1 1
v -0.1875 0.03782359 -0.774375 1 1 1
v -0.1875 0.3320763 -0.8131141 1 1 1
v -0.1875 0.04292369 -0.8131141 1 1 1
v -0.1875 0.3171236 -0.8492132 1 1 1
v -0.1875 0.05787642 -0.8492132 1 1 1
v -0.1875 0.2933372 -0.8802122 1 1 1
v -0.1875 0.08166279 -0.8802122 1 1 1
v -0.1875 0.2623382 -0.9039986 1 1 1
v -0.1875 0.1126618 -0.9039986 1 1 1
v -0.1875 0.2262391 -0.9189513 1 1 1
v -0.1875 0.1487609 -0.9189513 1 1 1
v -0.1875 0.1875 -0.9240514 1 1 1
v -0.3375 0.1875 -0.7180012 1 1 1
v -0.375 0.1875 -0.6848928 1 1 1
v -0.3375 0.2273623 -0.7345127 1 1 1
v -0.375 0.2507735 -0.7111015 1 1 1
v -0.3375 0.2273623 -0.8142374 1 1 1
v -0.3375 0.2438738 -0.774375 1 1 1
v -0.375 0.2507735 -0.8376485 1 1 1
v -0.375 0.2769822 -0.774375 1 1 1
v -0.3375 0.1476377 -0.7345127 1 1 1
v -0.3375 0.1311262 -0.774375 1 1 1
v -0.375 0.1242265 -0.7111015 1 1 1
v -0.375 0.09801773 -0.774375 1 1 1
v -0.3375 0.1875 -0.8307489 1 1 1
v -0.375 0.1875 -0.8638573 1 1 1
v -0.3375 0.1476377 -0.8142374 1 1 1
v -0.375 0.1242265 -0.8376485 1 1 1
v -0.375 0.2262391 -0.9189513 1 1 1
v -0.375 0.1875 -0.9240514 1 1 1
v -0.375 0.2623382 -0.9039986 1 1 1
v -0.375 0.2933372 -0.8802122 1 1 1
v -0.375 0.3171236 -0.8492132 1 1 1
v -0.375 0.3320763 -0.8131141 1 1 1
v -0.375 0.3371764 -0.774375 1 1 1
v -0.375 0.3320763 -0.7356359 1 1 1
v -0.375 0.3171236 -0.6995368 1 1 1
v -0.375 0.2933372 -0.6685378 1 1 1
v -0.375 0.2623382 -0.6447514 1 1 1
v -0.375 0.2262391 -0.6297987 1 1 1
v -0.375 0.1875 -0.6246986 1 1 1
v -0.375 0.1487609 -0.6297987 1 1 1
v -0.375 0.1126618 -0.6447514 1 1 1
v -0.375 0.08166279 -0.6685378 1 1 1
v -0.375 0.05787642 -0.6995368 1 1 1
v -0.375 0.04292369 -0.7356359 1 1 1
v -0.375 0.03782359 -0.774375 1 1 1
v -0.375 0.04292369 -0.8131141 1 1 1
v -0.375 0.05787642 -0.8492132 1 1 1
v -0.375 0.08166279 -0.8802122 1 1 1
v -0.375 0.1126618 -0.9039986 1 1 1
v -0.375 0.1487609 -0.9189513 1 1 1
v -0.3375 0.2360286 -0.5932639 1 1 1
v -0.3375 0.28125 -0.6119952 1 1 1
v -0.3375 0.05491748 -0.6417925 1 1 1
v -0.3375 0.02512024 -0.680625 1 1 1
v -0.3375 0.3686111 -0.7258465 1 1 1
v -0.3375 0.375 -0.774375 1 1 1
v -0.3375 0.3200825 -0.9069575 1 1 1
v -0.3375 0.28125 -0.9367548 1 1 1
v -0.3375 0.3686111 -0.8229036 1 1 1
v -0.3375 0.3498798 -0.868125 1 1 1
v -0.3375 0.006388907 -0.7258465 1 1 1
v -0.3375 1.923559E-31 -0.774375 1 1 1
v -0.3375 0.09375 -0.9367548 1 1 1
v -0.3375 0.1389714 -0.9554861 1 1 1
v -0.3375 0.05491748 -0.9069575 1 1 1
v -0.3375 0.3498798 -0.680625 1 1 1
v -0.3375 0.3200825 -0.6417925 1 1 1
v -0.3375 0.1875 -0.586875 1 1 1
v -0.225 0.3498798 -0.868125 1 1 1
v -0.225 0.3200825 -0.9069575 1 1 1
v -0.225 0.3686111 -0.7258465 1 1 1
v -0.225 0.375 -0.774375 1 1 1
v -0.225 0.05491748 -0.9069575 1 1 1
v -0.225 0.09375 -0.9367548 1 1 1
v -0.225 0.2360286 -0.5932639 1 1 1
v -0.225 0.28125 -0.6119952 1 1 1
v -0.3375 0.1389714 -0.5932639 1 1 1
v -0.3375 0.2360286 -0.9554861 1 1 1
v -0.3375 0.006388907 -0.8229036 1 1 1
v -0.225 0.006388907 -0.7258465 1 1 1
v -0.225 0.02512024 -0.680625 1 1 1
v -0.225 0.1389714 -0.9554861 1 1 1
v -0.225 0.1875 -0.961875 1 1 1
v -0.3375 0.1875 -0.961875 1 1 1
v -0.3375 0.09375 -0.6119952 1 1 1
v -0.225 0.05491748 -0.6417925 1 1 1
v -0.225 0.3686111 -0.8229036 1 1 1
v -0.225 0.02512024 -0.868125 1 1 1
v -0.225 0.1389714 -0.5932639 1 1 1
v -0.225 0.09375 -0.6119952 1 1 1
v -0.225 0.2360286 -0.9554861 1 1 1
v -0.225 0.006388907 -0.8229036 1 1 1
v -0.225 1.923559E-31 -0.774375 1 1 1
v -0.225 0.3200825 -0.6417925 1 1 1
v -0.225 0.3498798 -0.680625 1 1 1
v -0.225 0.28125 -0.9367548 1 1 1
v -0.3375 0.02512024 -0.868125 1 1 1
v -0.225 0.1875 -0.586875 1 1 1
v 0.1875 0.1875 0.6353014 1 1 1
v 0.1875 0.1487609 0.6302013 1 1 1
v 0.1875 0.2262391 0.6302013 1 1 1
v 0.1875 0.2623382 0.6152486 1 1 1
v 0.1875 0.1126618 0.6152486 1 1 1
v 0.1875 0.2933372 0.5914622 1 1 1
v 0.1875 0.08166279 0.5914622 1 1 1
v 0.1875 0.3171236 0.5604632 1 1 1
v 0.1875 0.05787642 0.5604632 1 1 1
v 0.1875 0.3320763 0.5243641 1 1 1
v 0.1875 0.04292369 0.5243641 1 1 1
v 0.1875 0.3371764 0.485625 1 1 1
v 0.1875 0.03782359 0.485625 1 1 1
v 0.1875 0.3320763 0.4468859 1 1 1
v 0.1875 0.04292369 0.4468859 1 1 1
v 0.1875 0.3171236 0.4107868 1 1 1
v 0.1875 0.05787642 0.4107868 1 1 1
v 0.1875 0.2933372 0.3797878 1 1 1
v 0.1875 0.08166279 0.3797878 1 1 1
v 0.1875 0.2623382 0.3560014 1 1 1
v 0.1875 0.1126618 0.3560014 1 1 1
v 0.1875 0.2262391 0.3410487 1 1 1
v 0.1875 0.1487609 0.3410487 1 1 1
v 0.1875 0.1875 0.3359486 1 1 1
v 0.3375 0.1875 0.5419988 1 1 1
v 0.375 0.1875 0.5751073 1 1 1
v 0.3375 0.2273623 0.5254873 1 1 1
v 0.375 0.2507735 0.5488985 1 1 1
v 0.3375 0.2273623 0.4457627 1 1 1
v 0.3375 0.2438738 0.485625 1 1 1
v 0.375 0.2507735 0.4223515 1 1 1
v 0.375 0.2769822 0.485625 1 1 1
v 0.3375 0.1311262 0.485625 1 1 1
v 0.375 0.09801773 0.485625 1 1 1
v 0.3375 0.1476377 0.5254873 1 1 1
v 0.375 0.1242265 0.5488985 1 1 1
v 0.3375 0.1875 0.4292512 1 1 1
v 0.375 0.1875 0.3961427 1 1 1
v 0.3375 0.1476377 0.4457627 1 1 1
v 0.375 0.1242265 0.4223515 1 1 1
v 0.375 0.2262391 0.3410487 1 1 1
v 0.375 0.1875 0.3359486 1 1 1
v 0.375 0.2623382 0.3560014 1 1 1
v 0.375 0.2933372 0.3797878 1 1 1
v 0.375 0.3171236 0.4107868 1 1 1
v 0.375 0.3320763 0.4468859 1 1 1
v 0.375 0.3371764 0.485625 1 1 1
v 0.375 0.3320763 0.5243641 1 1 1
v 0.375 0.3171236 0.5604632 1 1 1
v 0.375 0.2933372 0.5914622 1 1 1
v 0.375 0.2623382 0.6152486 1 1 1
v 0.375 0.2262391 0.6302013 1 1 1
v 0.375 0.1875 0.6353014 1 1 1
v 0.375 0.1487609 0.6302013 1 1 1
v 0.375 0.1126618 0.6152486 1 1 1
v 0.375 0.08166279 0.5914622 1 1 1
v 0.375 0.05787642 0.5604632 1 1 1
v 0.375 0.04292369 0.5243641 1 1 1
v 0.375 0.03782359 0.485625 1 1 1
v 0.375 0.04292369 0.4468859 1 1 1
v 0.375 0.05787642 0.4107868 1 1 1
v 0.375 0.08166279 0.3797878 1 1 1
v 0.375 0.1126618 0.3560014 1 1 1
v 0.375 0.1487609 0.3410487 1 1 1
v 0.3375 0.2360286 0.6667361 1 1 1
v 0.3375 0.28125 0.6480048 1 1 1
v 0.3375 0.05491748 0.6182075 1 1 1
v 0.3375 0.02512024 0.579375 1 1 1
v 0.3375 0.3686111 0.5341536 1 1 1
v 0.3375 0.375 0.485625 1 1 1
v 0.3375 0.3200825 0.3530425 1 1 1
v 0.3375 0.28125 0.3232452 1 1 1
v 0.3375 0.3686111 0.4370964 1 1 1
v 0.3375 0.3498798 0.391875 1 1 1
v 0.3375 0.006388907 0.5341536 1 1 1
v 0.3375 1.082867E-16 0.485625 1 1 1
v 0.3375 0.09375 0.3232452 1 1 1
v 0.3375 0.1389714 0.3045139 1 1 1
v 0.3375 0.05491748 0.3530425 1 1 1
v 0.3375 0.3498798 0.579375 1 1 1
v 0.3375 0.3200825 0.6182075 1 1 1
v 0.3375 0.1875 0.673125 1 1 1
v 0.225 0.3498798 0.391875 1 1 1
v 0.225 0.3200825 0.3530425 1 1 1
v 0.225 0.3686111 0.5341536 1 1 1
v 0.225 0.375 0.485625 1 1 1
v 0.225 0.05491748 0.3530425 1 1 1
v 0.225 0.09375 0.3232452 1 1 1
v 0.225 0.2360286 0.6667361 1 1 1
v 0.225 0.28125 0.6480048 1 1 1
v 0.3375 0.1389714 0.6667361 1 1 1
v 0.3375 0.2360286 0.3045139 1 1 1
v 0.3375 0.006388907 0.4370964 1 1 1
v 0.225 0.006388907 0.5341536 1 1 1
v 0.225 0.02512024 0.579375 1 1 1
v 0.225 0.1389714 0.3045139 1 1 1
v 0.225 0.1875 0.298125 1 1 1
v 0.3375 0.1875 0.298125 1 1 1
v 0.3375 0.09375 0.6480048 1 1 1
v 0.225 0.05491748 0.6182075 1 1 1
v 0.225 0.3686111 0.4370964 1 1 1
v 0.225 0.02512024 0.391875 1 1 1
v 0.225 0.1389714 0.6667361 1 1 1
v 0.225 0.09375 0.6480048 1 1 1
v 0.225 0.2360286 0.3045139 1 1 1
v 0.225 0.006388907 0.4370964 1 1 1
v 0.225 1.082867E-16 0.485625 1 1 1
v 0.225 0.3200825 0.6182075 1 1 1
v 0.225 0.3498798 0.579375 1 1 1
v 0.225 0.28125 0.3232452 1 1 1
v 0.3375 0.02512024 0.391875 1 1 1
v 0.225 0.1875 0.673125 1 1 1
v 0.1875 0.1875 -0.2646986 1 1 1
v 0.1875 0.1487609 -0.2697987 1 1 1
v 0.1875 0.2262391 -0.2697987 1 1 1
v 0.1875 0.2623382 -0.2847514 1 1 1
v 0.1875 0.1126618 -0.2847514 1 1 1
v 0.1875 0.2933372 -0.3085378 1 1 1
v 0.1875 0.08166279 -0.3085378 1 1 1
v 0.1875 0.3171236 -0.3395368 1 1 1
v 0.1875 0.05787642 -0.3395368 1 1 1
v 0.1875 0.3320763 -0.3756359 1 1 1
v 0.1875 0.04292369 -0.3756359 1 1 1
v 0.1875 0.3371764 -0.414375 1 1 1
v 0.1875 0.03782359 -0.414375 1 1 1
v 0.1875 0.3320763 -0.4531141 1 1 1
v 0.1875 0.04292369 -0.4531141 1 1 1
v 0.1875 0.3171236 -0.4892132 1 1 1
v 0.1875 0.05787642 -0.4892132 1 1 1
v 0.1875 0.2933372 -0.5202122 1 1 1
v 0.1875 0.08166279 -0.5202122 1 1 1
v 0.1875 0.2623382 -0.5439986 1 1 1
v 0.1875 0.1126618 -0.5439986 1 1 1
v 0.1875 0.2262391 -0.5589513 1 1 1
v 0.1875 0.1487609 -0.5589513 1 1 1
v 0.1875 0.1875 -0.5640514 1 1 1
v 0.3375 0.1875 -0.3580012 1 1 1
v 0.375 0.1875 -0.3248928 1 1 1
v 0.3375 0.2273623 -0.3745127 1 1 1
v 0.375 0.2507735 -0.3511015 1 1 1
v 0.3375 0.2273623 -0.4542373 1 1 1
v 0.3375 0.2438738 -0.414375 1 1 1
v 0.375 0.2507735 -0.4776485 1 1 1
v 0.375 0.2769822 -0.414375 1 1 1
v 0.3375 0.1476377 -0.3745127 1 1 1
v 0.3375 0.1311262 -0.414375 1 1 1
v 0.375 0.1242265 -0.3511015 1 1 1
v 0.375 0.09801773 -0.414375 1 1 1
v 0.3375 0.1875 -0.4707488 1 1 1
v 0.375 0.1875 -0.5038573 1 1 1
v 0.3375 0.1476377 -0.4542373 1 1 1
v 0.375 0.1242265 -0.4776485 1 1 1
v 0.375 0.2262391 -0.5589513 1 1 1
v 0.375 0.1875 -0.5640514 1 1 1
v 0.375 0.2623382 -0.5439986 1 1 1
v 0.375 0.2933372 -0.5202122 1 1 1
v 0.375 0.3171236 -0.4892132 1 1 1
v 0.375 0.3320763 -0.4531141 1 1 1
v 0.375 0.3371764 -0.414375 1 1 1
v 0.375 0.3320763 -0.3756359 1 1 1
v 0.375 0.3171236 -0.3395368 1 1 1
v 0.375 0.2933372 -0.3085378 1 1 1
v 0.375 0.2623382 -0.2847514 1 1 1
v 0.375 0.2262391 -0.2697987 1 1 1
v 0.375 0.1875 -0.2646986 1 1 1
v 0.375 0.1487609 -0.2697987 1 1 1
v 0.375 0.1126618 -0.2847514 1 1 1
v 0.375 0.08166279 -0.3085378 1 1 1
v 0.375 0.05787642 -0.3395368 1 1 1
v 0.375 0.04292369 -0.3756359 1 1 1
v 0.375 0.03782359 -0.414375 1 1 1
v 0.375 0.04292369 -0.4531141 1 1 1
v 0.375 0.05787642 -0.4892132 1 1 1
v 0.375 0.08166279 -0.5202122 1 1 1
v 0.375 0.1126618 -0.5439986 1 1 1
v 0.375 0.1487609 -0.5589513 1 1 1
v 0.3375 0.2360286 -0.2332639 1 1 1
v 0.3375 0.28125 -0.2519952 1 1 1
v 0.3375 0.05491748 -0.2817925 1 1 1
v 0.3375 0.02512024 -0.320625 1 1 1
v 0.3375 0.3686111 -0.3658464 1 1 1
v 0.3375 0.375 -0.414375 1 1 1
v 0.3375 0.3200825 -0.5469575 1 1 1
v 0.3375 0.28125 -0.5767548 1 1 1
v 0.3375 0.3686111 -0.4629036 1 1 1
v 0.3375 0.3498798 -0.508125 1 1 1
v 0.3375 0.006388907 -0.3658464 1 1 1
v 0.3375 8.121503E-17 -0.414375 1 1 1
v 0.3375 0.09375 -0.5767548 1 1 1
v 0.3375 0.1389714 -0.5954861 1 1 1
v 0.3375 0.05491748 -0.5469575 1 1 1
v 0.3375 0.3498798 -0.320625 1 1 1
v 0.3375 0.3200825 -0.2817925 1 1 1
v 0.3375 0.1875 -0.226875 1 1 1
v 0.225 0.3498798 -0.508125 1 1 1
v 0.225 0.3200825 -0.5469575 1 1 1
v 0.225 0.3686111 -0.3658464 1 1 1
v 0.225 0.375 -0.414375 1 1 1
v 0.225 0.05491748 -0.5469575 1 1 1
v 0.225 0.09375 -0.5767548 1 1 1
v 0.225 0.2360286 -0.2332639 1 1 1
v 0.225 0.28125 -0.2519952 1 1 1
v 0.3375 0.1389714 -0.2332639 1 1 1
v 0.3375 0.2360286 -0.5954861 1 1 1
v 0.3375 0.006388907 -0.4629036 1 1 1
v 0.225 0.006388907 -0.3658464 1 1 1
v 0.225 0.02512024 -0.320625 1 1 1
v 0.225 0.1389714 -0.5954861 1 1 1
v 0.225 0.1875 -0.601875 1 1 1
v 0.3375 0.1875 -0.601875 1 1 1
v 0.3375 0.09375 -0.2519952 1 1 1
v 0.225 0.05491748 -0.2817925 1 1 1
v 0.225 0.3686111 -0.4629036 1 1 1
v 0.225 0.02512024 -0.508125 1 1 1
v 0.225 0.1389714 -0.2332639 1 1 1
v 0.225 0.09375 -0.2519952 1 1 1
v 0.225 0.2360286 -0.5954861 1 1 1
v 0.225 0.006388907 -0.4629036 1 1 1
v 0.225 8.121503E-17 -0.414375 1 1 1
v 0.225 0.3200825 -0.2817925 1 1 1
v 0.225 0.3498798 -0.320625 1 1 1
v 0.225 0.28125 -0.5767548 1 1 1
v 0.3375 0.02512024 -0.508125 1 1 1
v 0.225 0.1875 -0.226875 1 1 1
v -0.1875 0.1875 0.6353014 1 1 1
v -0.1875 0.1487609 0.6302013 1 1 1
v -0.1875 0.2262391 0.6302013 1 1 1
v -0.1875 0.2623382 0.6152486 1 1 1
v -0.1875 0.1126618 0.6152486 1 1 1
v -0.1875 0.2933372 0.5914622 1 1 1
v -0.1875 0.08166279 0.5914622 1 1 1
v -0.1875 0.3171236 0.5604632 1 1 1
v -0.1875 0.05787642 0.5604632 1 1 1
v -0.1875 0.3320763 0.5243641 1 1 1
v -0.1875 0.04292369 0.5243641 1 1 1
v -0.1875 0.3371764 0.485625 1 1 1
v -0.1875 0.03782359 0.485625 1 1 1
v -0.1875 0.3320763 0.4468859 1 1 1
v -0.1875 0.04292369 0.4468859 1 1 1
v -0.1875 0.3171236 0.4107868 1 1 1
v -0.1875 0.05787642 0.4107868 1 1 1
v -0.1875 0.2933372 0.3797878 1 1 1
v -0.1875 0.08166279 0.3797878 1 1 1
v -0.1875 0.2623382 0.3560014 1 1 1
v -0.1875 0.1126618 0.3560014 1 1 1
v -0.1875 0.2262391 0.3410487 1 1 1
v -0.1875 0.1487609 0.3410487 1 1 1
v -0.1875 0.1875 0.3359486 1 1 1
v -0.3375 0.1875 0.5419988 1 1 1
v -0.375 0.1875 0.5751073 1 1 1
v -0.3375 0.2273623 0.5254873 1 1 1
v -0.375 0.2507735 0.5488985 1 1 1
v -0.3375 0.2273623 0.4457627 1 1 1
v -0.3375 0.2438738 0.485625 1 1 1
v -0.375 0.2507735 0.4223515 1 1 1
v -0.375 0.2769822 0.485625 1 1 1
v -0.3375 0.1476377 0.5254873 1 1 1
v -0.3375 0.1311262 0.485625 1 1 1
v -0.375 0.1242265 0.5488985 1 1 1
v -0.375 0.09801773 0.485625 1 1 1
v -0.3375 0.1875 0.4292512 1 1 1
v -0.375 0.1875 0.3961427 1 1 1
v -0.3375 0.1476377 0.4457627 1 1 1
v -0.375 0.1242265 0.4223515 1 1 1
v -0.375 0.2262391 0.3410487 1 1 1
v -0.375 0.1875 0.3359486 1 1 1
v -0.375 0.2623382 0.3560014 1 1 1
v -0.375 0.2933372 0.3797878 1 1 1
v -0.375 0.3171236 0.4107868 1 1 1
v -0.375 0.3320763 0.4468859 1 1 1
v -0.375 0.3371764 0.485625 1 1 1
v -0.375 0.3320763 0.5243641 1 1 1
v -0.375 0.3171236 0.5604632 1 1 1
v -0.375 0.2933372 0.5914622 1 1 1
v -0.375 0.2623382 0.6152486 1 1 1
v -0.375 0.2262391 0.6302013 1 1 1
v -0.375 0.1875 0.6353014 1 1 1
v -0.375 0.1487609 0.6302013 1 1 1
v -0.375 0.1126618 0.6152486 1 1 1
v -0.375 0.08166279 0.5914622 1 1 1
v -0.375 0.05787642 0.5604632 1 1 1
v -0.375 0.04292369 0.5243641 1 1 1
v -0.375 0.03782359 0.485625 1 1 1
v -0.375 0.04292369 0.4468859 1 1 1
v -0.375 0.05787642 0.4107868 1 1 1
v -0.375 0.08166279 0.3797878 1 1 1
v -0.375 0.1126618 0.3560014 1 1 1
v -0.375 0.1487609 0.3410487 1 1 1
v -0.3375 0.2360286 0.6667361 1 1 1
v -0.3375 0.28125 0.6480048 1 1 1
v -0.3375 0.05491748 0.6182075 1 1 1
v -0.3375 0.02512024 0.579375 1 1 1
v -0.3375 0.3686111 0.5341536 1 1 1
v -0.3375 0.375 0.485625 1 1 1
v -0.3375 0.3200825 0.3530425 1 1 1
v -0.3375 0.28125 0.3232452 1 1 1
v -0.3375 0.3686111 0.4370964 1 1 1
v -0.3375 0.3498798 0.391875 1 1 1
v -0.3375 0.006388907 0.5341536 1 1 1
v -0.3375 2.707168E-17 0.485625 1 1 1
v -0.3375 0.09375 0.3232452 1 1 1
v -0.3375 0.1389714 0.3045139 1 1 1
v -0.3375 0.05491748 0.3530425 1 1 1
v -0.3375 0.3498798 0.579375 1 1 1
v -0.3375 0.3200825 0.6182075 1 1 1
v -0.3375 0.1875 0.673125 1 1 1
v -0.225 0.3498798 0.391875 1 1 1
v -0.225 0.3200825 0.3530425 1 1 1
v -0.225 0.3686111 0.5341536 1 1 1
v -0.225 0.375 0.485625 1 1 1
v -0.225 0.05491748 0.3530425 1 1 1
v -0.225 0.09375 0.3232452 1 1 1
v -0.225 0.2360286 0.6667361 1 1 1
v -0.225 0.28125 0.6480048 1 1 1
v -0.3375 0.1389714 0.6667361 1 1 1
v -0.3375 0.2360286 0.3045139 1 1 1
v -0.3375 0.006388907 0.4370964 1 1 1
v -0.225 0.006388907 0.5341536 1 1 1
v -0.225 0.02512024 0.579375 1 1 1
v -0.225 0.1389714 0.3045139 1 1 1
v -0.225 0.1875 0.298125 1 1 1
v -0.3375 0.1875 0.298125 1 1 1
v -0.3375 0.09375 0.6480048 1 1 1
v -0.225 0.05491748 0.6182075 1 1 1
v -0.225 0.3686111 0.4370964 1 1 1
v -0.225 0.02512024 0.391875 1 1 1
v -0.225 0.1389714 0.6667361 1 1 1
v -0.225 0.09375 0.6480048 1 1 1
v -0.225 0.2360286 0.3045139 1 1 1
v -0.225 0.006388907 0.4370964 1 1 1
v -0.225 2.707168E-17 0.485625 1 1 1
v -0.225 0.3200825 0.6182075 1 1 1
v -0.225 0.3498798 0.579375 1 1 1
v -0.225 0.28125 0.3232452 1 1 1
v -0.3375 0.02512024 0.391875 1 1 1
v -0.225 0.1875 0.673125 1 1 1
v 0.1875 0.1875 -0.6246986 1 1 1
v 0.1875 0.1487609 -0.6297987 1 1 1
v 0.1875 0.2262391 -0.6297987 1 1 1
v 0.1875 0.2623382 -0.6447514 1 1 1
v 0.1875 0.1126618 -0.6447514 1 1 1
v 0.1875 0.2933372 -0.6685378 1 1 1
v 0.1875 0.08166279 -0.6685378 1 1 1
v 0.1875 0.3171236 -0.6995368 1 1 1
v 0.1875 0.05787642 -0.6995368 1 1 1
v 0.1875 0.3320763 -0.7356359 1 1 1
v 0.1875 0.04292369 -0.7356359 1 1 1
v 0.1875 0.3371764 -0.774375 1 1 1
v 0.1875 0.03782359 -0.774375 1 1 1
v 0.1875 0.3320763 -0.8131141 1 1 1
v 0.1875 0.04292369 -0.8131141 1 1 1
v 0.1875 0.3171236 -0.8492132 1 1 1
v 0.1875 0.05787642 -0.8492132 1 1 1
v 0.1875 0.2933372 -0.8802122 1 1 1
v 0.1875 0.08166279 -0.8802122 1 1 1
v 0.1875 0.2623382 -0.9039986 1 1 1
v 0.1875 0.1126618 -0.9039986 1 1 1
v 0.1875 0.2262391 -0.9189513 1 1 1
v 0.1875 0.1487609 -0.9189513 1 1 1
v 0.1875 0.1875 -0.9240514 1 1 1
v 0.3375 0.1875 -0.7180012 1 1 1
v 0.375 0.1875 -0.6848928 1 1 1
v 0.3375 0.2273623 -0.7345127 1 1 1
v 0.375 0.2507735 -0.7111015 1 1 1
v 0.3375 0.2273623 -0.8142374 1 1 1
v 0.3375 0.2438738 -0.774375 1 1 1
v 0.375 0.2507735 -0.8376485 1 1 1
v 0.375 0.2769822 -0.774375 1 1 1
v 0.3375 0.1476377 -0.7345127 1 1 1
v 0.3375 0.1311262 -0.774375 1 1 1
v 0.375 0.1242265 -0.7111015 1 1 1
v 0.375 0.09801773 -0.774375 1 1 1
v 0.3375 0.1875 -0.8307489 1 1 1
v 0.375 0.1875 -0.8638573 1 1 1
v 0.3375 0.1476377 -0.8142374 1 1 1
v 0.375 0.1242265 -0.8376485 1 1 1
v 0.375 0.2262391 -0.9189513 1 1 1
v 0.375 0.1875 -0.9240514 1 1 1
v 0.375 0.2623382 -0.9039986 1 1 1
v 0.375 0.2933372 -0.8802122 1 1 1
v 0.375 0.3171236 -0.8492132 1 1 1
v 0.375 0.3320763 -0.8131141 1 1 1
v 0.375 0.3371764 -0.774375 1 1 1
v 0.375 0.3320763 -0.7356359 1 1 1
v 0.375 0.3171236 -0.6995368 1 1 1
v 0.375 0.2933372 -0.6685378 1 1 1
v 0.375 0.2623382 -0.6447514 1 1 1
v 0.375 0.2262391 -0.6297987 1 1 1
v 0.375 0.1875 -0.6246986 1 1 1
v 0.375 0.1487609 -0.6297987 1 1 1
v 0.375 0.1126618 -0.6447514 1 1 1
v 0.375 0.08166279 -0.6685378 1 1 1
v 0.375 0.05787642 -0.6995368 1 1 1
v 0.375 0.04292369 -0.7356359 1 1 1
v 0.375 0.03782359 -0.774375 1 1 1
v 0.375 0.04292369 -0.8131141 1 1 1
v 0.375 0.05787642 -0.8492132 1 1 1
v 0.375 0.08166279 -0.8802122 1 1 1
v 0.375 0.1126618 -0.9039986 1 1 1
v 0.375 0.1487609 -0.9189513 1 1 1
v 0.3375 0.2360286 -0.5932639 1 1 1
v 0.3375 0.28125 -0.6119952 1 1 1
v 0.3375 0.05491748 -0.6417925 1 1 1
v 0.3375 0.02512024 -0.680625 1 1 1
v 0.3375 0.3686111 -0.7258465 1 1 1
v 0.3375 0.375 -0.774375 1 1 1
v 0.3375 0.3200825 -0.9069575 1 1 1
v 0.3375 0.28125 -0.9367548 1 1 1
v 0.3375 0.3686111 -0.8229036 1 1 1
v 0.3375 0.3498798 -0.868125 1 1 1
v 0.3375 0.006388907 -0.7258465 1 1 1
v 0.3375 8.121503E-17 -0.774375 1 1 1
v 0.3375 0.09375 -0.9367548 1 1 1
v 0.3375 0.1389714 -0.9554861 1 1 1
v 0.3375 0.05491748 -0.9069575 1 1 1
v 0.3375 0.3498798 -0.680625 1 1 1
v 0.3375 0.3200825 -0.6417925 1 1 1
v 0.3375 0.1875 -0.586875 1 1 1
v 0.225 0.3498798 -0.868125 1 1 1
v 0.225 0.3200825 -0.9069575 1 1 1
v 0.225 0.3686111 -0.7258465 1 1 1
v 0.225 0.375 -0.774375 1 1 1
v 0.225 0.05491748 -0.9069575 1 1 1
v 0.225 0.09375 -0.9367548 1 1 1
v 0.225 0.2360286 -0.5932639 1 1 1
v 0.225 0.28125 -0.6119952 1 1 1
v 0.3375 0.1389714 -0.5932639 1 1 1
v 0.3375 0.2360286 -0.9554861 1 1 1
v 0.3375 0.006388907 -0.8229036 1 1 1
v 0.225 0.006388907 -0.7258465 1 1 1
v 0.225 0.02512024 -0.680625 1 1 1
v 0.225 0.1389714 -0.9554861 1 1 1
v 0.225 0.1875 -0.961875 1 1 1
v 0.3375 0.1875 -0.961875 1 1 1
v 0.3375 0.09375 -0.6119952 1 1 1
v 0.225 0.05491748 -0.6417925 1 1 1
v 0.225 0.3686111 -0.8229036 1 1 1
v 0.225 0.02512024 -0.868125 1 1 1
v 0.225 0.1389714 -0.5932639 1 1 1
v 0.225 0.09375 -0.6119952 1 1 1
v 0.225 0.2360286 -0.9554861 1 1 1
v 0.225 0.006388907 -0.8229036 1 1 1
v 0.225 8.121503E-17 -0.774375 1 1 1
v 0.225 0.3200825 -0.6417925 1 1 1
v 0.225 0.3498798 -0.680625 1 1 1
v 0.225 0.28125 -0.9367548 1 1 1
v 0.3375 0.02512024 -0.868125 1 1 1
v 0.225 0.1875 -0.586875 1 1 1
v 0.1875 0.1875 1.265301 1 1 1
v 0.1875 0.1487609 1.260201 1 1 1
v 0.1875 0.2262391 1.260201 1 1 1
v 0.1875 0.2623382 1.245249 1 1 1
v 0.1875 0.1126618 1.245249 1 1 1
v 0.1875 0.2933372 1.221462 1 1 1
v 0.1875 0.08166279 1.221462 1 1 1
v 0.1875 0.3171236 1.190463 1 1 1
v 0.1875 0.05787642 1.190463 1 1 1
v 0.1875 0.3320763 1.154364 1 1 1
v 0.1875 0.04292369 1.154364 1 1 1
v 0.1875 0.3371764 1.115625 1 1 1
v 0.1875 0.03782359 1.115625 1 1 1
v 0.1875 0.3320763 1.076886 1 1 1
v 0.1875 0.04292369 1.076886 1 1 1
v 0.1875 0.3171236 1.040787 1 1 1
v 0.1875 0.05787642 1.040787 1 1 1
v 0.1875 0.2933372 1.009788 1 1 1
v 0.1875 0.08166279 1.009788 1 1 1
v 0.1875 0.2623382 0.9860014 1 1 1
v 0.1875 0.1126618 0.9860014 1 1 1
v 0.1875 0.2262391 0.9710487 1 1 1
v 0.1875 0.1487609 0.9710487 1 1 1
v 0.1875 0.1875 0.9659486 1 1 1
v 0.3375 0.1875 1.171999 1 1 1
v 0.375 0.1875 1.205107 1 1 1
v 0.3375 0.2273623 1.155487 1 1 1
v 0.375 0.2507735 1.178899 1 1 1
v 0.3375 0.2273623 1.075763 1 1 1
v 0.3375 0.2438738 1.115625 1 1 1
v 0.375 0.2507735 1.052351 1 1 1
v 0.375 0.2769822 1.115625 1 1 1
v 0.3375 0.1476377 1.155487 1 1 1
v 0.3375 0.1311262 1.115625 1 1 1
v 0.375 0.1242265 1.178899 1 1 1
v 0.375 0.09801773 1.115625 1 1 1
v 0.3375 0.1875 1.059251 1 1 1
v 0.375 0.1875 1.026143 1 1 1
v 0.3375 0.1476377 1.075763 1 1 1
v 0.375 0.1242265 1.052351 1 1 1
v 0.375 0.2262391 0.9710487 1 1 1
v 0.375 0.1875 0.9659486 1 1 1
v 0.375 0.2623382 0.9860014 1 1 1
v 0.375 0.2933372 1.009788 1 1 1
v 0.375 0.3171236 1.040787 1 1 1
v 0.375 0.3320763 1.076886 1 1 1
v 0.375 0.3371764 1.115625 1 1 1
v 0.375 0.3320763 1.154364 1 1 1
v 0.375 0.3171236 1.190463 1 1 1
v 0.375 0.2933372 1.221462 1 1 1
v 0.375 0.2623382 1.245249 1 1 1
v 0.375 0.2262391 1.260201 1 1 1
v 0.375 0.1875 1.265301 1 1 1
v 0.375 0.1487609 1.260201 1 1 1
v 0.375 0.1126618 1.245249 1 1 1
v 0.375 0.08166279 1.221462 1 1 1
v 0.375 0.05787642 1.190463 1 1 1
v 0.375 0.04292369 1.154364 1 1 1
v 0.375 0.03782359 1.115625 1 1 1
v 0.375 0.04292369 1.076886 1 1 1
v 0.375 0.05787642 1.040787 1 1 1
v 0.375 0.08166279 1.009788 1 1 1
v 0.375 0.1126618 0.9860014 1 1 1
v 0.375 0.1487609 0.9710487 1 1 1
v 0.3375 0.05491748 1.248208 1 1 1
v 0.3375 0.02512024 1.209375 1 1 1
v 0.3375 0.006388907 1.164154 1 1 1
v 0.3375 1.353584E-16 1.115625 1 1 1
v 0.3375 0.09375 0.9532453 1 1 1
v 0.3375 0.1389714 0.9345139 1 1 1
v 0.3375 0.05491748 0.9830425 1 1 1
v 0.225 0.3498798 1.021875 1 1 1
v 0.225 0.3200825 0.9830425 1 1 1
v 0.225 0.05491748 0.9830425 1 1 1
v 0.225 0.09375 0.9532453 1 1 1
v 0.225 0.2360286 1.296736 1 1 1
v 0.225 0.28125 1.278005 1 1 1
v 0.3375 0.1875 1.303125 1 1 1
v 0.3375 0.1389714 1.296736 1 1 1
v 0.3375 0.006388907 1.067096 1 1 1
v 0.225 0.006388907 1.164154 1 1 1
v 0.225 0.02512024 1.209375 1 1 1
v 0.225 0.1389714 0.9345139 1 1 1
v 0.225 0.1875 0.928125 1 1 1
v 0.3375 0.1875 0.928125 1 1 1
v 0.3375 0.09375 1.278005 1 1 1
v 0.225 0.05491748 1.248208 1 1 1
v 0.225 0.3686111 1.067096 1 1 1
v 0.225 0.02512024 1.021875 1 1 1
v 0.225 0.1389714 1.296736 1 1 1
v 0.225 0.09375 1.278005 1 1 1
v 0.225 1.353584E-16 1.115625 1 1 1
v 0.225 0.006388907 1.067096 1 1 1
v 0.225 0.3200825 1.248208 1 1 1
v 0.225 0.3498798 1.209375 1 1 1
v 0.225 0.28125 0.9532453 1 1 1
v 0.225 0.2360286 0.9345139 1 1 1
v 0.3375 0.02512024 1.021875 1 1 1
v 0.225 0.1875 1.303125 1 1 1
v 0.225 0.3686111 1.164154 1 1 1
v 0.225 0.375 1.115625 1 1 1
v 0.28125 0.30375 0.868125 1 1 1
v 0.1875 0.30375 0.868125 1 1 1
v 0.28125 0.30375 0.673125 1 1 1
v 0.1875 0.30375 0.673125 1 1 1
v 0.375 0.11625 0.868125 1 1 1
v 0.375 0.11625 0.673125 1 1 1
v 0.1875 0.11625 0.868125 1 1 1
v 0.1875 0.11625 0.673125 1 1 1
v 0.375 0.21 0.673125 1 1 1
v 0.375 0.21 0.868125 1 1 1
v 0.3475413 0.2762913 0.868125 1 1 1
v 0.3475413 0.2762913 0.673125 1 1 1
v -0.1875 0.11625 0.868125 1 1 1
v -0.375 0.11625 0.868125 1 1 1
v -0.1875 0.30375 0.868125 1 1 1
v -0.375 0.21 0.868125 1 1 1
v -0.3475413 0.2762913 0.868125 1 1 1
v -0.28125 0.30375 0.868125 1 1 1
v -0.3475413 0.2762913 0.673125 1 1 1
v -0.375 0.21 0.673125 1 1 1
v -0.28125 0.30375 0.673125 1 1 1
v -0.1875 0.30375 0.673125 1 1 1
v -0.1875 0.11625 0.673125 1 1 1
v -0.375 0.11625 0.673125 1 1 1
v -0.375 0.21 -0.226875 1 1 1
v -0.375 0.21 0.3045139 1 1 1
v -0.3475413 0.1437087 -0.226875 1 1 1
v -0.3475413 0.1437087 0.3045139 1 1 1
v -0.375 0.34125 -0.226875 1 1 1
v -0.375 0.34125 0.3045139 1 1 1
v -0.28125 0.11625 -0.226875 1 1 1
v -0.28125 0.11625 0.3045139 1 1 1
v 0.28125 0.11625 0.3045139 1 1 1
v 0.28125 0.11625 -0.226875 1 1 1
v 0.3475413 0.1437087 0.3045139 1 1 1
v 0.3475413 0.1437087 -0.226875 1 1 1
v 0.375 0.21 -0.226875 1 1 1
v 0.375 0.21 0.3045139 1 1 1
v 0.375 0.34125 -0.226875 1 1 1
v 0.375 0.34125 0.3045139 1 1 1
v -0.28125 0.22875 -1.281449 1 1 1
v 0.28125 0.22875 -1.281449 1 1 1
v -0.28125 0.34125 -1.281449 1 1 1
v 0.28125 0.34125 -1.281449 1 1 1
v 0.3475412 0.22875 -1.25399 1 1 1
v 0.375 0.22875 -1.187699 1 1 1
v 0.3475412 0.34125 -1.25399 1 1 1
v 0.375 0.34125 -1.187699 1 1 1
v -0.3475412 0.22875 -1.25399 1 1 1
v -0.3475412 0.34125 -1.25399 1 1 1
v -0.375 0.34125 -1.187699 1 1 1
v -0.375 0.22875 -1.187699 1 1 1
v 0.375 0.34125 -1.006875 1 1 1
v -0.375 0.34125 -1.006875 1 1 1
v 0.375 0.22875 -1.006875 1 1 1
v -0.375 0.22875 -1.006875 1 1 1
v -0.375 0.14125 1.303125 1 1 1
v 0.375 0.14125 1.303125 1 1 1
v -0.375 0.25375 1.303125 1 1 1
v 0.375 0.25375 1.303125 1 1 1
v 0.28125 0.14125 1.396875 1 1 1
v -0.28125 0.14125 1.396875 1 1 1
v 0.28125 0.25375 1.396875 1 1 1
v -0.28125 0.25375 1.396875 1 1 1
v -0.3475412 0.14125 1.369416 1 1 1
v -0.3475412 0.25375 1.369416 1 1 1
v 0.3475412 0.14125 1.369416 1 1 1
v 0.3475412 0.25375 1.369416 1 1 1
v -0.2062501 0.9675 0.868125 1 1 1
v 0.20625 0.9675 0.8681249 1 1 1
v -0.20625 0.9675 1.108125 1 1 1
v 0.2062501 0.9675 1.108125 1 1 1
v -0.20625 0.855 1.153125 1 1 1
v -0.2062501 0.855 0.868125 1 1 1
v -0.20625 0.9225 1.153125 1 1 1
v 0.20625 0.855 0.8681249 1 1 1
v 0.2062501 0.855 1.153125 1 1 1
v 0.2062501 0.9225 1.153125 1 1 1
v 0.1875 0.34125 -1.006875 1 1 1
v 0.1875 0.34125 -0.226875 1 1 1
v -0.1875 0.34125 -1.006875 1 1 1
v -0.1875 0.34125 -0.226875 1 1 1
v 0.1875 0.11625 -0.226875 1 1 1
v -0.1875 0.11625 -0.226875 1 1 1
v 0.1875 0.17625 -1.006875 1 1 1
v -0.1875 0.17625 -1.006875 1 1 1
v -0.1875 0.11625 -0.946875 1 1 1
v 0.1875 0.11625 -0.946875 1 1 1
v 0.28125 0.445 1.190625 1 1 1
v 0.39375 0.445 1.190625 1 1 1
v 0.28125 0.6075 1.190625 1 1 1
v 0.39375 0.6075 1.190625 1 1 1
v 0.1875 0.34125 0.373125 1 1 1
v 0.1875 0.34125 0.868125 1 1 1
v -0.1875 0.34125 0.373125 1 1 1
v -0.1875 0.34125 0.868125 1 1 1
v 0.1875 0.17625 0.373125 1 1 1
v -0.1875 0.17625 0.373125 1 1 1
v -0.1875 0.11625 0.433125 1 1 1
v 0.1875 0.11625 0.433125 1 1 1
v -0.39375 0.445 1.190625 1 1 1
v -0.28125 0.445 1.190625 1 1 1
v -0.39375 0.6075 1.190625 1 1 1
v -0.28125 0.6075 1.190625 1 1 1
v -0.17125 0.3634375 1.303125 1 1 1
v -0.17125 0.25375 1.303125 1 1 1
v 0.17125 0.3634375 1.303125 1 1 1
v 0.17125 0.25375 1.303125 1 1 1
v -0.22125 0.3634375 1.303125 1 1 1
v 0.22125 0.3634375 1.303125 1 1 1
v 0.28125 0.57 1.303125 1 1 1
v 0.28125 0.57 1.061879 1 1 1
v 0.28125 0.19125 1.303125 1 1 1
v 0.28125 0.62 1.011879 1 1 1
v 0.28125 0.19125 0.868125 1 1 1
v 0.28125 0.685 1.011879 1 1 1
v 0.28125 0.855 0.868125 1 1 1
v 0.28125 0.735 1.061879 1 1 1
v 0.28125 0.855 1.243125 1 1 1
v 0.28125 0.735 1.303125 1 1 1
v 0.28125 0.7950001 1.303125 1 1 1
v -0.2812501 0.855 0.868125 1 1 1
v -0.2812501 0.855 1.243125 1 1 1
v -0.2812501 0.19125 0.868125 1 1 1
v -0.2812501 0.19125 1.303125 1 1 1
v -0.2812501 0.7950001 1.303125 1 1 1
v -0.2812501 0.57 1.303125 1 1 1
v 0.22125 0.57 1.303125 1 1 1
v -0.2212501 0.57 1.303125 1 1 1
v 0.22125 0.735 1.303125 1 1 1
v -0.2812501 0.735 1.303125 1 1 1
v -0.2212501 0.735 1.303125 1 1 1
v -0.2812501 0.57 1.061879 1 1 1
v -0.2812501 0.62 1.011879 1 1 1
v -0.2812501 0.685 1.011879 1 1 1
v -0.2812501 0.735 1.061879 1 1 1
v 0.28125 0.6075 1.265625 1 1 1
v 0.39375 0.6075 1.265625 1 1 1
v 0.28125 0.445 1.265625 1 1 1
v 0.39375 0.445 1.265625 1 1 1
v 0.28125 0.5700001 1.303125 1 1 1
v 0.39375 0.5700001 1.303125 1 1 1
v 0.28125 0.4825 1.303125 1 1 1
v 0.39375 0.4825 1.303125 1 1 1
v -0.39375 0.6075 1.265625 1 1 1
v -0.28125 0.6075 1.265625 1 1 1
v -0.39375 0.445 1.265625 1 1 1
v -0.28125 0.445 1.265625 1 1 1
v -0.39375 0.5700001 1.303125 1 1 1
v -0.28125 0.5700001 1.303125 1 1 1
v -0.39375 0.4825 1.303125 1 1 1
v -0.28125 0.4825 1.303125 1 1 1
v -0.375 0.1875 1.143812 1 1 1
v -0.375 0.2074312 1.135556 1 1 1
v -0.375 0.1675688 1.135556 1 1 1
v -0.375 0.1593131 1.115625 1 1 1
v -0.375 0.2156869 1.115625 1 1 1
v -0.375 0.1675688 1.095694 1 1 1
v -0.375 0.2074312 1.095694 1 1 1
v -0.375 0.1875 1.087438 1 1 1
v -0.3375 0.2360286 1.296736 1 1 1
v -0.3375 0.28125 1.278005 1 1 1
v -0.3375 0.3686111 1.164154 1 1 1
v -0.3375 0.375 1.115625 1 1 1
v -0.3375 0.3200825 0.9830425 1 1 1
v -0.3375 0.28125 0.9532453 1 1 1
v -0.3375 0.3686111 1.067096 1 1 1
v -0.3375 0.3498798 1.021875 1 1 1
v -0.3375 0.3498798 1.209375 1 1 1
v -0.3375 0.3200825 1.248208 1 1 1
v -0.3375 0.2360286 0.9345139 1 1 1
v -0.375 0.1875 -0.3861881 1 1 1
v -0.375 0.2074312 -0.3944438 1 1 1
v -0.375 0.1675688 -0.3944438 1 1 1
v -0.375 0.1593131 -0.414375 1 1 1
v -0.375 0.2156869 -0.414375 1 1 1
v -0.375 0.1675688 -0.4343062 1 1 1
v -0.375 0.2074312 -0.4343062 1 1 1
v -0.375 0.1875 -0.4425619 1 1 1
v -0.375 0.1875 -0.7461881 1 1 1
v -0.375 0.2074312 -0.7544439 1 1 1
v -0.375 0.1675688 -0.7544439 1 1 1
v -0.375 0.1593131 -0.774375 1 1 1
v -0.375 0.2156869 -0.774375 1 1 1
v -0.375 0.1675688 -0.7943062 1 1 1
v -0.375 0.2074312 -0.7943062 1 1 1
v -0.375 0.1875 -0.8025619 1 1 1
v 0.375 0.1875 0.5138119 1 1 1
v 0.375 0.2074312 0.5055562 1 1 1
v 0.375 0.1675688 0.5055562 1 1 1
v 0.375 0.1593131 0.485625 1 1 1
v 0.375 0.2156869 0.485625 1 1 1
v 0.375 0.1675688 0.4656938 1 1 1
v 0.375 0.2074312 0.4656938 1 1 1
v 0.375 0.1875 0.4574381 1 1 1
v 0.375 0.1875 -0.3861881 1 1 1
v 0.375 0.2074312 -0.3944438 1 1 1
v 0.375 0.1675688 -0.3944438 1 1 1
v 0.375 0.1593131 -0.414375 1 1 1
v 0.375 0.2156869 -0.414375 1 1 1
v 0.375 0.1675688 -0.4343062 1 1 1
v 0.375 0.2074312 -0.4343062 1 1 1
v 0.375 0.1875 -0.4425619 1 1 1
v -0.375 0.1875 0.5138119 1 1 1
v -0.375 0.2074312 0.5055562 1 1 1
v -0.375 0.1675688 0.5055562 1 1 1
v -0.375 0.1593131 0.485625 1 1 1
v -0.375 0.2156869 0.485625 1 1 1
v -0.375 0.1675688 0.4656938 1 1 1
v -0.375 0.2074312 0.4656938 1 1 1
v -0.375 0.1875 0.4574381 1 1 1
v 0.375 0.1875 -0.7461881 1 1 1
v 0.375 0.2074312 -0.7544439 1 1 1
v 0.375 0.1675688 -0.7544439 1 1 1
v 0.375 0.1593131 -0.774375 1 1 1
v 0.375 0.2156869 -0.774375 1 1 1
v 0.375 0.1675688 -0.7943062 1 1 1
v 0.375 0.2074312 -0.7943062 1 1 1
v 0.375 0.1875 -0.8025619 1 1 1
v 0.375 0.1875 1.143812 1 1 1
v 0.375 0.2074312 1.135556 1 1 1
v 0.375 0.1675688 1.135556 1 1 1
v 0.375 0.1593131 1.115625 1 1 1
v 0.375 0.2156869 1.115625 1 1 1
v 0.375 0.1675688 1.095694 1 1 1
v 0.375 0.2074312 1.095694 1 1 1
v 0.375 0.1875 1.087438 1 1 1
v 0.3375 0.2360286 1.296736 1 1 1
v 0.3375 0.28125 1.278005 1 1 1
v 0.3375 0.3686111 1.164154 1 1 1
v 0.3375 0.375 1.115625 1 1 1
v 0.3375 0.3200825 0.9830425 1 1 1
v 0.3375 0.28125 0.9532453 1 1 1
v 0.3375 0.3686111 1.067096 1 1 1
v 0.3375 0.3498798 1.021875 1 1 1
v 0.3375 0.3498798 1.209375 1 1 1
v 0.3375 0.3200825 1.248208 1 1 1
v 0.3375 0.2360286 0.9345139 1 1 1
v -0.425 0.34125 -1.234375 1 1 1
v -0.425 0.34125 0.748125 1 1 1
v 0.425 0.34125 -1.234375 1 1 1
v 0.425 0.34125 0.748125 1 1 1
v -0.425 1.0125 0.808125 1 1 1
v -0.425 0.40125 0.808125 1 1 1
v -0.425 1.0125 -1.234375 1 1 1
v 0.425 0.40125 0.808125 1 1 1
v 0.425 1.0125 0.808125 1 1 1
v 0.425 1.0125 -1.234375 1 1 1
v -0.35 1.0875 -1.234375 1 1 1
v 0.35 1.0875 -1.234375 1 1 1
v -0.35 1.0875 0.808125 1 1 1
v 0.35 1.0875 0.808125 1 1 1

vn 1 0 0
vn 0 0 1
vn -1 0 0
vn 0 0.3826834 0.9238795
vn 0 0.7071068 0.7071068
vn 1 0 1.248335E-13
vn -0.6618486 0 -0.7496374
vn -0.6618487 -0.5300738 -0.5300738
vn -0.6618487 -0.5300738 0.5300738
vn -0.6618486 -0.7496374 -8.262087E-14
vn -0.6618487 0.5300738 -0.5300738
vn -0.6618486 0.7496374 -8.262087E-14
vn -0.6618486 0 0.7496374
vn -0.6618487 0.5300738 0.5300738
vn -1 0 -1.248335E-13
vn -0.3737583 -0.6558601 0.6558601
vn -0.7101379 -0.4978474 0.4978474
vn -0.3737583 -0.8032612 0.4637631
vn -0.7101379 -0.6097361 0.3520313
vn -0.3737583 -0.8959214 0.2400614
vn -0.7101379 -0.6800722 0.1822248
vn -0.3737583 -0.9275262 -4.665755E-14
vn -0.7101379 -0.7040626 -8.8649E-14
vn -0.7101379 -0.3520313 -0.6097361
vn -0.7101379 -0.1822248 -0.6800722
vn -0.3737583 -0.4637631 -0.8032612
vn -0.3737583 -0.2400614 -0.8959214
vn -0.7101379 -0.4978474 -0.4978474
vn -0.3737583 -0.6558601 -0.6558601
vn 0.7101379 0.6097361 -0.3520313
vn 0.7101379 0.4978474 -0.4978474
vn 0.3737583 0.8032612 -0.4637631
vn 0.3737583 0.6558601 -0.6558601
vn 0.7101379 -0.4978474 -0.4978474
vn 0.3737583 -0.6558601 -0.6558601
vn 0.7101379 -0.3520313 -0.6097361
vn 0.3737583 -0.4637631 -0.8032612
vn 0.3737583 0.2400614 0.8959214
vn 0.7101379 0.1822248 0.6800722
vn 0.3737583 0.4637631 0.8032612
vn 0.7101379 0.3520313 0.6097361
vn -0.3737583 0 0.9275262
vn -0.7101379 0 0.7040626
vn -0.3737583 -0.2400614 0.8959214
vn -0.7101379 -0.1822248 0.6800722
vn -0.3737583 -0.8959214 -0.2400614
vn -0.7101379 -0.6800722 -0.1822248
vn 0.3737583 -0.8959214 0.2400614
vn 0.3737583 -0.8032612 0.4637631
vn 0.7101379 -0.1822248 -0.6800722
vn 0.3737583 -0.2400614 -0.8959214
vn 0.3737583 0 -0.9275262
vn -0.3737583 0 -0.9275262
vn -0.3737583 -0.4637631 0.8032612
vn -0.7101379 -0.3520313 0.6097361
vn 0.3737583 -0.6558601 0.6558601
vn 0.7101379 0.6800722 -0.1822248
vn 0.3737583 0.8959214 -0.2400614
vn 0.7101379 -0.6097361 -0.3520313
vn 0.3737583 -0.8032612 -0.4637631
vn 0.3737583 -0.2400614 0.8959214
vn 0.3737583 -0.4637631 0.8032612
vn 0.7101379 -0.1822248 0.6800722
vn 0.7101379 -0.3520313 0.6097361
vn 0.7101379 0 -0.7040626
vn 0.3737583 -0.8959214 -0.2400614
vn 0.3737583 -0.9275262 4.665755E-14
vn 0.3737583 0.6558601 0.6558601
vn 0.7101379 0.4978474 0.4978474
vn 0.3737583 0.8032612 0.4637631
vn 0.7101379 0.6097361 0.3520313
vn 0.7101379 -0.6800722 -0.1822248
vn 0.7101379 0.3520313 -0.6097361
vn 0.3737583 0.4637631 -0.8032612
vn 0.7101379 -0.4978474 0.4978474
vn 0.7101379 -0.6097361 0.3520313
vn 0.7101379 0.1822248 -0.6800722
vn 0.3737583 0.2400614 -0.8959214
vn -0.7101379 -0.6097361 -0.3520313
vn -0.3737583 -0.8032612 -0.4637631
vn 0.7101379 -0.6800722 0.1822248
vn 0.3737583 0 0.9275262
vn 0.7101379 0 0.7040626
vn -0.7101379 0 -0.7040626
vn 0.3737583 0.8959214 0.2400614
vn 0.7101379 0.6800722 0.1822248
vn 0.3737583 0.9275262 4.665755E-14
vn 0.7101379 0.7040626 8.8649E-14
vn 0.7101379 -0.7040626 8.8649E-14
vn -0.3737583 0.2400614 0.8959214
vn -0.3737583 0.4637631 0.8032612
vn -0.7101379 0.1822248 0.6800722
vn -0.7101379 0.3520313 0.6097361
vn -0.3737583 0.8959214 0.2400614
vn -0.3737583 0.9275262 -4.665755E-14
vn -0.7101379 0.6800722 0.1822248
vn -0.7101379 0.7040626 -8.8649E-14
vn -0.7101379 0.4978474 -0.4978474
vn -0.3737583 0.6558601 -0.6558601
vn -0.7101379 0.3520313 -0.6097361
vn -0.3737583 0.4637631 -0.8032612
vn -0.7101379 0.6800722 -0.1822248
vn -0.3737583 0.8959214 -0.2400614
vn -0.7101379 0.6097361 -0.3520313
vn -0.3737583 0.8032612 -0.4637631
vn -0.3737583 0.8032612 0.4637631
vn -0.7101379 0.6097361 0.3520313
vn -0.3737583 0.6558601 0.6558601
vn -0.7101379 0.4978474 0.4978474
vn -0.7101379 0.1822248 -0.6800722
vn -0.3737583 0.2400614 -0.8959214
vn -1 0 1.248335E-13
vn 0.6618486 0 -0.7496374
vn 0.6618487 -0.5300738 -0.5300738
vn 0.6618487 -0.5300738 0.5300738
vn 0.6618486 -0.7496374 -8.262087E-14
vn 0.6618486 0.7496374 -8.262087E-14
vn 0.6618487 0.5300738 -0.5300738
vn 0.6618486 0 0.7496374
vn 0.6618487 0.5300738 0.5300738
vn 1 0 -1.248335E-13
vn 0.3737583 0.9275262 -4.665755E-14
vn 0.7101379 0.7040626 -8.8649E-14
vn 0.3737583 -0.9275262 -4.665755E-14
vn 0.7101379 -0.7040626 -8.8649E-14
vn -0.3737583 0.9275262 4.665755E-14
vn -0.3737583 -0.9275262 4.665755E-14
vn -0.7101379 0.7040626 8.8649E-14
vn -0.7101379 -0.7040626 8.8649E-14
vn 0.1950903 0.9807853 0
vn 0 1 0
vn 0 -1 0
vn 0.9807853 0.1950903 0
vn 0.7071068 0.7071068 0
vn 0 0 -1
vn -0.7071068 0.7071068 0
vn -0.9807853 0.1950903 0
vn -0.1950903 0.9807853 0
vn -0.9807853 -0.1950903 0
vn -0.7071068 -0.7071068 0
vn -0.1950903 -0.9807853 0
vn 0.1950903 -0.9807853 0
vn 0.7071068 -0.7071068 0
vn 0.9807853 -0.1950903 0
vn -6.8634E-14 0 -1
vn 0.7071068 0 -0.7071068
vn 0.9807853 0 -0.1950903
vn -0.3826834 0 -0.9238795
vn -0.7071068 0 -0.7071068
vn -0.9807853 0 -0.1950903
vn 0.3826834 0 -0.9238795
vn 6.8634E-14 0 1
vn -1 0 6.8634E-14
vn 1 0 -6.8634E-14
vn -0.8314696 0 -0.5555702
vn 0.8314696 0 -0.5555702
vn 1.248335E-13 0 1
vn -0.7071068 0 0.7071068
vn 0.3826834 0 0.9238795
vn 0.7071068 0 0.7071068
vn -0.3826834 0 0.9238795
vn 0 0.9999999 0
vn 4.561941E-08 0.9238794 0.3826834
vn -1 0 1.192093E-07
vn 1 0 -1.192093E-07
vn 1.192093E-07 0 1
vn 1.10135E-07 0.3826834 0.9238795
vn -1.192093E-07 0 -1
vn 0 -0.3826834 -0.9238795
vn 0 -0.9238795 -0.3826834
vn -1.248335E-13 0 -1
vn 0 0.9238795 0.3826834
vn 4.777171E-14 0.9238795 0.3826834
vn 4.777171E-14 -0.9238795 0.3826834
vn 1.153311E-13 0.3826834 0.9238795
vn 1.153311E-13 -0.3826834 0.9238795
vn -0.6008443 -0.7993661 -7.500549E-14
vn -0.6008444 -0.5652372 0.5652372
vn -0.6008443 0 0.7993661
vn -0.6008444 0.5652372 0.5652372
vn -0.6008444 -0.5652372 -0.5652372
vn -0.6008443 0 -0.7993661
vn -0.6008443 0.7993661 -7.500549E-14
vn -0.6008444 0.5652372 -0.5652372
vn 0.6008443 -0.7993661 -7.500549E-14
vn 0.6008444 -0.5652372 0.5652372
vn 0.6008443 0 0.7993661
vn 0.6008444 0.5652372 0.5652372
vn 0.6008444 -0.5652372 -0.5652372
vn 0.6008443 0 -0.7993661
vn 0.6008443 0.7993661 -7.500549E-14
vn 0.6008444 0.5652372 -0.5652372
vn -0.9238795 0.3826834 1.153311E-13
vn 0.9238795 0.3826834 -1.153311E-13
vn -0.3826834 0.9238795 4.777171E-14
vn 0.3826834 0.9238795 -4.777171E-14

vt 0.34375 0.1643939
vt 0.34375 0.08560606
vt 0.34375 0.225
vt 0.34375 0.025
vt 0.34375 0.08020232
vt 0.34375 0.1816474
vt 0.34375 0.1362177
vt 0.34375 0.1132392
vt 0.34375 0.1591963
vt 0.34375 0.1806089
vt 0.34375 0.09182661
vt 0.34375 0.1989963
vt 0.34375 0.0734392
vt 0.34375 0.2131054
vt 0.34375 0.05933005
vt 0.34375 0.2219748
vt 0.34375 0.05046067
vt 0.34375 0.04743549
vt 0.34375 0.1598625
vt 0.34375 0.1737491
vt 0.34375 0.1696565
vt 0.34375 0.1892951
vt 0.34375 0.112573
vt 0.34375 0.102779
vt 0.34375 0.09868634
vt 0.34375 0.08314032
vt 0.34375 0.1567157
vt 0.34375 0.1624214
vt 0.34375 0.150359
vt 0.34375 0.157347
vt 0.34375 0.146363
vt 0.34375 0.1541571
vt 0.34375 0.145
vt 0.34375 0.153069
vt 0.34375 0.1690345
vt 0.34375 0.1767357
vt 0.34375 0.165
vt 0.34375 0.1746472
vt 0.34375 0.212653
vt 0.34375 0.2075786
vt 0.34375 0.219641
vt 0.34375 0.2132843
vt 0.34375 0.1953528
vt 0.34375 0.1932643
vt 0.34375 0.205
vt 0.34375 0.2009655
vt 0.34375 0.185
vt 0.34375 0.2158429
vt 0.34375 0.223637
vt 0.34375 0.216931
vt 0.46875 0.225
vt 0.46875 0.025
vt 0.46875 0.125
vt 0.46875 0.1957107
vt 0.46875 0.08499999
vt 0.46875 0.145
vt 0.59375 0.225
vt 0.59375 0.025
vt 0.59375 0.07833333
vt 0.21875 0.08020232
vt 0.21875 0.025
vt 0.21875 0.225
vt 0.21875 0.1816474
vt 0.21875 0.1391243
vt 0.21875 0.1541902
vt 0.21875 0.1737759
vt 0.21875 0.1888418
vt 0.21875 0.2069209
vt 0.21875 0.1788462
vt 0.21875 0.07115384
vt 0.21875 0.1362177
vt 0.21875 0.1480401
vt 0.21875 0.1243953
vt 0.21875 0.1194984
vt 0.21875 0.1529371
vt 0.21875 0.102779
vt 0.21875 0.112573
vt 0.21875 0.1598625
vt 0.21875 0.1696565
vt 0.21875 0.1953528
vt 0.21875 0.205
vt 0.21875 0.1932643
vt 0.21875 0.2009655
vt 0.21875 0.223637
vt 0.21875 0.2158429
vt 0.21875 0.216931
vt 0.21875 0.2075786
vt 0.21875 0.2132843
vt 0.21875 0.212653
vt 0.21875 0.219641
vt 0.21875 0.185
vt 0.34375 0.325
vt 0.34375 0.4149497
vt 0.34375 0.3330402
vt 0.34375 0.425

usemtl colormap

f 3/3/1 2/2/1 1/1/1
f 2/2/1 3/3/1 4/4/1
f 4/4/1 3/3/1 5/3/1
f 4/4/1 5/3/1 6/4/1
f 9/3/2 8/4/2 7/4/2
f 8/4/2 9/3/2 10/3/2
f 13/4/3 12/1/3 11/2/3
f 12/1/3 13/4/3 14/3/3
f 14/3/3 13/4/3 15/4/3
f 14/3/3 15/4/3 16/3/3
f 19/5/2 18/4/2 17/4/2
f 18/4/2 19/5/2 20/5/2
f 20/5/2 19/5/2 21/5/2
f 21/5/2 19/5/2 22/6/4
f 22/6/4 19/5/2 23/5/2
f 22/6/4 23/5/2 24/6/4
f 26/3/5 25/3/5 24/6/4
f 27/3/5 24/6/4 25/3/5
f 27/3/5 25/3/5 28/3/5
f 24/6/4 27/3/5 22/6/4
f 92/8/15 91/11/15 70/7/15
f 91/11/15 90/13/15 70/7/15
f 70/7/15 90/13/15 66/7/15
f 90/13/15 89/15/15 66/7/15
f 66/7/15 89/15/15 68/25/15
f 89/15/15 88/17/15 68/25/15
f 88/17/15 87/18/15 68/25/15
f 64/26/15 68/25/15 87/18/15
f 87/18/15 86/17/15 64/26/15
f 64/26/15 86/17/15 63/25/15
f 86/17/15 85/15/15 63/25/15
f 63/25/15 85/15/15 54/7/15
f 85/15/15 84/13/15 54/7/15
f 84/13/15 83/11/15 54/7/15
f 83/11/15 82/8/15 54/7/15
f 81/7/15 54/7/15 82/8/15
f 81/7/15 80/9/15 54/7/15
f 79/10/15 54/7/15 80/9/15
f 78/12/15 54/7/15 79/10/15
f 77/14/15 54/7/15 78/12/15
f 56/20/15 54/7/15 77/14/15
f 76/16/15 56/20/15 77/14/15
f 60/22/15 56/20/15 76/16/15
f 75/3/15 60/22/15 76/16/15
f 60/22/15 75/3/15 59/20/15
f 74/16/15 59/20/15 75/3/15
f 73/14/15 59/20/15 74/16/15
f 66/7/15 59/20/15 73/14/15
f 72/12/15 66/7/15 73/14/15
f 70/7/15 66/7/15 72/12/15
f 71/10/15 70/7/15 72/12/15
f 69/9/15 70/7/15 71/10/15
f 56/20/8 60/22/10 55/19/8
f 58/21/10 55/19/8 60/22/10
f 65/7/13 66/7/13 67/23/14
f 68/25/14 67/23/14 66/7/13
f 68/25/14 64/26/12 67/23/14
f 62/24/12 67/23/14 64/26/12
f 53/7/7 61/23/11 54/7/7
f 63/25/11 54/7/7 61/23/11
f 59/20/9 66/7/13 57/19/9
f 65/7/13 57/19/9 66/7/13
f 64/26/12 63/25/11 62/24/12
f 61/23/11 62/24/12 63/25/11
f 60/22/10 59/20/9 58/21/10
f 57/19/9 58/21/10 59/20/9
f 56/20/8 55/19/8 54/7/7
f 53/7/7 54/7/7 55/19/8
f 52/7/6 50/9/6 51/8/6
f 51/8/6 50/9/6 49/11/6
f 50/9/6 48/10/6 49/11/6
f 49/11/6 48/10/6 47/13/6
f 48/10/6 46/12/6 47/13/6
f 47/13/6 46/12/6 45/15/6
f 46/12/6 44/14/6 45/15/6
f 45/15/6 44/14/6 43/17/6
f 44/14/6 42/16/6 43/17/6
f 43/17/6 42/16/6 41/18/6
f 42/16/6 40/3/6 41/18/6
f 41/18/6 40/3/6 39/17/6
f 40/3/6 38/16/6 39/17/6
f 39/17/6 38/16/6 37/15/6
f 38/16/6 36/14/6 37/15/6
f 37/15/6 36/14/6 35/13/6
f 36/14/6 34/12/6 35/13/6
f 35/13/6 34/12/6 33/11/6
f 34/12/6 32/10/6 33/11/6
f 33/11/6 32/10/6 30/8/6
f 32/10/6 31/9/6 30/8/6
f 29/7/6 30/8/6 31/9/6
f 42/48/57 116/49/58 40/50/88
f 129/3/87 40/50/88 116/49/58
f 98/38/27 111/38/51 97/37/26
f 103/37/37 97/37/26 111/38/51
f 31/44/39 104/43/38 29/47/83
f 127/47/82 29/47/83 104/43/38
f 120/31/66 43/32/72 121/33/67
f 41/34/89 121/33/67 43/32/72
f 125/43/78 124/45/74 50/44/77
f 48/46/73 50/44/77 124/45/74
f 38/48/86 128/49/85 36/39/71
f 123/41/70 36/39/71 128/49/85
f 35/28/75 33/35/64 115/27/56
f 119/37/62 115/27/56 33/35/64
f 41/34/89 39/32/81 121/33/67
f 109/31/48 121/33/67 39/32/81
f 40/50/88 129/3/87 38/48/86
f 128/49/85 38/48/86 129/3/87
f 126/29/80 99/27/29 117/29/60
f 102/27/35 117/29/60 99/27/29
f 119/37/62 114/37/54 115/27/56
f 93/27/16 115/27/56 114/37/54
f 108/31/46 126/29/80 120/31/66
f 117/29/60 120/31/66 126/29/80
f 113/47/53 98/38/27 70/47/84
f 92/36/25 70/47/84 98/38/27
f 118/38/61 107/38/44 119/37/62
f 114/37/54 119/37/62 107/38/44
f 34/40/69 122/42/68 32/46/41
f 105/45/40 32/46/41 122/42/68
f 30/36/63 29/47/83 118/38/61
f 127/47/82 118/38/61 29/47/83
f 99/27/29 126/29/80 90/28/28
f 89/30/79 90/28/28 126/29/80
f 127/47/82 106/47/42 118/38/61
f 107/38/44 118/38/61 106/47/42
f 39/32/81 37/30/76 109/31/48
f 110/29/49 109/31/48 37/30/76
f 83/35/55 114/37/54 82/36/45
f 107/38/44 82/36/45 114/37/54
f 126/29/80 108/31/46 89/30/79
f 88/32/47 89/30/79 108/31/46
f 112/47/52 125/43/78 52/47/65
f 50/44/77 52/47/65 125/43/78
f 97/37/26 103/37/37 99/27/29
f 102/27/35 99/27/29 103/37/37
f 96/33/22 121/33/67 95/31/20
f 109/31/48 95/31/20 121/33/67
f 37/30/76 35/28/75 110/29/49
f 115/27/56 110/29/49 35/28/75
f 124/45/74 101/42/33 48/46/73
f 46/40/31 48/46/73 101/42/33
f 117/29/60 45/30/59 120/31/66
f 43/32/72 120/31/66 45/30/59
f 36/39/71 123/41/70 34/40/69
f 122/42/68 34/40/69 123/41/70
f 96/33/22 108/31/46 121/33/67
f 120/31/66 121/33/67 108/31/46
f 112/47/52 52/47/65 111/38/51
f 51/36/50 111/38/51 52/47/65
f 33/35/64 30/36/63 119/37/62
f 118/38/61 119/37/62 30/36/63
f 102/27/35 47/28/34 117/29/60
f 45/30/59 117/29/60 47/28/34
f 100/41/32 116/49/58 44/39/30
f 42/48/57 44/39/30 116/49/58
f 93/27/16 94/29/18 115/27/56
f 110/29/49 115/27/56 94/29/18
f 84/28/17 93/27/16 83/35/55
f 114/37/54 83/35/55 93/27/16
f 113/47/53 112/47/52 98/38/27
f 111/38/51 98/38/27 112/47/52
f 111/38/51 51/36/50 103/37/37
f 49/35/36 103/37/37 51/36/50
f 86/32/21 95/31/20 85/30/19
f 94/29/18 85/30/19 95/31/20
f 94/29/18 95/31/20 110/29/49
f 109/31/48 110/29/49 95/31/20
f 88/32/47 108/31/46 87/34/23
f 96/33/22 87/34/23 108/31/46
f 82/36/45 107/38/44 81/47/43
f 106/47/42 81/47/43 107/38/44
f 32/46/41 105/45/40 31/44/39
f 104/43/38 31/44/39 105/45/40
f 103/37/37 49/35/36 102/27/35
f 47/28/34 102/27/35 49/35/36
f 101/42/33 100/41/32 46/40/31
f 44/39/30 46/40/31 100/41/32
f 97/37/26 99/27/29 91/35/24
f 90/28/28 91/35/24 99/27/29
f 98/38/27 97/37/26 92/36/25
f 91/35/24 92/36/25 97/37/26
f 87/34/23 96/33/22 86/32/21
f 95/31/20 86/32/21 96/33/22
f 85/30/19 94/29/18 84/28/17
f 93/27/16 84/28/17 94/29/18
f 193/8/15 192/11/15 171/7/15
f 192/11/15 191/13/15 171/7/15
f 171/7/15 191/13/15 167/7/15
f 191/13/15 190/15/15 167/7/15
f 167/7/15 190/15/15 169/25/15
f 190/15/15 189/17/15 169/25/15
f 189/17/15 188/18/15 169/25/15
f 165/26/15 169/25/15 188/18/15
f 188/18/15 187/17/15 165/26/15
f 165/26/15 187/17/15 164/25/15
f 187/17/15 186/15/15 164/25/15
f 164/25/15 186/15/15 155/7/15
f 186/15/15 185/13/15 155/7/15
f 185/13/15 184/11/15 155/7/15
f 184/11/15 183/8/15 155/7/15
f 182/7/15 155/7/15 183/8/15
f 182/7/15 181/9/15 155/7/15
f 180/10/15 155/7/15 181/9/15
f 179/12/15 155/7/15 180/10/15
f 178/14/15 155/7/15 179/12/15
f 157/20/15 155/7/15 178/14/15
f 177/16/15 157/20/15 178/14/15
f 161/22/15 157/20/15 177/16/15
f 176/3/15 161/22/15 177/16/15
f 161/22/15 176/3/15 160/20/15
f 175/16/15 160/20/15 176/3/15
f 174/14/15 160/20/15 175/16/15
f 167/7/15 160/20/15 174/14/15
f 173/12/15 167/7/15 174/14/15
f 171/7/15 167/7/15 173/12/15
f 172/10/15 171/7/15 173/12/15
f 170/9/15 171/7/15 172/10/15
f 157/20/8 161/22/10 156/19/8
f 159/21/10 156/19/8 161/22/10
f 166/7/13 167/7/13 168/23/14
f 169/25/14 168/23/14 167/7/13
f 169/25/14 165/26/12 168/23/14
f 163/24/12 168/23/14 165/26/12
f 154/7/7 162/23/11 155/7/7
f 164/25/11 155/7/7 162/23/11
f 160/20/9 167/7/13 158/19/9
f 166/7/13 158/19/9 167/7/13
f 165/26/12 164/25/11 163/24/12
f 162/23/11 163/24/12 164/25/11
f 161/22/10 160/20/9 159/21/10
f 158/19/9 159/21/10 160/20/9
f 157/20/8 156/19/8 155/7/7
f 154/7/7 155/7/7 156/19/8
f 153/7/6 151/9/6 152/8/6
f 152/8/6 151/9/6 150/11/6
f 151/9/6 149/10/6 150/11/6
f 150/11/6 149/10/6 148/13/6
f 149/10/6 147/12/6 148/13/6
f 148/13/6 147/12/6 146/15/6
f 147/12/6 145/14/6 146/15/6
f 146/15/6 145/14/6 144/17/6
f 145/14/6 143/16/6 144/17/6
f 144/17/6 143/16/6 142/18/6
f 143/16/6 141/3/6 142/18/6
f 142/18/6 141/3/6 140/17/6
f 141/3/6 139/16/6 140/17/6
f 140/17/6 139/16/6 138/15/6
f 139/16/6 137/14/6 138/15/6
f 138/15/6 137/14/6 136/13/6
f 137/14/6 135/12/6 136/13/6
f 136/13/6 135/12/6 134/11/6
f 135/12/6 133/10/6 134/11/6
f 134/11/6 133/10/6 131/8/6
f 133/10/6 132/9/6 131/8/6
f 130/7/6 131/8/6 132/9/6
f 237/42/68 210/42/108 219/45/40
f 195/45/91 219/45/40 210/42/108
f 143/48/57 230/49/58 141/50/88
f 215/3/87 141/50/88 230/49/58
f 209/41/106 210/42/108 238/41/70
f 237/42/68 238/41/70 210/42/108
f 207/38/27 225/38/51 206/37/26
f 217/37/37 206/37/26 225/38/51
f 132/44/39 218/43/38 130/47/83
f 241/47/82 130/47/83 218/43/38
f 235/31/66 144/32/72 236/33/67
f 142/34/89 236/33/67 144/32/72
f 203/41/105 202/49/103 212/41/32
f 230/49/58 212/41/32 202/49/103
f 234/43/78 239/45/74 151/44/77
f 149/46/73 151/44/77 239/45/74
f 139/48/86 214/49/85 137/39/71
f 238/41/70 137/39/71 214/49/85
f 201/45/101 239/45/74 221/43/111
f 234/43/78 221/43/111 239/45/74
f 136/28/75 134/35/64 229/27/56
f 233/37/62 229/27/56 134/35/64
f 142/34/89 140/32/81 236/33/67
f 223/31/48 236/33/67 140/32/81
f 141/50/88 215/3/87 139/48/86
f 214/49/85 139/48/86 215/3/87
f 240/29/80 208/27/29 231/29/60
f 216/27/35 231/29/60 208/27/29
f 198/49/94 209/41/106 214/49/85
f 238/41/70 214/49/85 209/41/106
f 233/37/62 228/37/54 229/27/56
f 196/27/16 229/27/56 228/37/54
f 222/31/46 240/29/80 235/31/66
f 231/29/60 235/31/66 240/29/80
f 227/47/53 207/38/27 171/47/84
f 193/36/25 171/47/84 207/38/27
f 232/38/61 220/38/44 233/37/62
f 228/37/54 233/37/62 220/38/44
f 135/40/69 237/42/68 133/46/41
f 219/45/40 133/46/41 237/42/68
f 218/43/38 194/43/90 241/47/82
f 211/47/42 241/47/82 194/43/90
f 131/36/63 130/47/83 232/38/61
f 241/47/82 232/38/61 130/47/83
f 208/27/29 240/29/80 191/28/28
f 190/30/79 191/28/28 240/29/80
f 241/47/82 211/47/42 232/38/61
f 220/38/44 232/38/61 211/47/42
f 200/42/99 203/41/105 213/42/33
f 212/41/32 213/42/33 203/41/105
f 140/32/81 138/30/76 223/31/48
f 224/29/49 223/31/48 138/30/76
f 219/45/40 195/45/91 218/43/38
f 194/43/90 218/43/38 195/45/91
f 227/47/53 171/47/84 221/43/111
f 170/44/110 221/43/111 171/47/84
f 184/35/55 228/37/54 183/36/45
f 220/38/44 183/36/45 228/37/54
f 202/49/103 175/48/102 199/3/95
f 176/50/97 199/3/95 175/48/102
f 202/49/103 199/3/95 230/49/58
f 215/3/87 230/49/58 199/3/95
f 240/29/80 222/31/46 190/30/79
f 189/32/47 190/30/79 222/31/46
f 226/47/52 234/43/78 153/47/65
f 151/44/77 153/47/65 234/43/78
f 200/42/99 213/42/33 201/45/101
f 239/45/74 201/45/101 213/42/33
f 206/37/26 217/37/37 208/27/29
f 216/27/35 208/27/29 217/37/37
f 204/31/20 205/33/22 223/31/48
f 236/33/67 223/31/48 205/33/22
f 138/30/76 136/28/75 224/29/49
f 229/27/56 224/29/49 136/28/75
f 239/45/74 213/42/33 149/46/73
f 147/40/31 149/46/73 213/42/33
f 231/29/60 146/30/59 235/31/66
f 144/32/72 235/31/66 146/30/59
f 137/39/71 238/41/70 135/40/69
f 237/42/68 135/40/69 238/41/70
f 205/33/22 222/31/46 236/33/67
f 235/31/66 236/33/67 222/31/46
f 221/43/111 234/43/78 227/47/53
f 226/47/52 227/47/53 234/43/78
f 226/47/52 153/47/65 225/38/51
f 152/36/50 225/38/51 153/47/65
f 134/35/64 131/36/63 233/37/62
f 232/38/61 233/37/62 131/36/63
f 216/27/35 148/28/34 231/29/60
f 146/30/59 231/29/60 148/28/34
f 212/41/32 230/49/58 145/39/30
f 143/48/57 145/39/30 230/49/58
f 196/27/16 197/29/18 229/27/56
f 224/29/49 229/27/56 197/29/18
f 185/28/17 196/27/16 184/35/55
f 228/37/54 184/35/55 196/27/16
f 227/47/53 226/47/52 207/38/27
f 225/38/51 207/38/27 226/47/52
f 225/38/51 152/36/50 217/37/37
f 150/35/36 217/37/37 152/36/50
f 187/32/21 204/31/20 186/30/19
f 197/29/18 186/30/19 204/31/20
f 200/42/99 173/40/98 203/41/105
f 174/39/104 203/41/105 173/40/98
f 197/29/18 204/31/20 224/29/49
f 223/31/48 224/29/49 204/31/20
f 189/32/47 222/31/46 188/34/23
f 205/33/22 188/34/23 222/31/46
f 221/43/111 170/44/110 201/45/101
f 172/46/100 201/45/101 170/44/110
f 183/36/45 220/38/44 182/47/43
f 211/47/42 182/47/43 220/38/44
f 133/46/41 219/45/40 132/44/39
f 218/43/38 132/44/39 219/45/40
f 217/37/37 150/35/36 216/27/35
f 148/28/34 216/27/35 150/35/36
f 199/3/95 198/49/94 215/3/87
f 214/49/85 215/3/87 198/49/94
f 213/42/33 212/41/32 147/40/31
f 145/39/30 147/40/31 212/41/32
f 181/44/92 182/47/43 194/43/90
f 211/47/42 194/43/90 182/47/43
f 178/39/107 179/40/109 209/41/106
f 210/42/108 209/41/106 179/40/109
f 179/40/109 180/46/93 210/42/108
f 195/45/91 210/42/108 180/46/93
f 177/48/96 178/39/107 198/49/94
f 209/41/106 198/49/94 178/39/107
f 206/37/26 208/27/29 192/35/24
f 191/28/28 192/35/24 208/27/29
f 207/38/27 206/37/26 193/36/25
f 192/35/24 193/36/25 206/37/26
f 188/34/23 205/33/22 187/32/21
f 204/31/20 187/32/21 205/33/22
f 203/41/105 174/39/104 202/49/103
f 175/48/102 202/49/103 174/39/104
f 201/45/101 172/46/100 200/42/99
f 173/40/98 200/42/99 172/46/100
f 176/50/97 177/48/96 199/3/95
f 198/49/94 199/3/95 177/48/96
f 186/30/19 197/29/18 185/28/17
f 196/27/16 185/28/17 197/29/18
f 180/46/93 181/44/92 195/45/91
f 194/43/90 195/45/91 181/44/92
f 305/8/15 304/11/15 283/7/15
f 304/11/15 303/13/15 283/7/15
f 283/7/15 303/13/15 279/7/15
f 303/13/15 302/15/15 279/7/15
f 279/7/15 302/15/15 281/25/15
f 302/15/15 301/17/15 281/25/15
f 301/17/15 300/18/15 281/25/15
f 277/26/15 281/25/15 300/18/15
f 300/18/15 299/17/15 277/26/15
f 277/26/15 299/17/15 276/25/15
f 299/17/15 298/15/15 276/25/15
f 276/25/15 298/15/15 267/7/15
f 298/15/15 297/13/15 267/7/15
f 297/13/15 296/11/15 267/7/15
f 296/11/15 295/8/15 267/7/15
f 294/7/15 267/7/15 295/8/15
f 294/7/15 293/9/15 267/7/15
f 292/10/15 267/7/15 293/9/15
f 291/12/15 267/7/15 292/10/15
f 290/14/15 267/7/15 291/12/15
f 269/20/15 267/7/15 290/14/15
f 289/16/15 269/20/15 290/14/15
f 273/22/15 269/20/15 289/16/15
f 288/3/15 273/22/15 289/16/15
f 273/22/15 288/3/15 272/20/15
f 287/16/15 272/20/15 288/3/15
f 286/14/15 272/20/15 287/16/15
f 279/7/15 272/20/15 286/14/15
f 285/12/15 279/7/15 286/14/15
f 283/7/15 279/7/15 285/12/15
f 284/10/15 283/7/15 285/12/15
f 282/9/15 283/7/15 284/10/15
f 269/20/8 273/22/10 268/19/8
f 271/21/10 268/19/8 273/22/10
f 278/7/13 279/7/13 280/23/14
f 281/25/14 280/23/14 279/7/13
f 281/25/14 277/26/12 280/23/14
f 275/24/12 280/23/14 277/26/12
f 266/7/7 274/23/11 267/7/7
f 276/25/11 267/7/7 274/23/11
f 272/20/9 279/7/13 270/19/9
f 278/7/13 270/19/9 279/7/13
f 277/26/12 276/25/11 275/24/12
f 274/23/11 275/24/12 276/25/11
f 273/22/10 272/20/9 271/21/10
f 270/19/9 271/21/10 272/20/9
f 269/20/8 268/19/8 267/7/7
f 266/7/7 267/7/7 268/19/8
f 265/7/6 263/9/6 264/8/6
f 264/8/6 263/9/6 262/11/6
f 263/9/6 261/10/6 262/11/6
f 262/11/6 261/10/6 260/13/6
f 261/10/6 259/12/6 260/13/6
f 260/13/6 259/12/6 258/15/6
f 259/12/6 257/14/6 258/15/6
f 258/15/6 257/14/6 256/17/6
f 257/14/6 255/16/6 256/17/6
f 256/17/6 255/16/6 254/18/6
f 255/16/6 253/3/6 254/18/6
f 254/18/6 253/3/6 252/17/6
f 253/3/6 251/16/6 252/17/6
f 252/17/6 251/16/6 250/15/6
f 251/16/6 249/14/6 250/15/6
f 250/15/6 249/14/6 248/13/6
f 249/14/6 247/12/6 248/13/6
f 248/13/6 247/12/6 246/11/6
f 247/12/6 245/10/6 246/11/6
f 246/11/6 245/10/6 243/8/6
f 245/10/6 244/9/6 243/8/6
f 242/7/6 243/8/6 244/9/6
f 349/42/68 322/42/108 331/45/40
f 307/45/91 331/45/40 322/42/108
f 255/48/57 342/49/58 253/50/88
f 327/3/87 253/50/88 342/49/58
f 321/41/106 322/42/108 350/41/70
f 349/42/68 350/41/70 322/42/108
f 319/38/27 337/38/51 318/37/26
f 329/37/37 318/37/26 337/38/51
f 244/44/39 330/43/38 242/47/83
f 353/47/82 242/47/83 330/43/38
f 347/31/66 256/32/72 348/33/67
f 254/34/89 348/33/67 256/32/72
f 315/41/105 314/49/103 324/41/32
f 342/49/58 324/41/32 314/49/103
f 346/43/78 351/45/74 263/44/77
f 261/46/73 263/44/77 351/45/74
f 251/48/86 326/49/85 249/39/71
f 350/41/70 249/39/71 326/49/85
f 313/45/101 351/45/74 333/43/111
f 346/43/78 333/43/111 351/45/74
f 248/28/75 246/35/64 341/27/56
f 345/37/62 341/27/56 246/35/64
f 254/34/89 252/32/81 348/33/67
f 335/31/48 348/33/67 252/32/81
f 253/50/88 327/3/87 251/48/86
f 326/49/85 251/48/86 327/3/87
f 352/29/80 320/27/29 343/29/60
f 328/27/35 343/29/60 320/27/29
f 310/49/94 321/41/106 326/49/85
f 350/41/70 326/49/85 321/41/106
f 345/37/62 340/37/54 341/27/56
f 308/27/16 341/27/56 340/37/54
f 334/31/46 352/29/80 347/31/66
f 343/29/60 347/31/66 352/29/80
f 339/47/53 319/38/27 283/47/84
f 305/36/25 283/47/84 319/38/27
f 344/38/61 332/38/44 345/37/62
f 340/37/54 345/37/62 332/38/44
f 247/40/69 349/42/68 245/46/41
f 331/45/40 245/46/41 349/42/68
f 330/43/38 306/43/90 353/47/82
f 323/47/42 353/47/82 306/43/90
f 243/36/63 242/47/83 344/38/61
f 353/47/82 344/38/61 242/47/83
f 320/27/29 352/29/80 303/28/28
f 302/30/79 303/28/28 352/29/80
f 353/47/82 323/47/42 344/38/61
f 332/38/44 344/38/61 323/47/42
f 312/42/99 315/41/105 325/42/33
f 324/41/32 325/42/33 315/41/105
f 252/32/81 250/30/76 335/31/48
f 336/29/49 335/31/48 250/30/76
f 331/45/40 307/45/91 330/43/38
f 306/43/90 330/43/38 307/45/91
f 339/47/53 283/47/84 333/43/111
f 282/44/110 333/43/111 283/47/84
f 296/35/55 340/37/54 295/36/45
f 332/38/44 295/36/45 340/37/54
f 314/49/103 287/48/102 311/3/95
f 288/50/97 311/3/95 287/48/102
f 314/49/103 311/3/95 342/49/58
f 327/3/87 342/49/58 311/3/95
f 352/29/80 334/31/46 302/30/79
f 301/32/47 302/30/79 334/31/46
f 338/47/52 346/43/78 265/47/65
f 263/44/77 265/47/65 346/43/78
f 312/42/99 325/42/33 313/45/101
f 351/45/74 313/45/101 325/42/33
f 318/37/26 329/37/37 320/27/29
f 328/27/35 320/27/29 329/37/37
f 316/31/20 317/33/22 335/31/48
f 348/33/67 335/31/48 317/33/22
f 250/30/76 248/28/75 336/29/49
f 341/27/56 336/29/49 248/28/75
f 351/45/74 325/42/33 261/46/73
f 259/40/31 261/46/73 325/42/33
f 343/29/60 258/30/59 347/31/66
f 256/32/72 347/31/66 258/30/59
f 249/39/71 350/41/70 247/40/69
f 349/42/68 247/40/69 350/41/70
f 317/33/22 334/31/46 348/33/67
f 347/31/66 348/33/67 334/31/46
f 333/43/111 346/43/78 339/47/53
f 338/47/52 339/47/53 346/43/78
f 338/47/52 265/47/65 337/38/51
f 264/36/50 337/38/51 265/47/65
f 246/35/64 243/36/63 345/37/62
f 344/38/61 345/37/62 243/36/63
f 328/27/35 260/28/34 343/29/60
f 258/30/59 343/29/60 260/28/34
f 324/41/32 342/49/58 257/39/30
f 255/48/57 257/39/30 342/49/58
f 308/27/16 309/29/18 341/27/56
f 336/29/49 341/27/56 309/29/18
f 297/28/17 308/27/16 296/35/55
f 340/37/54 296/35/55 308/27/16
f 339/47/53 338/47/52 319/38/27
f 337/38/51 319/38/27 338/47/52
f 337/38/51 264/36/50 329/37/37
f 262/35/36 329/37/37 264/36/50
f 299/32/21 316/31/20 298/30/19
f 309/29/18 298/30/19 316/31/20
f 312/42/99 285/40/98 315/41/105
f 286/39/104 315/41/105 285/40/98
f 309/29/18 316/31/20 336/29/49
f 335/31/48 336/29/49 316/31/20
f 301/32/47 334/31/46 300/34/23
f 317/33/22 300/34/23 334/31/46
f 333/43/111 282/44/110 313/45/101
f 284/46/100 313/45/101 282/44/110
f 295/36/45 332/38/44 294/47/43
f 323/47/42 294/47/43 332/38/44
f 245/46/41 331/45/40 244/44/39
f 330/43/38 244/44/39 331/45/40
f 329/37/37 262/35/36 328/27/35
f 260/28/34 328/27/35 262/35/36
f 311/3/95 310/49/94 327/3/87
f 326/49/85 327/3/87 310/49/94
f 325/42/33 324/41/32 259/40/31
f 257/39/30 259/40/31 324/41/32
f 293/44/92 294/47/43 306/43/90
f 323/47/42 306/43/90 294/47/43
f 290/39/107 291/40/109 321/41/106
f 322/42/108 321/41/106 291/40/109
f 291/40/109 292/46/93 322/42/108
f 307/45/91 322/42/108 292/46/93
f 289/48/96 290/39/107 310/49/94
f 321/41/106 310/49/94 290/39/107
f 318/37/26 320/27/29 304/35/24
f 303/28/28 304/35/24 320/27/29
f 319/38/27 318/37/26 305/36/25
f 304/35/24 305/36/25 318/37/26
f 300/34/23 317/33/22 299/32/21
f 316/31/20 299/32/21 317/33/22
f 315/41/105 286/39/104 314/49/103
f 287/48/102 314/49/103 286/39/104
f 313/45/101 284/46/100 312/42/99
f 285/40/98 312/42/99 284/46/100
f 288/50/97 289/48/96 311/3/95
f 310/49/94 311/3/95 289/48/96
f 298/30/19 309/29/18 297/28/17
f 308/27/16 297/28/17 309/29/18
f 292/46/93 293/44/92 307/45/91
f 306/43/90 307/45/91 293/44/92
f 356/9/112 355/8/112 354/7/112
f 355/8/112 356/9/112 357/10/112
f 355/8/112 357/10/112 358/11/112
f 358/11/112 357/10/112 359/12/112
f 358/11/112 359/12/112 360/13/112
f 360/13/112 359/12/112 361/14/112
f 360/13/112 361/14/112 362/15/112
f 362/15/112 361/14/112 363/16/112
f 362/15/112 363/16/112 364/17/112
f 364/17/112 363/16/112 365/3/112
f 364/17/112 365/3/112 366/18/112
f 366/18/112 365/3/112 367/16/112
f 366/18/112 367/16/112 368/17/112
f 368/17/112 367/16/112 369/14/112
f 368/17/112 369/14/112 370/15/112
f 370/15/112 369/14/112 371/12/112
f 370/15/112 371/12/112 372/13/112
f 372/13/112 371/12/112 373/10/112
f 372/13/112 373/10/112 374/11/112
f 374/11/112 373/10/112 375/9/112
f 374/11/112 375/9/112 376/8/112
f 376/8/112 375/9/112 377/7/112
f 380/19/114 379/7/113 378/7/113
f 379/7/113 380/19/114 381/20/114
f 384/20/115 383/21/116 382/19/115
f 383/21/116 384/20/115 385/22/116
f 388/23/118 387/26/117 386/24/117
f 387/26/117 388/23/118 389/25/118
f 391/7/119 382/19/115 390/7/119
f 382/19/115 391/7/119 384/20/115
f 388/23/118 379/7/113 389/25/118
f 379/7/113 388/23/118 378/7/113
f 387/26/117 392/23/120 386/24/117
f 392/23/120 387/26/117 393/25/120
f 391/7/119 392/23/120 393/25/120
f 392/23/120 391/7/119 390/7/119
f 385/22/116 380/19/114 383/21/116
f 380/19/114 385/22/116 381/20/114
f 396/10/121 395/7/121 394/9/121
f 397/12/121 395/7/121 396/10/121
f 397/12/121 391/7/121 395/7/121
f 398/14/121 391/7/121 397/12/121
f 398/14/121 384/20/121 391/7/121
f 399/16/121 384/20/121 398/14/121
f 400/3/121 384/20/121 399/16/121
f 384/20/121 400/3/121 385/22/121
f 401/16/121 385/22/121 400/3/121
f 401/16/121 381/20/121 385/22/121
f 402/14/121 381/20/121 401/16/121
f 402/14/121 379/7/121 381/20/121
f 403/12/121 379/7/121 402/14/121
f 404/10/121 379/7/121 403/12/121
f 405/9/121 379/7/121 404/10/121
f 379/7/121 405/9/121 406/7/121
f 407/8/121 379/7/121 406/7/121
f 379/7/121 407/8/121 408/11/121
f 379/7/121 408/11/121 409/13/121
f 379/7/121 409/13/121 410/15/121
f 379/7/121 410/15/121 389/25/121
f 389/25/121 410/15/121 411/17/121
f 389/25/121 411/17/121 387/26/121
f 387/26/121 411/17/121 412/18/121
f 412/18/121 393/25/121 387/26/121
f 393/25/121 412/18/121 413/17/121
f 393/25/121 413/17/121 414/15/121
f 393/25/121 414/15/121 391/7/121
f 391/7/121 414/15/121 415/13/121
f 391/7/121 415/13/121 395/7/121
f 395/7/121 415/13/121 416/11/121
f 395/7/121 416/11/121 417/8/121
f 405/44/39 419/45/40 418/43/38
f 419/45/40 405/44/39 404/46/41
f 421/29/49 409/28/75 420/27/56
f 409/28/75 421/29/49 410/30/76
f 401/48/86 423/3/122 422/49/85
f 423/3/122 401/48/86 400/50/123
f 396/46/73 424/42/33 397/40/31
f 424/42/33 396/46/73 425/45/74
f 398/39/30 426/49/58 399/48/57
f 426/49/58 398/39/30 427/41/32
f 429/33/124 411/32/81 428/31/48
f 411/32/81 429/33/124 412/34/125
f 430/37/37 417/36/50 416/35/36
f 417/36/50 430/37/37 431/38/51
f 432/27/35 416/35/36 415/28/34
f 416/35/36 432/27/35 430/37/37
f 402/39/71 422/49/85 433/41/70
f 422/49/85 402/39/71 401/48/86
f 404/46/41 434/42/68 419/45/40
f 434/42/68 404/46/41 403/40/69
f 403/40/69 433/41/70 434/42/68
f 433/41/70 403/40/69 402/39/71
f 406/47/83 418/43/38 435/47/82
f 418/43/38 406/47/83 405/44/39
f 436/41/105 371/40/98 369/39/104
f 371/40/98 436/41/105 437/42/99
f 422/49/85 439/3/126 438/49/94
f 439/3/126 422/49/85 423/3/122
f 374/35/24 440/27/29 372/28/28
f 440/27/29 374/35/24 441/37/26
f 443/45/91 356/44/92 442/43/90
f 356/44/92 443/45/91 357/46/93
f 444/38/61 406/47/83 435/47/82
f 406/47/83 444/38/61 407/36/63
f 394/44/77 425/45/74 396/46/73
f 425/45/74 394/44/77 445/43/78
f 446/31/66 412/34/125 429/33/124
f 412/34/125 446/31/66 413/32/72
f 428/31/48 448/29/18 447/31/20
f 448/29/18 428/31/48 421/29/49
f 397/40/31 427/41/32 398/39/30
f 427/41/32 397/40/31 424/42/33
f 428/31/48 410/30/76 421/29/49
f 410/30/76 428/31/48 411/32/81
f 376/36/25 441/37/26 374/35/24
f 441/37/26 376/36/25 449/38/27
f 450/47/53 431/38/51 449/38/27
f 431/38/51 450/47/53 451/47/52
f 420/27/56 408/35/64 452/37/62
f 408/35/64 420/27/56 409/28/75
f 421/29/49 453/27/16 448/29/18
f 453/27/16 421/29/49 420/27/56
f 454/49/103 369/39/104 367/48/102
f 369/39/104 454/49/103 436/41/105
f 372/28/28 455/29/80 370/30/79
f 455/29/80 372/28/28 440/27/29
f 355/36/45 457/37/54 456/38/44
f 457/37/54 355/36/45 358/35/55
f 377/47/84 449/38/27 376/36/25
f 449/38/27 377/47/84 450/47/53
f 458/43/111 451/47/52 450/47/53
f 451/47/52 458/43/111 445/43/78
f 446/31/66 460/33/127 459/31/46
f 460/33/127 446/31/66 429/33/124
f 462/41/106 359/40/109 461/42/108
f 359/40/109 462/41/106 361/39/107
f 370/30/79 459/31/46 368/32/47
f 459/31/46 370/30/79 455/29/80
f 437/42/99 373/46/100 371/40/98
f 373/46/100 437/42/99 463/45/101
f 360/28/17 448/29/18 453/27/16
f 448/29/18 360/28/17 362/30/19
f 429/33/124 447/31/20 460/33/127
f 447/31/20 429/33/124 428/31/48
f 441/37/26 432/27/35 440/27/29
f 432/27/35 441/37/26 430/37/37
f 437/42/99 425/45/74 463/45/101
f 425/45/74 437/42/99 424/42/33
f 458/43/111 377/47/84 375/44/110
f 377/47/84 458/43/111 450/47/53
f 446/31/66 414/30/59 413/32/72
f 414/30/59 446/31/66 464/29/60
f 423/3/122 454/49/103 439/3/126
f 454/49/103 423/3/122 426/49/58
f 399/48/57 423/3/122 400/50/123
f 423/3/122 399/48/57 426/49/58
f 452/37/62 407/36/63 444/38/61
f 407/36/63 452/37/62 408/35/64
f 395/47/65 445/43/78 394/44/77
f 445/43/78 395/47/65 451/47/52
f 419/45/40 442/43/90 418/43/38
f 442/43/90 419/45/40 443/45/91
f 362/30/19 447/31/20 448/29/18
f 447/31/20 362/30/19 364/32/21
f 427/41/32 437/42/99 436/41/105
f 437/42/99 427/41/32 424/42/33
f 435/47/82 456/38/44 444/38/61
f 456/38/44 435/47/82 465/47/42
f 464/29/60 415/28/34 414/30/59
f 415/28/34 464/29/60 432/27/35
f 354/47/43 456/38/44 465/47/42
f 456/38/44 354/47/43 355/36/45
f 418/43/38 465/47/42 435/47/82
f 465/47/42 418/43/38 442/43/90
f 461/42/108 357/46/93 443/45/91
f 357/46/93 461/42/108 359/40/109
f 444/38/61 457/37/54 452/37/62
f 457/37/54 444/38/61 456/38/44
f 431/38/51 395/47/65 417/36/50
f 395/47/65 431/38/51 451/47/52
f 464/29/60 459/31/46 455/29/80
f 459/31/46 464/29/60 446/31/66
f 452/37/62 453/27/16 420/27/56
f 453/27/16 452/37/62 457/37/54
f 433/41/70 438/49/94 462/41/106
f 438/49/94 433/41/70 422/49/85
f 432/27/35 455/29/80 440/27/29
f 455/29/80 432/27/35 464/29/60
f 439/3/126 363/48/96 438/49/94
f 363/48/96 439/3/126 365/50/128
f 364/32/21 460/33/127 447/31/20
f 460/33/127 364/32/21 366/34/129
f 358/35/55 453/27/16 457/37/54
f 453/27/16 358/35/55 360/28/17
f 463/45/101 445/43/78 458/43/111
f 445/43/78 463/45/101 425/45/74
f 438/49/94 361/39/107 462/41/106
f 361/39/107 438/49/94 363/48/96
f 463/45/101 375/44/110 373/46/100
f 375/44/110 463/45/101 458/43/111
f 426/49/58 436/41/105 454/49/103
f 436/41/105 426/49/58 427/41/32
f 368/32/47 460/33/127 366/34/129
f 460/33/127 368/32/47 459/31/46
f 442/43/90 354/47/43 465/47/42
f 354/47/43 442/43/90 356/44/92
f 449/38/27 430/37/37 441/37/26
f 430/37/37 449/38/27 431/38/51
f 434/42/68 462/41/106 461/42/108
f 462/41/106 434/42/68 433/41/70
f 454/49/103 365/50/128 439/3/126
f 365/50/128 454/49/103 367/48/102
f 434/42/68 443/45/91 419/45/40
f 443/45/91 434/42/68 461/42/108
f 468/9/112 467/8/112 466/7/112
f 467/8/112 468/9/112 469/10/112
f 467/8/112 469/10/112 470/11/112
f 470/11/112 469/10/112 471/12/112
f 470/11/112 471/12/112 472/13/112
f 472/13/112 471/12/112 473/14/112
f 472/13/112 473/14/112 474/15/112
f 474/15/112 473/14/112 475/16/112
f 474/15/112 475/16/112 476/17/112
f 476/17/112 475/16/112 477/3/112
f 476/17/112 477/3/112 478/18/112
f 478/18/112 477/3/112 479/16/112
f 478/18/112 479/16/112 480/17/112
f 480/17/112 479/16/112 481/14/112
f 480/17/112 481/14/112 482/15/112
f 482/15/112 481/14/112 483/12/112
f 482/15/112 483/12/112 484/13/112
f 484/13/112 483/12/112 485/10/112
f 484/13/112 485/10/112 486/11/112
f 486/11/112 485/10/112 487/9/112
f 486/11/112 487/9/112 488/8/112
f 488/8/112 487/9/112 489/7/112
f 492/19/114 491/7/113 490/7/113
f 491/7/113 492/19/114 493/20/114
f 496/20/115 495/21/116 494/19/115
f 495/21/116 496/20/115 497/22/116
f 500/25/118 499/24/117 498/23/118
f 499/24/117 500/25/118 501/26/117
f 503/7/119 494/19/115 502/7/119
f 494/19/115 503/7/119 496/20/115
f 498/23/118 491/7/113 500/25/118
f 491/7/113 498/23/118 490/7/113
f 499/24/117 505/25/120 504/23/120
f 505/25/120 499/24/117 501/26/117
f 503/7/119 504/23/120 505/25/120
f 504/23/120 503/7/119 502/7/119
f 497/22/116 492/19/114 495/21/116
f 492/19/114 497/22/116 493/20/114
f 508/10/121 507/7/121 506/9/121
f 509/12/121 507/7/121 508/10/121
f 509/12/121 503/7/121 507/7/121
f 510/14/121 503/7/121 509/12/121
f 510/14/121 496/20/121 503/7/121
f 511/16/121 496/20/121 510/14/121
f 512/3/121 496/20/121 511/16/121
f 496/20/121 512/3/121 497/22/121
f 513/16/121 497/22/121 512/3/121
f 513/16/121 493/20/121 497/22/121
f 514/14/121 493/20/121 513/16/121
f 514/14/121 491/7/121 493/20/121
f 515/12/121 491/7/121 514/14/121
f 516/10/121 491/7/121 515/12/121
f 517/9/121 491/7/121 516/10/121
f 491/7/121 517/9/121 518/7/121
f 519/8/121 491/7/121 518/7/121
f 491/7/121 519/8/121 520/11/121
f 491/7/121 520/11/121 521/13/121
f 491/7/121 521/13/121 522/15/121
f 491/7/121 522/15/121 500/25/121
f 500/25/121 522/15/121 523/17/121
f 500/25/121 523/17/121 501/26/121
f 501/26/121 523/17/121 524/18/121
f 524/18/121 505/25/121 501/26/121
f 505/25/121 524/18/121 525/17/121
f 505/25/121 525/17/121 526/15/121
f 505/25/121 526/15/121 503/7/121
f 503/7/121 526/15/121 527/13/121
f 503/7/121 527/13/121 507/7/121
f 507/7/121 527/13/121 528/11/121
f 507/7/121 528/11/121 529/8/121
f 517/44/39 531/45/40 530/43/38
f 531/45/40 517/44/39 516/46/41
f 533/29/49 521/28/75 532/27/56
f 521/28/75 533/29/49 522/30/76
f 513/48/86 535/3/122 534/49/85
f 535/3/122 513/48/86 512/50/123
f 508/46/73 536/42/33 509/40/31
f 536/42/33 508/46/73 537/45/74
f 510/39/30 538/49/58 511/48/57
f 538/49/58 510/39/30 539/41/32
f 541/33/124 523/32/81 540/31/48
f 523/32/81 541/33/124 524/34/125
f 542/37/37 529/36/50 528/35/36
f 529/36/50 542/37/37 543/38/51
f 544/27/35 528/35/36 527/28/34
f 528/35/36 544/27/35 542/37/37
f 514/39/71 534/49/85 545/41/70
f 534/49/85 514/39/71 513/48/86
f 516/46/41 546/42/68 531/45/40
f 546/42/68 516/46/41 515/40/69
f 515/40/69 545/41/70 546/42/68
f 545/41/70 515/40/69 514/39/71
f 518/47/83 530/43/38 547/47/82
f 530/43/38 518/47/83 517/44/39
f 548/41/105 483/40/98 481/39/104
f 483/40/98 548/41/105 549/42/99
f 534/49/85 551/3/126 550/49/94
f 551/3/126 534/49/85 535/3/122
f 486/35/24 552/27/29 484/28/28
f 552/27/29 486/35/24 553/37/26
f 555/45/91 468/44/92 554/43/90
f 468/44/92 555/45/91 469/46/93
f 556/38/61 518/47/83 547/47/82
f 518/47/83 556/38/61 519/36/63
f 506/44/77 537/45/74 508/46/73
f 537/45/74 506/44/77 557/43/78
f 558/31/66 524/34/125 541/33/124
f 524/34/125 558/31/66 525/32/72
f 540/31/48 560/29/18 559/31/20
f 560/29/18 540/31/48 533/29/49
f 509/40/31 539/41/32 510/39/30
f 539/41/32 509/40/31 536/42/33
f 540/31/48 522/30/76 533/29/49
f 522/30/76 540/31/48 523/32/81
f 488/36/25 553/37/26 486/35/24
f 553/37/26 488/36/25 561/38/27
f 562/47/53 543/38/51 561/38/27
f 543/38/51 562/47/53 563/47/52
f 532/27/56 520/35/64 564/37/62
f 520/35/64 532/27/56 521/28/75
f 533/29/49 565/27/16 560/29/18
f 565/27/16 533/29/49 532/27/56
f 566/49/103 481/39/104 479/48/102
f 481/39/104 566/49/103 548/41/105
f 484/28/28 567/29/80 482/30/79
f 567/29/80 484/28/28 552/27/29
f 467/36/45 569/37/54 568/38/44
f 569/37/54 467/36/45 470/35/55
f 489/47/84 561/38/27 488/36/25
f 561/38/27 489/47/84 562/47/53
f 570/43/111 563/47/52 562/47/53
f 563/47/52 570/43/111 557/43/78
f 558/31/66 572/33/127 571/31/46
f 572/33/127 558/31/66 541/33/124
f 574/41/106 471/40/109 573/42/108
f 471/40/109 574/41/106 473/39/107
f 482/30/79 571/31/46 480/32/47
f 571/31/46 482/30/79 567/29/80
f 549/42/99 485/46/100 483/40/98
f 485/46/100 549/42/99 575/45/101
f 472/28/17 560/29/18 565/27/16
f 560/29/18 472/28/17 474/30/19
f 541/33/124 559/31/20 572/33/127
f 559/31/20 541/33/124 540/31/48
f 553/37/26 544/27/35 552/27/29
f 544/27/35 553/37/26 542/37/37
f 549/42/99 537/45/74 575/45/101
f 537/45/74 549/42/99 536/42/33
f 570/43/111 489/47/84 487/44/110
f 489/47/84 570/43/111 562/47/53
f 558/31/66 526/30/59 525/32/72
f 526/30/59 558/31/66 576/29/60
f 535/3/122 566/49/103 551/3/126
f 566/49/103 535/3/122 538/49/58
f 511/48/57 535/3/122 512/50/123
f 535/3/122 511/48/57 538/49/58
f 564/37/62 519/36/63 556/38/61
f 519/36/63 564/37/62 520/35/64
f 507/47/65 557/43/78 506/44/77
f 557/43/78 507/47/65 563/47/52
f 531/45/40 554/43/90 530/43/38
f 554/43/90 531/45/40 555/45/91
f 474/30/19 559/31/20 560/29/18
f 559/31/20 474/30/19 476/32/21
f 539/41/32 549/42/99 548/41/105
f 549/42/99 539/41/32 536/42/33
f 547/47/82 568/38/44 556/38/61
f 568/38/44 547/47/82 577/47/42
f 576/29/60 527/28/34 526/30/59
f 527/28/34 576/29/60 544/27/35
f 466/47/43 568/38/44 577/47/42
f 568/38/44 466/47/43 467/36/45
f 530/43/38 577/47/42 547/47/82
f 577/47/42 530/43/38 554/43/90
f 573/42/108 469/46/93 555/45/91
f 469/46/93 573/42/108 471/40/109
f 556/38/61 569/37/54 564/37/62
f 569/37/54 556/38/61 568/38/44
f 543/38/51 507/47/65 529/36/50
f 507/47/65 543/38/51 563/47/52
f 576/29/60 571/31/46 567/29/80
f 571/31/46 576/29/60 558/31/66
f 564/37/62 565/27/16 532/27/56
f 565/27/16 564/37/62 569/37/54
f 545/41/70 550/49/94 574/41/106
f 550/49/94 545/41/70 534/49/85
f 544/27/35 567/29/80 552/27/29
f 567/29/80 544/27/35 576/29/60
f 551/3/126 475/48/96 550/49/94
f 475/48/96 551/3/126 477/50/128
f 476/32/21 572/33/127 559/31/20
f 572/33/127 476/32/21 478/34/129
f 470/35/55 565/27/16 569/37/54
f 565/27/16 470/35/55 472/28/17
f 575/45/101 557/43/78 570/43/111
f 557/43/78 575/45/101 537/45/74
f 550/49/94 473/39/107 574/41/106
f 473/39/107 550/49/94 475/48/96
f 575/45/101 487/44/110 485/46/100
f 487/44/110 575/45/101 570/43/111
f 538/49/58 548/41/105 566/49/103
f 548/41/105 538/49/58 539/41/32
f 480/32/47 572/33/127 478/34/129
f 572/33/127 480/32/47 571/31/46
f 554/43/90 466/47/43 577/47/42
f 466/47/43 554/43/90 468/44/92
f 561/38/27 542/37/37 553/37/26
f 542/37/37 561/38/27 543/38/51
f 546/42/68 574/41/106 573/42/108
f 574/41/106 546/42/68 545/41/70
f 566/49/103 477/50/128 551/3/126
f 477/50/128 566/49/103 479/48/102
f 546/42/68 555/45/91 531/45/40
f 555/45/91 546/42/68 573/42/108
f 641/8/15 640/11/15 619/7/15
f 640/11/15 639/13/15 619/7/15
f 619/7/15 639/13/15 615/7/15
f 639/13/15 638/15/15 615/7/15
f 615/7/15 638/15/15 617/25/15
f 638/15/15 637/17/15 617/25/15
f 637/17/15 636/18/15 617/25/15
f 613/26/15 617/25/15 636/18/15
f 636/18/15 635/17/15 613/26/15
f 613/26/15 635/17/15 612/25/15
f 635/17/15 634/15/15 612/25/15
f 612/25/15 634/15/15 603/7/15
f 634/15/15 633/13/15 603/7/15
f 633/13/15 632/11/15 603/7/15
f 632/11/15 631/8/15 603/7/15
f 630/7/15 603/7/15 631/8/15
f 630/7/15 629/9/15 603/7/15
f 628/10/15 603/7/15 629/9/15
f 627/12/15 603/7/15 628/10/15
f 626/14/15 603/7/15 627/12/15
f 605/20/15 603/7/15 626/14/15
f 625/16/15 605/20/15 626/14/15
f 609/22/15 605/20/15 625/16/15
f 624/3/15 609/22/15 625/16/15
f 609/22/15 624/3/15 608/20/15
f 623/16/15 608/20/15 624/3/15
f 622/14/15 608/20/15 623/16/15
f 615/7/15 608/20/15 622/14/15
f 621/12/15 615/7/15 622/14/15
f 619/7/15 615/7/15 621/12/15
f 620/10/15 619/7/15 621/12/15
f 618/9/15 619/7/15 620/10/15
f 605/20/8 609/22/10 604/19/8
f 607/21/10 604/19/8 609/22/10
f 614/7/13 615/7/13 616/23/14
f 617/25/14 616/23/14 615/7/13
f 617/25/14 613/26/12 616/23/14
f 611/24/12 616/23/14 613/26/12
f 602/7/7 610/23/11 603/7/7
f 612/25/11 603/7/7 610/23/11
f 608/20/9 615/7/13 606/19/9
f 614/7/13 606/19/9 615/7/13
f 613/26/12 612/25/11 611/24/12
f 610/23/11 611/24/12 612/25/11
f 609/22/10 608/20/9 607/21/10
f 606/19/9 607/21/10 608/20/9
f 605/20/8 604/19/8 603/7/7
f 602/7/7 603/7/7 604/19/8
f 601/7/6 599/9/6 600/8/6
f 600/8/6 599/9/6 598/11/6
f 599/9/6 597/10/6 598/11/6
f 598/11/6 597/10/6 596/13/6
f 597/10/6 595/12/6 596/13/6
f 596/13/6 595/12/6 594/15/6
f 595/12/6 593/14/6 594/15/6
f 594/15/6 593/14/6 592/17/6
f 593/14/6 591/16/6 592/17/6
f 592/17/6 591/16/6 590/18/6
f 591/16/6 589/3/6 590/18/6
f 590/18/6 589/3/6 588/17/6
f 589/3/6 587/16/6 588/17/6
f 588/17/6 587/16/6 586/15/6
f 587/16/6 585/14/6 586/15/6
f 586/15/6 585/14/6 584/13/6
f 585/14/6 583/12/6 584/13/6
f 584/13/6 583/12/6 582/11/6
f 583/12/6 581/10/6 582/11/6
f 582/11/6 581/10/6 579/8/6
f 581/10/6 580/9/6 579/8/6
f 578/7/6 579/8/6 580/9/6
f 685/42/68 658/42/108 667/45/40
f 643/45/91 667/45/40 658/42/108
f 591/48/57 678/49/58 589/50/88
f 663/3/87 589/50/88 678/49/58
f 657/41/106 658/42/108 686/41/70
f 685/42/68 686/41/70 658/42/108
f 655/38/27 673/38/51 654/37/26
f 665/37/37 654/37/26 673/38/51
f 580/44/39 666/43/38 578/47/83
f 689/47/82 578/47/83 666/43/38
f 683/31/66 592/32/72 684/33/67
f 590/34/89 684/33/67 592/32/72
f 651/41/105 650/49/103 660/41/32
f 678/49/58 660/41/32 650/49/103
f 682/43/78 687/45/74 599/44/77
f 597/46/73 599/44/77 687/45/74
f 587/48/86 662/49/85 585/39/71
f 686/41/70 585/39/71 662/49/85
f 649/45/101 687/45/74 669/43/111
f 682/43/78 669/43/111 687/45/74
f 584/28/75 582/35/64 677/27/56
f 681/37/62 677/27/56 582/35/64
f 590/34/89 588/32/81 684/33/67
f 671/31/48 684/33/67 588/32/81
f 589/50/88 663/3/87 587/48/86
f 662/49/85 587/48/86 663/3/87
f 688/29/80 656/27/29 679/29/60
f 664/27/35 679/29/60 656/27/29
f 646/49/94 657/41/106 662/49/85
f 686/41/70 662/49/85 657/41/106
f 681/37/62 676/37/54 677/27/56
f 644/27/16 677/27/56 676/37/54
f 670/31/46 688/29/80 683/31/66
f 679/29/60 683/31/66 688/29/80
f 675/47/53 655/38/27 619/47/84
f 641/36/25 619/47/84 655/38/27
f 680/38/61 668/38/44 681/37/62
f 676/37/54 681/37/62 668/38/44
f 583/40/69 685/42/68 581/46/41
f 667/45/40 581/46/41 685/42/68
f 666/43/38 642/43/90 689/47/82
f 659/47/42 689/47/82 642/43/90
f 579/36/63 578/47/83 680/38/61
f 689/47/82 680/38/61 578/47/83
f 656/27/29 688/29/80 639/28/28
f 638/30/79 639/28/28 688/29/80
f 689/47/82 659/47/42 680/38/61
f 668/38/44 680/38/61 659/47/42
f 648/42/99 651/41/105 661/42/33
f 660/41/32 661/42/33 651/41/105
f 588/32/81 586/30/76 671/31/48
f 672/29/49 671/31/48 586/30/76
f 667/45/40 643/45/91 666/43/38
f 642/43/90 666/43/38 643/45/91
f 675/47/53 619/47/84 669/43/111
f 618/44/110 669/43/111 619/47/84
f 632/35/55 676/37/54 631/36/45
f 668/38/44 631/36/45 676/37/54
f 650/49/103 623/48/102 647/3/95
f 624/50/97 647/3/95 623/48/102
f 650/49/103 647/3/95 678/49/58
f 663/3/87 678/49/58 647/3/95
f 688/29/80 670/31/46 638/30/79
f 637/32/47 638/30/79 670/31/46
f 674/47/52 682/43/78 601/47/65
f 599/44/77 601/47/65 682/43/78
f 648/42/99 661/42/33 649/45/101
f 687/45/74 649/45/101 661/42/33
f 654/37/26 665/37/37 656/27/29
f 664/27/35 656/27/29 665/37/37
f 652/31/20 653/33/22 671/31/48
f 684/33/67 671/31/48 653/33/22
f 586/30/76 584/28/75 672/29/49
f 677/27/56 672/29/49 584/28/75
f 687/45/74 661/42/33 597/46/73
f 595/40/31 597/46/73 661/42/33
f 679/29/60 594/30/59 683/31/66
f 592/32/72 683/31/66 594/30/59
f 585/39/71 686/41/70 583/40/69
f 685/42/68 583/40/69 686/41/70
f 653/33/22 670/31/46 684/33/67
f 683/31/66 684/33/67 670/31/46
f 669/43/111 682/43/78 675/47/53
f 674/47/52 675/47/53 682/43/78
f 674/47/52 601/47/65 673/38/51
f 600/36/50 673/38/51 601/47/65
f 582/35/64 579/36/63 681/37/62
f 680/38/61 681/37/62 579/36/63
f 664/27/35 596/28/34 679/29/60
f 594/30/59 679/29/60 596/28/34
f 660/41/32 678/49/58 593/39/30
f 591/48/57 593/39/30 678/49/58
f 644/27/16 645/29/18 677/27/56
f 672/29/49 677/27/56 645/29/18
f 633/28/17 644/27/16 632/35/55
f 676/37/54 632/35/55 644/27/16
f 675/47/53 674/47/52 655/38/27
f 673/38/51 655/38/27 674/47/52
f 673/38/51 600/36/50 665/37/37
f 598/35/36 665/37/37 600/36/50
f 635/32/21 652/31/20 634/30/19
f 645/29/18 634/30/19 652/31/20
f 648/42/99 621/40/98 651/41/105
f 622/39/104 651/41/105 621/40/98
f 645/29/18 652/31/20 672/29/49
f 671/31/48 672/29/49 652/31/20
f 637/32/47 670/31/46 636/34/23
f 653/33/22 636/34/23 670/31/46
f 669/43/111 618/44/110 649/45/101
f 620/46/100 649/45/101 618/44/110
f 631/36/45 668/38/44 630/47/43
f 659/47/42 630/47/43 668/38/44
f 581/46/41 667/45/40 580/44/39
f 666/43/38 580/44/39 667/45/40
f 665/37/37 598/35/36 664/27/35
f 596/28/34 664/27/35 598/35/36
f 647/3/95 646/49/94 663/3/87
f 662/49/85 663/3/87 646/49/94
f 661/42/33 660/41/32 595/40/31
f 593/39/30 595/40/31 660/41/32
f 629/44/92 630/47/43 642/43/90
f 659/47/42 642/43/90 630/47/43
f 626/39/107 627/40/109 657/41/106
f 658/42/108 657/41/106 627/40/109
f 627/40/109 628/46/93 658/42/108
f 643/45/91 658/42/108 628/46/93
f 625/48/96 626/39/107 646/49/94
f 657/41/106 646/49/94 626/39/107
f 654/37/26 656/27/29 640/35/24
f 639/28/28 640/35/24 656/27/29
f 655/38/27 654/37/26 641/36/25
f 640/35/24 641/36/25 654/37/26
f 636/34/23 653/33/22 635/32/21
f 652/31/20 635/32/21 653/33/22
f 651/41/105 622/39/104 650/49/103
f 623/48/102 650/49/103 622/39/104
f 649/45/101 620/46/100 648/42/99
f 621/40/98 648/42/99 620/46/100
f 624/50/97 625/48/96 647/3/95
f 646/49/94 647/3/95 625/48/96
f 634/30/19 645/29/18 633/28/17
f 644/27/16 633/28/17 645/29/18
f 628/46/93 629/44/92 643/45/91
f 642/43/90 643/45/91 629/44/92
f 692/9/112 691/8/112 690/7/112
f 691/8/112 692/9/112 693/10/112
f 691/8/112 693/10/112 694/11/112
f 694/11/112 693/10/112 695/12/112
f 694/11/112 695/12/112 696/13/112
f 696/13/112 695/12/112 697/14/112
f 696/13/112 697/14/112 698/15/112
f 698/15/112 697/14/112 699/16/112
f 698/15/112 699/16/112 700/17/112
f 700/17/112 699/16/112 701/3/112
f 700/17/112 701/3/112 702/18/112
f 702/18/112 701/3/112 703/16/112
f 702/18/112 703/16/112 704/17/112
f 704/17/112 703/16/112 705/14/112
f 704/17/112 705/14/112 706/15/112
f 706/15/112 705/14/112 707/12/112
f 706/15/112 707/12/112 708/13/112
f 708/13/112 707/12/112 709/10/112
f 708/13/112 709/10/112 710/11/112
f 710/11/112 709/10/112 711/9/112
f 710/11/112 711/9/112 712/8/112
f 712/8/112 711/9/112 713/7/112
f 716/19/114 715/7/113 714/7/113
f 715/7/113 716/19/114 717/20/114
f 720/20/115 719/21/116 718/19/115
f 719/21/116 720/20/115 721/22/116
f 724/25/118 723/24/117 722/23/118
f 723/24/117 724/25/118 725/26/117
f 727/7/119 718/19/115 726/7/119
f 718/19/115 727/7/119 720/20/115
f 722/23/118 715/7/113 724/25/118
f 715/7/113 722/23/118 714/7/113
f 723/24/117 729/25/120 728/23/120
f 729/25/120 723/24/117 725/26/117
f 727/7/119 728/23/120 729/25/120
f 728/23/120 727/7/119 726/7/119
f 721/22/116 716/19/114 719/21/116
f 716/19/114 721/22/116 717/20/114
f 732/10/121 731/7/121 730/9/121
f 733/12/121 731/7/121 732/10/121
f 733/12/121 727/7/121 731/7/121
f 734/14/121 727/7/121 733/12/121
f 734/14/121 720/20/121 727/7/121
f 735/16/121 720/20/121 734/14/121
f 736/3/121 720/20/121 735/16/121
f 720/20/121 736/3/121 721/22/121
f 737/16/121 721/22/121 736/3/121
f 737/16/121 717/20/121 721/22/121
f 738/14/121 717/20/121 737/16/121
f 738/14/121 715/7/121 717/20/121
f 739/12/121 715/7/121 738/14/121
f 740/10/121 715/7/121 739/12/121
f 741/9/121 715/7/121 740/10/121
f 715/7/121 741/9/121 742/7/121
f 743/8/121 715/7/121 742/7/121
f 715/7/121 743/8/121 744/11/121
f 715/7/121 744/11/121 745/13/121
f 715/7/121 745/13/121 746/15/121
f 715/7/121 746/15/121 724/25/121
f 724/25/121 746/15/121 747/17/121
f 724/25/121 747/17/121 725/26/121
f 725/26/121 747/17/121 748/18/121
f 748/18/121 729/25/121 725/26/121
f 729/25/121 748/18/121 749/17/121
f 729/25/121 749/17/121 750/15/121
f 729/25/121 750/15/121 727/7/121
f 727/7/121 750/15/121 751/13/121
f 727/7/121 751/13/121 731/7/121
f 731/7/121 751/13/121 752/11/121
f 731/7/121 752/11/121 753/8/121
f 741/44/39 755/45/40 754/43/38
f 755/45/40 741/44/39 740/46/41
f 757/29/49 745/28/75 756/27/56
f 745/28/75 757/29/49 746/30/76
f 737/48/86 759/3/122 758/49/85
f 759/3/122 737/48/86 736/50/123
f 732/46/73 760/42/33 733/40/31
f 760/42/33 732/46/73 761/45/74
f 734/39/30 762/49/58 735/48/57
f 762/49/58 734/39/30 763/41/32
f 765/33/124 747/32/81 764/31/48
f 747/32/81 765/33/124 748/34/125
f 766/37/37 753/36/50 752/35/36
f 753/36/50 766/37/37 767/38/51
f 768/27/35 752/35/36 751/28/34
f 752/35/36 768/27/35 766/37/37
f 738/39/71 758/49/85 769/41/70
f 758/49/85 738/39/71 737/48/86
f 740/46/41 770/42/68 755/45/40
f 770/42/68 740/46/41 739/40/69
f 739/40/69 769/41/70 770/42/68
f 769/41/70 739/40/69 738/39/71
f 742/47/83 754/43/38 771/47/82
f 754/43/38 742/47/83 741/44/39
f 772/41/105 707/40/98 705/39/104
f 707/40/98 772/41/105 773/42/99
f 758/49/85 775/3/126 774/49/94
f 775/3/126 758/49/85 759/3/122
f 710/35/24 776/27/29 708/28/28
f 776/27/29 710/35/24 777/37/26
f 779/45/91 692/44/92 778/43/90
f 692/44/92 779/45/91 693/46/93
f 780/38/61 742/47/83 771/47/82
f 742/47/83 780/38/61 743/36/63
f 730/44/77 761/45/74 732/46/73
f 761/45/74 730/44/77 781/43/78
f 782/31/66 748/34/125 765/33/124
f 748/34/125 782/31/66 749/32/72
f 764/31/48 784/29/18 783/31/20
f 784/29/18 764/31/48 757/29/49
f 733/40/31 763/41/32 734/39/30
f 763/41/32 733/40/31 760/42/33
f 764/31/48 746/30/76 757/29/49
f 746/30/76 764/31/48 747/32/81
f 712/36/25 777/37/26 710/35/24
f 777/37/26 712/36/25 785/38/27
f 786/47/53 767/38/51 785/38/27
f 767/38/51 786/47/53 787/47/52
f 756/27/56 744/35/64 788/37/62
f 744/35/64 756/27/56 745/28/75
f 757/29/49 789/27/16 784/29/18
f 789/27/16 757/29/49 756/27/56
f 790/49/103 705/39/104 703/48/102
f 705/39/104 790/49/103 772/41/105
f 708/28/28 791/29/80 706/30/79
f 791/29/80 708/28/28 776/27/29
f 691/36/45 793/37/54 792/38/44
f 793/37/54 691/36/45 694/35/55
f 713/47/84 785/38/27 712/36/25
f 785/38/27 713/47/84 786/47/53
f 794/43/111 787/47/52 786/47/53
f 787/47/52 794/43/111 781/43/78
f 782/31/66 796/33/127 795/31/46
f 796/33/127 782/31/66 765/33/124
f 798/41/106 695/40/109 797/42/108
f 695/40/109 798/41/106 697/39/107
f 706/30/79 795/31/46 704/32/47
f 795/31/46 706/30/79 791/29/80
f 773/42/99 709/46/100 707/40/98
f 709/46/100 773/42/99 799/45/101
f 696/28/17 784/29/18 789/27/16
f 784/29/18 696/28/17 698/30/19
f 765/33/124 783/31/20 796/33/127
f 783/31/20 765/33/124 764/31/48
f 777/37/26 768/27/35 776/27/29
f 768/27/35 777/37/26 766/37/37
f 773/42/99 761/45/74 799/45/101
f 761/45/74 773/42/99 760/42/33
f 794/43/111 713/47/84 711/44/110
f 713/47/84 794/43/111 786/47/53
f 782/31/66 750/30/59 749/32/72
f 750/30/59 782/31/66 800/29/60
f 759/3/122 790/49/103 775/3/126
f 790/49/103 759/3/122 762/49/58
f 735/48/57 759/3/122 736/50/123
f 759/3/122 735/48/57 762/49/58
f 788/37/62 743/36/63 780/38/61
f 743/36/63 788/37/62 744/35/64
f 731/47/65 781/43/78 730/44/77
f 781/43/78 731/47/65 787/47/52
f 755/45/40 778/43/90 754/43/38
f 778/43/90 755/45/40 779/45/91
f 698/30/19 783/31/20 784/29/18
f 783/31/20 698/30/19 700/32/21
f 763/41/32 773/42/99 772/41/105
f 773/42/99 763/41/32 760/42/33
f 771/47/82 792/38/44 780/38/61
f 792/38/44 771/47/82 801/47/42
f 800/29/60 751/28/34 750/30/59
f 751/28/34 800/29/60 768/27/35
f 690/47/43 792/38/44 801/47/42
f 792/38/44 690/47/43 691/36/45
f 754/43/38 801/47/42 771/47/82
f 801/47/42 754/43/38 778/43/90
f 797/42/108 693/46/93 779/45/91
f 693/46/93 797/42/108 695/40/109
f 780/38/61 793/37/54 788/37/62
f 793/37/54 780/38/61 792/38/44
f 767/38/51 731/47/65 753/36/50
f 731/47/65 767/38/51 787/47/52
f 800/29/60 795/31/46 791/29/80
f 795/31/46 800/29/60 782/31/66
f 788/37/62 789/27/16 756/27/56
f 789/27/16 788/37/62 793/37/54
f 769/41/70 774/49/94 798/41/106
f 774/49/94 769/41/70 758/49/85
f 768/27/35 791/29/80 776/27/29
f 791/29/80 768/27/35 800/29/60
f 775/3/126 699/48/96 774/49/94
f 699/48/96 775/3/126 701/50/128
f 700/32/21 796/33/127 783/31/20
f 796/33/127 700/32/21 702/34/129
f 694/35/55 789/27/16 793/37/54
f 789/27/16 694/35/55 696/28/17
f 799/45/101 781/43/78 794/43/111
f 781/43/78 799/45/101 761/45/74
f 774/49/94 697/39/107 798/41/106
f 697/39/107 774/49/94 699/48/96
f 799/45/101 711/44/110 709/46/100
f 711/44/110 799/45/101 794/43/111
f 762/49/58 772/41/105 790/49/103
f 772/41/105 762/49/58 763/41/32
f 704/32/47 796/33/127 702/34/129
f 796/33/127 704/32/47 795/31/46
f 778/43/90 690/47/43 801/47/42
f 690/47/43 778/43/90 692/44/92
f 785/38/27 766/37/37 777/37/26
f 766/37/37 785/38/27 767/38/51
f 770/42/68 798/41/106 797/42/108
f 798/41/106 770/42/68 769/41/70
f 790/49/103 701/50/128 775/3/126
f 701/50/128 790/49/103 703/48/102
f 770/42/68 779/45/91 755/45/40
f 779/45/91 770/42/68 797/42/108
f 804/9/112 803/8/112 802/7/112
f 803/8/112 804/9/112 805/10/112
f 803/8/112 805/10/112 806/11/112
f 806/11/112 805/10/112 807/12/112
f 806/11/112 807/12/112 808/13/112
f 808/13/112 807/12/112 809/14/112
f 808/13/112 809/14/112 810/15/112
f 810/15/112 809/14/112 811/16/112
f 810/15/112 811/16/112 812/17/112
f 812/17/112 811/16/112 813/3/112
f 812/17/112 813/3/112 814/18/112
f 814/18/112 813/3/112 815/16/112
f 814/18/112 815/16/112 816/17/112
f 816/17/112 815/16/112 817/14/112
f 816/17/112 817/14/112 818/15/112
f 818/15/112 817/14/112 819/12/112
f 818/15/112 819/12/112 820/13/112
f 820/13/112 819/12/112 821/10/112
f 820/13/112 821/10/112 822/11/112
f 822/11/112 821/10/112 823/9/112
f 822/11/112 823/9/112 824/8/112
f 824/8/112 823/9/112 825/7/112
f 828/19/114 827/7/113 826/7/113
f 827/7/113 828/19/114 829/20/114
f 832/20/115 831/21/116 830/19/115
f 831/21/116 832/20/115 833/22/116
f 836/25/118 835/24/117 834/23/118
f 835/24/117 836/25/118 837/26/117
f 839/7/119 830/19/115 838/7/119
f 830/19/115 839/7/119 832/20/115
f 834/23/118 827/7/113 836/25/118
f 827/7/113 834/23/118 826/7/113
f 835/24/117 841/25/120 840/23/120
f 841/25/120 835/24/117 837/26/117
f 839/7/119 840/23/120 841/25/120
f 840/23/120 839/7/119 838/7/119
f 833/22/116 828/19/114 831/21/116
f 828/19/114 833/22/116 829/20/114
f 844/10/121 843/7/121 842/9/121
f 845/12/121 843/7/121 844/10/121
f 845/12/121 839/7/121 843/7/121
f 846/14/121 839/7/121 845/12/121
f 846/14/121 832/20/121 839/7/121
f 847/16/121 832/20/121 846/14/121
f 848/3/121 832/20/121 847/16/121
f 832/20/121 848/3/121 833/22/121
f 849/16/121 833/22/121 848/3/121
f 849/16/121 829/20/121 833/22/121
f 850/14/121 829/20/121 849/16/121
f 850/14/121 827/7/121 829/20/121
f 851/12/121 827/7/121 850/14/121
f 852/10/121 827/7/121 851/12/121
f 853/9/121 827/7/121 852/10/121
f 827/7/121 853/9/121 854/7/121
f 855/8/121 827/7/121 854/7/121
f 827/7/121 855/8/121 856/11/121
f 827/7/121 856/11/121 857/13/121
f 827/7/121 857/13/121 858/15/121
f 827/7/121 858/15/121 836/25/121
f 836/25/121 858/15/121 859/17/121
f 836/25/121 859/17/121 837/26/121
f 837/26/121 859/17/121 860/18/121
f 860/18/121 841/25/121 837/26/121
f 841/25/121 860/18/121 861/17/121
f 841/25/121 861/17/121 862/15/121
f 841/25/121 862/15/121 839/7/121
f 839/7/121 862/15/121 863/13/121
f 839/7/121 863/13/121 843/7/121
f 843/7/121 863/13/121 864/11/121
f 843/7/121 864/11/121 865/8/121
f 867/29/49 857/28/75 866/27/56
f 857/28/75 867/29/49 858/30/76
f 869/33/124 859/32/81 868/31/48
f 859/32/81 869/33/124 860/34/125
f 870/37/37 865/36/50 864/35/36
f 865/36/50 870/37/37 871/38/51
f 872/27/35 864/35/36 863/28/34
f 864/35/36 872/27/35 870/37/37
f 873/41/105 819/40/98 817/39/104
f 819/40/98 873/41/105 874/42/99
f 822/35/24 875/27/29 820/28/28
f 875/27/29 822/35/24 876/37/26
f 878/45/91 804/44/92 877/43/90
f 804/44/92 878/45/91 805/46/93
f 880/38/61 854/47/83 879/47/82
f 854/47/83 880/38/61 855/36/63
f 881/31/66 860/34/125 869/33/124
f 860/34/125 881/31/66 861/32/72
f 868/31/48 883/29/18 882/31/20
f 883/29/18 868/31/48 867/29/49
f 868/31/48 858/30/76 867/29/49
f 858/30/76 868/31/48 859/32/81
f 824/36/25 876/37/26 822/35/24
f 876/37/26 824/36/25 884/38/27
f 885/47/53 871/38/51 884/38/27
f 871/38/51 885/47/53 886/47/52
f 866/27/56 856/35/64 887/37/62
f 856/35/64 866/27/56 857/28/75
f 883/29/18 866/27/56 888/27/16
f 866/27/56 883/29/18 867/29/49
f 889/49/103 817/39/104 815/48/102
f 817/39/104 889/49/103 873/41/105
f 820/28/28 890/29/80 818/30/79
f 890/29/80 820/28/28 875/27/29
f 803/36/45 892/37/54 891/38/44
f 892/37/54 803/36/45 806/35/55
f 825/47/84 884/38/27 824/36/25
f 884/38/27 825/47/84 885/47/53
f 894/31/46 869/33/124 893/33/127
f 869/33/124 894/31/46 881/31/66
f 896/41/106 807/40/109 895/42/108
f 807/40/109 896/41/106 809/39/107
f 818/30/79 894/31/46 816/32/47
f 894/31/46 818/30/79 890/29/80
f 874/42/99 821/46/100 819/40/98
f 821/46/100 874/42/99 897/45/101
f 808/28/17 883/29/18 888/27/16
f 883/29/18 808/28/17 810/30/19
f 869/33/124 882/31/20 893/33/127
f 882/31/20 869/33/124 868/31/48
f 876/37/26 872/27/35 875/27/29
f 872/27/35 876/37/26 870/37/37
f 898/43/111 825/47/84 823/44/110
f 825/47/84 898/43/111 885/47/53
f 881/31/66 862/30/59 861/32/72
f 862/30/59 881/31/66 899/29/60
f 887/37/62 855/36/63 880/38/61
f 855/36/63 887/37/62 856/35/64
f 810/30/19 882/31/20 883/29/18
f 882/31/20 810/30/19 812/32/21
f 879/47/82 891/38/44 880/38/61
f 891/38/44 879/47/82 900/47/42
f 899/29/60 863/28/34 862/30/59
f 863/28/34 899/29/60 872/27/35
f 802/47/43 891/38/44 900/47/42
f 891/38/44 802/47/43 803/36/45
f 895/42/108 805/46/93 878/45/91
f 805/46/93 895/42/108 807/40/109
f 880/38/61 892/37/54 887/37/62
f 892/37/54 880/38/61 891/38/44
f 871/38/51 843/47/65 865/36/50
f 843/47/65 871/38/51 886/47/52
f 899/29/60 894/31/46 890/29/80
f 894/31/46 899/29/60 881/31/66
f 887/37/62 888/27/16 866/27/56
f 888/27/16 887/37/62 892/37/54
f 875/27/29 899/29/60 890/29/80
f 899/29/60 875/27/29 872/27/35
f 902/3/126 811/48/96 901/49/94
f 811/48/96 902/3/126 813/50/128
f 812/32/21 893/33/127 882/31/20
f 893/33/127 812/32/21 814/34/129
f 806/35/55 888/27/16 892/37/54
f 888/27/16 806/35/55 808/28/17
f 901/49/94 809/39/107 896/41/106
f 809/39/107 901/49/94 811/48/96
f 897/45/101 823/44/110 821/46/100
f 823/44/110 897/45/101 898/43/111
f 816/32/47 893/33/127 814/34/129
f 893/33/127 816/32/47 894/31/46
f 877/43/90 802/47/43 900/47/42
f 802/47/43 877/43/90 804/44/92
f 884/38/27 870/37/37 876/37/26
f 870/37/37 884/38/27 871/38/51
f 889/49/103 813/50/128 902/3/126
f 813/50/128 889/49/103 815/48/102
f 905/51/130 904/51/131 903/51/130
f 904/51/131 905/51/130 906/51/131
f 909/52/132 908/52/132 907/52/132
f 908/52/132 909/52/132 910/52/132
f 912/53/133 908/52/1 911/53/133
f 908/52/1 912/53/133 907/52/1
f 914/54/134 903/51/130 913/54/134
f 903/51/130 914/54/134 905/51/130
f 914/54/134 912/53/133 911/53/133
f 912/53/133 914/54/134 913/54/134
f 909/52/3 906/51/3 910/52/3
f 906/51/3 909/52/3 904/51/3
f 912/53/2 909/52/2 907/52/2
f 909/52/2 912/53/2 904/51/2
f 904/51/2 912/53/2 913/54/2
f 904/51/2 913/54/2 903/51/2
f 906/51/135 908/52/135 910/52/135
f 908/52/135 906/51/135 911/53/135
f 911/53/135 906/51/135 914/54/135
f 914/54/135 906/51/135 905/51/135
f 917/51/2 916/52/2 915/52/2
f 916/52/2 917/51/2 918/53/2
f 918/53/2 917/51/2 919/54/2
f 919/54/2 917/51/2 920/51/2
f 922/53/137 919/54/136 921/54/136
f 919/54/136 922/53/137 918/53/137
f 923/51/138 919/54/136 920/51/138
f 919/54/136 923/51/138 921/54/136
f 917/51/1 925/52/1 924/51/1
f 925/52/1 917/51/1 915/52/1
f 916/52/132 925/52/132 915/52/132
f 925/52/132 916/52/132 926/52/132
f 922/53/135 925/52/135 926/52/135
f 925/52/135 922/53/135 924/51/135
f 924/51/135 922/53/135 921/54/135
f 924/51/135 921/54/135 923/51/135
f 916/52/3 922/53/137 926/52/3
f 922/53/137 916/52/3 918/53/137
f 924/51/131 920/51/138 917/51/131
f 920/51/138 924/51/131 923/51/138
f 929/52/140 928/55/139 927/55/139
f 928/55/139 929/52/140 930/52/140
f 927/55/139 932/51/3 931/51/3
f 932/51/3 927/55/139 928/55/139
f 934/52/141 929/52/140 933/52/141
f 929/52/140 934/52/141 930/52/140
f 934/52/141 936/52/142 935/52/142
f 936/52/142 934/52/141 933/52/141
f 935/52/142 938/52/143 937/52/143
f 938/52/143 935/52/142 936/52/142
f 940/55/144 938/52/143 939/55/144
f 938/52/143 940/55/144 937/52/143
f 942/51/1 939/55/144 941/51/1
f 939/55/144 942/51/1 940/55/144
f 929/52/135 936/52/135 933/52/135
f 936/52/135 929/52/135 938/52/135
f 938/52/135 929/52/135 927/55/135
f 938/52/135 927/55/135 939/55/135
f 939/55/135 927/55/135 931/51/135
f 939/55/135 931/51/135 941/51/135
f 935/52/2 930/52/2 934/52/2
f 930/52/2 935/52/2 937/52/2
f 930/52/2 937/52/2 928/55/2
f 928/55/2 937/52/2 940/55/2
f 928/55/2 940/55/2 932/51/2
f 932/51/2 940/55/2 942/51/2
f 945/51/145 944/52/145 943/52/145
f 944/52/145 945/51/145 946/51/145
f 949/51/146 948/52/147 947/52/146
f 948/52/147 949/51/146 950/51/147
f 951/52/149 945/51/148 943/52/148
f 945/51/148 951/52/149 952/51/149
f 951/52/149 953/51/150 952/51/149
f 953/51/150 951/52/149 954/52/150
f 946/51/151 947/52/146 944/52/151
f 947/52/146 946/51/151 949/51/146
f 950/51/131 956/51/131 955/51/131
f 956/51/131 950/51/131 949/51/131
f 956/51/131 949/51/131 946/51/131
f 956/51/131 946/51/131 945/51/131
f 956/51/131 945/51/131 952/51/131
f 956/51/131 952/51/131 953/51/131
f 958/52/132 948/52/132 957/52/132
f 948/52/132 958/52/132 947/52/132
f 947/52/132 958/52/132 944/52/132
f 944/52/132 958/52/132 943/52/132
f 943/52/132 958/52/132 951/52/132
f 951/52/132 958/52/132 954/52/132
f 955/51/152 958/52/152 957/52/152
f 958/52/152 955/51/152 956/51/152
f 954/52/150 956/51/153 953/51/150
f 956/51/153 954/52/150 958/52/153
f 950/51/147 957/52/154 948/52/147
f 957/52/154 950/51/147 955/51/154
f 961/51/155 960/52/156 959/52/155
f 960/52/156 961/51/155 962/51/156
f 965/51/157 964/52/157 963/52/157
f 964/52/157 965/51/157 966/51/157
f 968/51/158 959/52/155 967/52/158
f 959/52/155 968/51/158 961/51/155
f 969/52/160 965/51/159 963/52/159
f 965/51/159 969/52/160 970/51/160
f 969/52/160 962/51/156 970/51/160
f 962/51/156 969/52/160 960/52/156
f 966/51/161 967/52/158 964/52/161
f 967/52/158 966/51/161 968/51/158
f 968/51/131 962/51/131 961/51/131
f 962/51/131 968/51/131 966/51/131
f 962/51/131 966/51/131 965/51/131
f 962/51/131 965/51/131 970/51/131
f 960/52/132 967/52/132 959/52/132
f 967/52/132 960/52/132 964/52/132
f 964/52/132 960/52/132 963/52/132
f 963/52/132 960/52/132 969/52/132
f 973/51/163 972/51/162 971/51/162
f 972/51/162 973/51/163 974/51/163
f 977/56/164 976/52/164 975/52/164
f 976/52/164 977/56/164 971/51/164
f 971/51/164 977/56/164 973/51/164
f 972/51/165 979/52/165 978/52/165
f 979/52/165 972/51/165 980/56/165
f 980/56/165 972/51/165 974/51/165
f 979/52/166 977/56/167 975/52/166
f 977/56/167 979/52/166 980/56/167
f 977/56/167 974/51/163 973/51/163
f 974/51/163 977/56/167 980/56/167
f 972/51/168 976/52/168 971/51/168
f 976/52/168 972/51/168 978/52/168
f 983/57/131 982/57/131 981/57/131
f 982/57/131 983/57/131 984/57/131
f 982/57/2 986/58/2 985/58/2
f 986/58/2 982/57/2 984/57/2
f 987/59/169 983/57/135 981/57/135
f 983/57/135 987/59/169 988/59/169
f 987/59/169 989/58/170 988/59/169
f 989/58/170 987/59/169 990/58/170
f 990/58/170 986/58/132 989/58/170
f 986/58/132 990/58/170 985/58/132
f 982/57/1 987/59/1 981/57/1
f 987/59/1 982/57/1 990/58/1
f 990/58/1 982/57/1 985/58/1
f 989/58/3 983/57/3 988/59/3
f 983/57/3 989/58/3 984/57/3
f 984/57/3 989/58/3 986/58/3
f 993/57/171 992/58/171 991/58/171
f 992/58/171 993/57/171 994/57/171
f 997/57/131 996/57/131 995/57/131
f 996/57/131 997/57/131 998/57/131
f 996/57/2 915/58/2 909/58/2
f 915/58/2 996/57/2 998/57/2
f 999/59/169 997/57/135 995/57/135
f 997/57/135 999/59/169 1000/59/169
f 999/59/169 1001/58/170 1000/59/169
f 1001/58/170 999/59/169 1002/58/170
f 1002/58/170 915/58/132 1001/58/170
f 915/58/132 1002/58/170 909/58/132
f 996/57/1 999/59/1 995/57/1
f 999/59/1 996/57/1 1002/58/1
f 1002/58/1 996/57/1 909/58/1
f 1001/58/3 997/57/3 1000/59/3
f 997/57/3 1001/58/3 998/57/3
f 998/57/3 1001/58/3 915/58/3
f 1005/57/171 1004/58/171 1003/58/171
f 1004/58/171 1005/57/171 1006/57/171
f 1008/61/3 20/60/3 1007/60/3
f 20/60/3 1008/61/3 18/61/3
f 19/60/1 1010/61/1 1009/60/1
f 1010/61/1 19/60/1 17/61/1
f 1011/60/3 22/63/3 27/62/3
f 22/63/3 1011/60/3 21/60/3
f 1011/60/135 28/62/135 1007/60/135
f 28/62/135 1011/60/135 27/62/135
f 21/60/132 1007/60/132 20/60/132
f 1007/60/132 21/60/132 1011/60/132
f 24/63/1 1012/60/1 26/62/1
f 1012/60/1 24/63/1 23/60/1
f 19/60/132 1012/60/132 23/60/132
f 1012/60/132 19/60/132 1009/60/132
f 25/62/135 1012/60/135 1009/60/135
f 1012/60/135 25/62/135 26/62/135
f 1015/61/1 1014/64/1 1013/64/1
f 1015/61/1 1016/65/1 1014/64/1
f 1017/61/1 1016/65/1 1015/61/1
f 1016/65/1 1017/61/1 1018/66/1
f 1019/62/1 1018/66/1 1017/61/1
f 1018/66/1 1019/62/1 1020/67/1
f 1020/67/1 1019/62/1 1021/62/1
f 1020/67/1 1021/62/1 1022/67/1
f 1022/67/1 1021/62/1 1023/68/1
f 1024/62/131 1021/62/172 1019/62/131
f 1021/62/172 1024/62/131 1025/62/172
f 1026/61/135 1019/62/135 1017/61/135
f 1019/62/135 1026/61/135 1024/62/135
f 1027/61/132 1017/61/132 1015/61/132
f 1017/61/132 1027/61/132 1026/61/132
f 1025/62/172 1023/68/5 1021/62/172
f 1023/68/5 1025/62/172 1028/68/5
f 1013/64/2 1027/61/2 1015/61/2
f 1027/61/2 1013/64/2 1029/64/2
f 1029/64/2 1013/64/2 1030/64/2
f 1030/64/2 1013/64/2 1022/67/2
f 1031/64/2 1029/64/2 1030/64/2
f 1030/64/2 1022/67/2 1032/67/2
f 1029/64/2 1031/64/2 1033/67/2
f 1032/67/2 1022/67/2 1023/68/2
f 1033/67/2 1031/64/2 1034/67/2
f 1032/67/2 1023/68/2 1034/67/2
f 1033/67/2 1034/67/2 1028/68/2
f 1028/68/2 1034/67/2 1023/68/2
f 1035/64/3 1027/61/3 1029/64/3
f 1036/65/3 1027/61/3 1035/64/3
f 1036/65/3 1026/61/3 1027/61/3
f 1026/61/3 1036/65/3 1024/62/3
f 1037/66/3 1024/62/3 1036/65/3
f 1038/67/3 1024/62/3 1037/66/3
f 1024/62/3 1038/67/3 1025/62/3
f 1025/62/3 1038/67/3 1033/67/3
f 1025/62/3 1033/67/3 1028/68/3
f 1040/62/173 993/62/131 1039/62/173
f 993/62/131 1040/62/173 994/62/131
f 991/61/132 1042/61/174 1041/61/174
f 1042/61/174 991/61/132 992/61/132
f 1044/69/175 1039/62/173 1043/69/175
f 1039/62/173 1044/69/175 1040/62/173
f 1041/61/174 1046/70/176 1045/70/176
f 1046/70/176 1041/61/174 1042/61/174
f 1044/69/175 1045/70/176 1046/70/176
f 1045/70/176 1044/69/175 1043/69/175
f 1039/62/112 1045/70/112 1043/69/112
f 1045/70/112 1039/62/112 1041/61/112
f 1041/61/112 1039/62/112 993/62/112
f 1041/61/112 993/62/112 991/61/112
f 1042/61/121 1044/69/121 1046/70/121
f 1044/69/121 1042/61/121 1040/62/121
f 1040/62/121 1042/61/121 992/61/121
f 1040/62/121 992/61/121 994/62/121
f 1048/62/173 1005/62/131 1047/62/173
f 1005/62/131 1048/62/173 1006/62/131
f 1003/61/132 1050/61/174 1049/61/174
f 1050/61/174 1003/61/132 1004/61/132
f 1052/69/175 1047/62/173 1051/69/175
f 1047/62/173 1052/69/175 1048/62/173
f 1049/61/174 1054/70/176 1053/70/176
f 1054/70/176 1049/61/174 1050/61/174
f 1052/69/175 1053/70/176 1054/70/176
f 1053/70/176 1052/69/175 1051/69/175
f 1047/62/112 1053/70/112 1051/69/112
f 1053/70/112 1047/62/112 1049/61/112
f 1049/61/112 1047/62/112 1005/62/112
f 1049/61/112 1005/62/112 1003/61/112
f 1050/61/121 1052/69/121 1054/70/121
f 1052/69/121 1050/61/121 1048/62/121
f 1048/62/121 1050/61/121 1004/61/121
f 1048/62/121 1004/61/121 1006/62/121
f 1058/74/177 1060/73/181 62/76/177
f 67/77/181 62/76/177 1060/73/181
f 1055/71/179 1057/73/178 53/71/179
f 61/77/178 53/71/179 1057/73/178
f 1059/75/183 1056/72/180 58/79/183
f 55/78/180 58/79/183 1056/72/180
f 1061/72/184 57/78/184 1062/71/182
f 65/71/182 1062/71/182 57/78/184
f 1061/72/184 1059/75/183 57/78/184
f 58/79/183 57/78/184 1059/75/183
f 1062/71/182 65/71/182 1060/73/181
f 67/77/181 1060/73/181 65/71/182
f 55/78/180 1056/72/180 53/71/179
f 1055/71/179 53/71/179 1056/72/180
f 1057/73/178 1058/74/177 61/77/178
f 62/76/177 61/77/178 1058/74/177
f 1062/71/15 1060/73/15 1061/72/15
f 1061/72/15 1060/73/15 1059/75/15
f 1060/73/15 1058/74/15 1059/75/15
f 1059/75/15 1058/74/15 1056/72/15
f 1058/74/15 1057/73/15 1056/72/15
f 1055/71/15 1056/72/15 1057/73/15
f 122/88/68 1072/88/108 105/81/40
f 1064/81/91 105/81/40 1072/88/108
f 1071/90/106 1072/88/108 123/90/70
f 122/88/68 123/90/70 1072/88/108
f 1069/84/103 116/84/58 1070/90/105
f 100/90/32 1070/90/105 116/84/58
f 1068/81/101 124/81/74 1073/80/111
f 125/80/78 1073/80/111 124/81/74
f 1071/90/106 123/90/70 1065/84/94
f 128/84/85 1065/84/94 123/90/70
f 104/80/38 1063/80/90 127/91/82
f 106/91/42 127/91/82 1063/80/90
f 1070/90/105 100/90/32 1067/88/99
f 101/88/33 1067/88/99 100/90/32
f 105/81/40 1064/81/91 104/80/38
f 1063/80/90 104/80/38 1064/81/91
f 113/91/53 70/91/84 1073/80/111
f 69/82/110 1073/80/111 70/91/84
f 74/85/102 75/86/97 1069/84/103
f 1066/62/95 1069/84/103 75/86/97
f 1069/84/103 1066/62/95 116/84/58
f 129/62/87 116/84/58 1066/62/95
f 1067/88/99 101/88/33 1068/81/101
f 124/81/74 1068/81/101 101/88/33
f 1073/80/111 125/80/78 113/91/53
f 112/91/52 113/91/53 125/80/78
f 1067/88/99 72/87/98 1070/90/105
f 73/89/104 1070/90/105 72/87/98
f 1073/80/111 69/82/110 1068/81/101
f 71/83/100 1068/81/101 69/82/110
f 1066/62/95 1065/84/94 129/62/87
f 128/84/85 129/62/87 1065/84/94
f 80/82/92 81/91/43 1063/80/90
f 106/91/42 1063/80/90 81/91/43
f 77/89/107 78/87/109 1071/90/106
f 1072/88/108 1071/90/106 78/87/109
f 78/87/109 79/83/93 1072/88/108
f 1064/81/91 1072/88/108 79/83/93
f 76/85/96 77/89/107 1065/84/94
f 1071/90/106 1065/84/94 77/89/107
f 1070/90/105 73/89/104 1069/84/103
f 74/85/102 1069/84/103 73/89/104
f 1068/81/101 71/83/100 1067/88/99
f 72/87/98 1067/88/99 71/83/100
f 75/86/97 76/85/96 1066/62/95
f 1065/84/94 1066/62/95 76/85/96
f 79/83/93 80/82/92 1064/81/91
f 1063/80/90 1064/81/91 80/82/92
f 1077/74/177 1079/73/181 163/76/177
f 168/77/181 163/76/177 1079/73/181
f 1074/71/179 1076/73/178 154/71/179
f 162/77/178 154/71/179 1076/73/178
f 1078/75/183 1075/72/180 159/79/183
f 156/78/180 159/79/183 1075/72/180
f 1080/72/184 158/78/184 1081/71/182
f 166/71/182 1081/71/182 158/78/184
f 1080/72/184 1078/75/183 158/78/184
f 159/79/183 158/78/184 1078/75/183
f 1081/71/182 166/71/182 1079/73/181
f 168/77/181 1079/73/181 166/71/182
f 156/78/180 1075/72/180 154/71/179
f 1074/71/179 154/71/179 1075/72/180
f 1076/73/178 1077/74/177 162/77/178
f 163/76/177 162/77/178 1077/74/177
f 1081/71/15 1079/73/15 1080/72/15
f 1080/72/15 1079/73/15 1078/75/15
f 1079/73/15 1077/74/15 1078/75/15
f 1078/75/15 1077/74/15 1075/72/15
f 1077/74/15 1076/73/15 1075/72/15
f 1074/71/15 1075/72/15 1076/73/15
f 1085/74/177 1087/73/181 275/76/177
f 280/77/181 275/76/177 1087/73/181
f 1082/71/179 1084/73/178 266/71/179
f 274/77/178 266/71/179 1084/73/178
f 1086/75/183 1083/72/180 271/79/183
f 268/78/180 271/79/183 1083/72/180
f 1088/72/184 270/78/184 1089/71/182
f 278/71/182 1089/71/182 270/78/184
f 1088/72/184 1086/75/183 270/78/184
f 271/79/183 270/78/184 1086/75/183
f 1089/71/182 278/71/182 1087/73/181
f 280/77/181 1087/73/181 278/71/182
f 268/78/180 1083/72/180 266/71/179
f 1082/71/179 266/71/179 1083/72/180
f 1084/73/178 1085/74/177 274/77/178
f 275/76/177 274/77/178 1085/74/177
f 1089/71/15 1087/73/15 1088/72/15
f 1088/72/15 1087/73/15 1086/75/15
f 1087/73/15 1085/74/15 1086/75/15
f 1086/75/15 1085/74/15 1083/72/15
f 1085/74/15 1084/73/15 1083/72/15
f 1082/71/15 1083/72/15 1084/73/15
f 1092/73/121 1091/72/121 1090/71/121
f 1091/72/121 1092/73/121 1093/74/121
f 1091/72/121 1093/74/121 1094/75/121
f 1094/75/121 1093/74/121 1095/73/121
f 1094/75/121 1095/73/121 1096/72/121
f 1096/72/121 1095/73/121 1097/71/121
f 1093/74/185 388/77/186 386/76/185
f 388/77/186 1093/74/185 1092/73/186
f 1091/72/188 378/71/187 1090/71/187
f 378/71/187 1091/72/188 380/78/188
f 390/71/190 1095/73/189 392/77/189
f 1095/73/189 390/71/190 1097/71/190
f 1094/75/191 382/78/192 383/79/191
f 382/78/192 1094/75/191 1096/72/192
f 382/78/192 1097/71/190 390/71/190
f 1097/71/190 382/78/192 1096/72/192
f 380/78/188 1094/75/191 383/79/191
f 1094/75/191 380/78/188 1091/72/188
f 1092/73/186 378/71/187 388/77/186
f 378/71/187 1092/73/186 1090/71/187
f 1095/73/189 386/76/185 392/77/189
f 386/76/185 1095/73/189 1093/74/185
f 1100/73/121 1099/72/121 1098/71/121
f 1099/72/121 1100/73/121 1101/74/121
f 1099/72/121 1101/74/121 1102/75/121
f 1102/75/121 1101/74/121 1103/73/121
f 1102/75/121 1103/73/121 1104/72/121
f 1104/72/121 1103/73/121 1105/71/121
f 1101/74/185 498/77/186 499/76/185
f 498/77/186 1101/74/185 1100/73/186
f 1099/72/188 490/71/187 1098/71/187
f 490/71/187 1099/72/188 492/78/188
f 502/71/190 1103/73/189 504/77/189
f 1103/73/189 502/71/190 1105/71/190
f 495/79/191 1104/72/192 494/78/192
f 1104/72/192 495/79/191 1102/75/191
f 494/78/192 1105/71/190 502/71/190
f 1105/71/190 494/78/192 1104/72/192
f 1099/72/188 495/79/191 492/78/188
f 495/79/191 1099/72/188 1102/75/191
f 1100/73/186 490/71/187 498/77/186
f 490/71/187 1100/73/186 1098/71/187
f 1103/73/189 499/76/185 504/77/189
f 499/76/185 1103/73/189 1101/74/185
f 1109/74/177 1111/73/181 611/76/177
f 616/77/181 611/76/177 1111/73/181
f 1106/71/179 1108/73/178 602/71/179
f 610/77/178 602/71/179 1108/73/178
f 1110/75/183 1107/72/180 607/79/183
f 604/78/180 607/79/183 1107/72/180
f 1112/72/184 606/78/184 1113/71/182
f 614/71/182 1113/71/182 606/78/184
f 1112/72/184 1110/75/183 606/78/184
f 607/79/183 606/78/184 1110/75/183
f 1113/71/182 614/71/182 1111/73/181
f 616/77/181 1111/73/181 614/71/182
f 604/78/180 1107/72/180 602/71/179
f 1106/71/179 602/71/179 1107/72/180
f 1108/73/178 1109/74/177 610/77/178
f 611/76/177 610/77/178 1109/74/177
f 1113/71/15 1111/73/15 1112/72/15
f 1112/72/15 1111/73/15 1110/75/15
f 1111/73/15 1109/74/15 1110/75/15
f 1110/75/15 1109/74/15 1107/72/15
f 1109/74/15 1108/73/15 1107/72/15
f 1106/71/15 1107/72/15 1108/73/15
f 1116/73/121 1115/72/121 1114/71/121
f 1115/72/121 1116/73/121 1117/74/121
f 1115/72/121 1117/74/121 1118/75/121
f 1118/75/121 1117/74/121 1119/73/121
f 1118/75/121 1119/73/121 1120/72/121
f 1120/72/121 1119/73/121 1121/71/121
f 1117/74/185 722/77/186 723/76/185
f 722/77/186 1117/74/185 1116/73/186
f 1115/72/188 714/71/187 1114/71/187
f 714/71/187 1115/72/188 716/78/188
f 726/71/190 1119/73/189 728/77/189
f 1119/73/189 726/71/190 1121/71/190
f 719/79/191 1120/72/192 718/78/192
f 1120/72/192 719/79/191 1118/75/191
f 718/78/192 1121/71/190 726/71/190
f 1121/71/190 718/78/192 1120/72/192
f 1115/72/188 719/79/191 716/78/188
f 719/79/191 1115/72/188 1118/75/191
f 1116/73/186 714/71/187 722/77/186
f 714/71/187 1116/73/186 1114/71/187
f 1119/73/189 723/76/185 728/77/189
f 723/76/185 1119/73/189 1117/74/185
f 1124/73/121 1123/72/121 1122/71/121
f 1123/72/121 1124/73/121 1125/74/121
f 1123/72/121 1125/74/121 1126/75/121
f 1126/75/121 1125/74/121 1127/73/121
f 1126/75/121 1127/73/121 1128/72/121
f 1128/72/121 1127/73/121 1129/71/121
f 1125/74/185 834/77/186 835/76/185
f 834/77/186 1125/74/185 1124/73/186
f 1123/72/188 826/71/187 1122/71/187
f 826/71/187 1123/72/188 828/78/188
f 838/71/190 1127/73/189 840/77/189
f 1127/73/189 838/71/190 1129/71/190
f 831/79/191 1128/72/192 830/78/192
f 1128/72/192 831/79/191 1126/75/191
f 830/78/192 1129/71/190 838/71/190
f 1129/71/190 830/78/192 1128/72/192
f 1123/72/188 831/79/191 828/78/188
f 831/79/191 1123/72/188 1126/75/191
f 1124/73/186 826/71/187 834/77/186
f 826/71/187 1124/73/186 1122/71/187
f 1127/73/189 835/76/185 840/77/189
f 835/76/185 1127/73/189 1125/74/185
f 853/82/39 1131/81/40 1130/80/38
f 1131/81/40 853/82/39 852/83/41
f 849/85/86 1133/62/122 1132/84/85
f 1133/62/122 849/85/86 848/86/123
f 844/83/73 1134/88/33 845/87/31
f 1134/88/33 844/83/73 1135/81/74
f 846/89/30 1136/84/58 847/85/57
f 1136/84/58 846/89/30 1137/90/32
f 850/89/71 1132/84/85 1138/90/70
f 1132/84/85 850/89/71 849/85/86
f 852/83/41 1139/88/68 1131/81/40
f 1139/88/68 852/83/41 851/87/69
f 851/87/69 1138/90/70 1139/88/68
f 1138/90/70 851/87/69 850/89/71
f 854/91/83 1130/80/38 879/91/82
f 1130/80/38 854/91/83 853/82/39
f 1132/84/85 902/62/126 901/84/94
f 902/62/126 1132/84/85 1133/62/122
f 842/82/77 1135/81/74 844/83/73
f 1135/81/74 842/82/77 1140/80/78
f 845/87/31 1137/90/32 846/89/30
f 1137/90/32 845/87/31 1134/88/33
f 898/80/111 886/91/52 885/91/53
f 886/91/52 898/80/111 1140/80/78
f 874/88/99 1135/81/74 897/81/101
f 1135/81/74 874/88/99 1134/88/33
f 1133/62/122 889/84/103 902/62/126
f 889/84/103 1133/62/122 1136/84/58
f 847/85/57 1133/62/122 848/86/123
f 1133/62/122 847/85/57 1136/84/58
f 843/91/65 1140/80/78 842/82/77
f 1140/80/78 843/91/65 886/91/52
f 1131/81/40 877/80/90 1130/80/38
f 877/80/90 1131/81/40 878/81/91
f 1137/90/32 874/88/99 873/90/105
f 874/88/99 1137/90/32 1134/88/33
f 1130/80/38 900/91/42 879/91/82
f 900/91/42 1130/80/38 877/80/90
f 896/90/106 1132/84/85 901/84/94
f 1132/84/85 896/90/106 1138/90/70
f 897/81/101 1140/80/78 898/80/111
f 1140/80/78 897/81/101 1135/81/74
f 889/84/103 1137/90/32 873/90/105
f 1137/90/32 889/84/103 1136/84/58
f 1139/88/68 896/90/106 895/88/108
f 896/90/106 1139/88/68 1138/90/70
f 1139/88/68 878/81/91 1131/81/40
f 878/81/91 1139/88/68 895/88/108
f 1143/92/132 1142/92/174 1141/92/132
f 1142/92/174 1143/92/132 1144/92/174
f 1147/93/193 1146/94/112 1145/93/193
f 1146/94/112 1147/93/193 1142/92/112
f 1142/92/112 1147/93/193 1141/92/112
f 1144/92/121 1149/93/194 1148/94/121
f 1149/93/194 1144/92/121 1150/93/194
f 1150/93/194 1144/92/121 1143/92/121
f 1153/95/195 1152/95/196 1151/95/195
f 1152/95/196 1153/95/195 1154/95/196
f 1145/93/193 1151/95/195 1147/93/193
f 1151/95/195 1145/93/193 1153/95/195
f 1149/93/194 1152/95/196 1154/95/196
f 1152/95/196 1149/93/194 1150/93/194
f 1147/93/171 1143/92/171 1141/92/171
f 1143/92/171 1147/93/171 1150/93/171
f 1150/93/171 1147/93/171 1151/95/171
f 1150/93/171 1151/95/171 1152/95/171
f 1149/93/157 1146/94/176 1148/94/176
f 1146/94/176 1149/93/157 1145/93/157
f 1145/93/157 1149/93/157 1154/95/157
f 1145/93/157 1154/95/157 1153/95/157
f 1144/92/174 1146/94/176 1142/92/174
f 1146/94/176 1144/92/174 1148/94/176

g truck-b




usemtl colormap

f 3/3/1 2/2/1 1/1/1
f 2/2/1 3/3/1 4/4/1
f 4/4/1 3/3/1 5/3/1
f 4/4/1 5/3/1 6/4/1
f 9/3/2 8/4/2 7/4/2
f 8/4/2 9/3/2 10/3/2
f 13/4/3 12/1/3 11/2/3
f 12/1/3 13/4/3 14/3/3
f 14/3/3 13/4/3 15/4/3
f 14/3/3 15/4/3 16/3/3
f 19/5/2 18/4/2 17/4/2
f 18/4/2 19/5/2 20/5/2
f 20/5/2 19/5/2 21/5/2
f 21/5/2 19/5/2 22/6/4
f 22/6/4 19/5/2 23/5/2
f 22/6/4 23/5/2 24/6/4
f 26/3/5 25/3/5 24/6/4
f 27/3/5 24/6/4 25/3/5
f 27/3/5 25/3/5 28/3/5
f 24/6/4 27/3/5 22/6/4
f 92/8/15 91/11/15 70/7/15
f 91/11/15 90/13/15 70/7/15
f 70/7/15 90/13/15 66/7/15
f 90/13/15 89/15/15 66/7/15
f 66/7/15 89/15/15 68/25/15
f 89/15/15 88/17/15 68/25/15
f 88/17/15 87/18/15 68/25/15
f 64/26/15 68/25/15 87/18/15
f 87/18/15 86/17/15 64/26/15
f 64/26/15 86/17/15 63/25/15
f 86/17/15 85/15/15 63/25/15
f 63/25/15 85/15/15 54/7/15
f 85/15/15 84/13/15 54/7/15
f 84/13/15 83/11/15 54/7/15
f 83/11/15 82/8/15 54/7/15
f 81/7/15 54/7/15 82/8/15
f 81/7/15 80/9/15 54/7/15
f 79/10/15 54/7/15 80/9/15
f 78/12/15 54/7/15 79/10/15
f 77/14/15 54/7/15 78/12/15
f 56/20/15 54/7/15 77/14/15
f 76/16/15 56/20/15 77/14/15
f 60/22/15 56/20/15 76/16/15
f 75/3/15 60/22/15 76/16/15
f 60/22/15 75/3/15 59/20/15
f 74/16/15 59/20/15 75/3/15
f 73/14/15 59/20/15 74/16/15
f 66/7/15 59/20/15 73/14/15
f 72/12/15 66/7/15 73/14/15
f 70/7/15 66/7/15 72/12/15
f 71/10/15 70/7/15 72/12/15
f 69/9/15 70/7/15 71/10/15
f 56/20/8 60/22/10 55/19/8
f 58/21/10 55/19/8 60/22/10
f 65/7/13 66/7/13 67/23/14
f 68/25/14 67/23/14 66/7/13
f 68/25/14 64/26/12 67/23/14
f 62/24/12 67/23/14 64/26/12
f 53/7/7 61/23/11 54/7/7
f 63/25/11 54/7/7 61/23/11
f 59/20/9 66/7/13 57/19/9
f 65/7/13 57/19/9 66/7/13
f 64/26/12 63/25/11 62/24/12
f 61/23/11 62/24/12 63/25/11
f 60/22/10 59/20/9 58/21/10
f 57/19/9 58/21/10 59/20/9
f 56/20/8 55/19/8 54/7/7
f 53/7/7 54/7/7 55/19/8
f 52/7/6 50/9/6 51/8/6
f 51/8/6 50/9/6 49/11/6
f 50/9/6 48/10/6 49/11/6
f 49/11/6 48/10/6 47/13/6
f 48/10/6 46/12/6 47/13/6
f 47/13/6 46/12/6 45/15/6
f 46/12/6 44/14/6 45/15/6
f 45/15/6 44/14/6 43/17/6
f 44/14/6 42/16/6 43/17/6
f 43/17/6 42/16/6 41/18/6
f 42/16/6 40/3/6 41/18/6
f 41/18/6 40/3/6 39/17/6
f 40/3/6 38/16/6 39/17/6
f 39/17/6 38/16/6 37/15/6
f 38/16/6 36/14/6 37/15/6
f 37/15/6 36/14/6 35/13/6
f 36/14/6 34/12/6 35/13/6
f 35/13/6 34/12/6 33/11/6
f 34/12/6 32/10/6 33/11/6
f 33/11/6 32/10/6 30/8/6
f 32/10/6 31/9/6 30/8/6
f 29/7/6 30/8/6 31/9/6
f 42/48/57 116/49/58 40/50/88
f 129/3/87 40/50/88 116/49/58
f 98/38/27 111/38/51 97/37/26
f 103/37/37 97/37/26 111/38/51
f 31/44/39 104/43/38 29/47/83
f 127/47/82 29/47/83 104/43/38
f 120/31/66 43/32/72 121/33/67
f 41/34/89 121/33/67 43/32/72
f 125/43/78 124/45/74 50/44/77
f 48/46/73 50/44/77 124/45/74
f 38/48/86 128/49/85 36/39/71
f 123/41/70 36/39/71 128/49/85
f 35/28/75 33/35/64 115/27/56
f 119/37/62 115/27/56 33/35/64
f 41/34/89 39/32/81 121/33/67
f 109/31/48 121/33/67 39/32/81
f 40/50/88 129/3/87 38/48/86
f 128/49/85 38/48/86 129/3/87
f 126/29/80 99/27/29 117/29/60
f 102/27/35 117/29/60 99/27/29
f 119/37/62 114/37/54 115/27/56
f 93/27/16 115/27/56 114/37/54
f 108/31/46 126/29/80 120/31/66
f 117/29/60 120/31/66 126/29/80
f 113/47/53 98/38/27 70/47/84
f 92/36/25 70/47/84 98/38/27
f 118/38/61 107/38/44 119/37/62
f 114/37/54 119/37/62 107/38/44
f 34/40/69 122/42/68 32/46/41
f 105/45/40 32/46/41 122/42/68
f 30/36/63 29/47/83 118/38/61
f 127/47/82 118/38/61 29/47/83
f 99/27/29 126/29/80 90/28/28
f 89/30/79 90/28/28 126/29/80
f 127/47/82 106/47/42 118/38/61
f 107/38/44 118/38/61 106/47/42
f 39/32/81 37/30/76 109/31/48
f 110/29/49 109/31/48 37/30/76
f 83/35/55 114/37/54 82/36/45
f 107/38/44 82/36/45 114/37/54
f 126/29/80 108/31/46 89/30/79
f 88/32/47 89/30/79 108/31/46
f 112/47/52 125/43/78 52/47/65
f 50/44/77 52/47/65 125/43/78
f 97/37/26 103/37/37 99/27/29
f 102/27/35 99/27/29 103/37/37
f 96/33/22 121/33/67 95/31/20
f 109/31/48 95/31/20 121/33/67
f 37/30/76 35/28/75 110/29/49
f 115/27/56 110/29/49 35/28/75
f 124/45/74 101/42/33 48/46/73
f 46/40/31 48/46/73 101/42/33
f 117/29/60 45/30/59 120/31/66
f 43/32/72 120/31/66 45/30/59
f 36/39/71 123/41/70 34/40/69
f 122/42/68 34/40/69 123/41/70
f 96/33/22 108/31/46 121/33/67
f 120/31/66 121/33/67 108/31/46
f 112/47/52 52/47/65 111/38/51
f 51/36/50 111/38/51 52/47/65
f 33/35/64 30/36/63 119/37/62
f 118/38/61 119/37/62 30/36/63
f 102/27/35 47/28/34 117/29/60
f 45/30/59 117/29/60 47/28/34
f 100/41/32 116/49/58 44/39/30
f 42/48/57 44/39/30 116/49/58
f 93/27/16 94/29/18 115/27/56
f 110/29/49 115/27/56 94/29/18
f 84/28/17 93/27/16 83/35/55
f 114/37/54 83/35/55 93/27/16
f 113/47/53 112/47/52 98/38/27
f 111/38/51 98/38/27 112/47/52
f 111/38/51 51/36/50 103/37/37
f 49/35/36 103/37/37 51/36/50
f 86/32/21 95/31/20 85/30/19
f 94/29/18 85/30/19 95/31/20
f 94/29/18 95/31/20 110/29/49
f 109/31/48 110/29/49 95/31/20
f 88/32/47 108/31/46 87/34/23
f 96/33/22 87/34/23 108/31/46
f 82/36/45 107/38/44 81/47/43
f 106/47/42 81/47/43 107/38/44
f 32/46/41 105/45/40 31/44/39
f 104/43/38 31/44/39 105/45/40
f 103/37/37 49/35/36 102/27/35
f 47/28/34 102/27/35 49/35/36
f 101/42/33 100/41/32 46/40/31
f 44/39/30 46/40/31 100/41/32
f 97/37/26 99/27/29 91/35/24
f 90/28/28 91/35/24 99/27/29
f 98/38/27 97/37/26 92/36/25
f 91/35/24 92/36/25 97/37/26
f 87/34/23 96/33/22 86/32/21
f 95/31/20 86/32/21 96/33/22
f 85/30/19 94/29/18 84/28/17
f 93/27/16 84/28/17 94/29/18
f 193/8/15 192/11/15 171/7/15
f 192/11/15 191/13/15 171/7/15
f 171/7/15 191/13/15 167/7/15
f 191/13/15 190/15/15 167/7/15
f 167/7/15 190/15/15 169/25/15
f 190/15/15 189/17/15 169/25/15
f 189/17/15 188/18/15 169/25/15
f 165/26/15 169/25/15 188/18/15
f 188/18/15 187/17/15 165/26/15
f 165/26/15 187/17/15 164/25/15
f 187/17/15 186/15/15 164/25/15
f 164/25/15 186/15/15 155/7/15
f 186/15/15 185/13/15 155/7/15
f 185/13/15 184/11/15 155/7/15
f 184/11/15 183/8/15 155/7/15
f 182/7/15 155/7/15 183/8/15
f 182/7/15 181/9/15 155/7/15
f 180/10/15 155/7/15 181/9/15
f 179/12/15 155/7/15 180/10/15
f 178/14/15 155/7/15 179/12/15
f 157/20/15 155/7/15 178/14/15
f 177/16/15 157/20/15 178/14/15
f 161/22/15 157/20/15 177/16/15
f 176/3/15 161/22/15 177/16/15
f 161/22/15 176/3/15 160/20/15
f 175/16/15 160/20/15 176/3/15
f 174/14/15 160/20/15 175/16/15
f 167/7/15 160/20/15 174/14/15
f 173/12/15 167/7/15 174/14/15
f 171/7/15 167/7/15 173/12/15
f 172/10/15 171/7/15 173/12/15
f 170/9/15 171/7/15 172/10/15
f 157/20/8 161/22/10 156/19/8
f 159/21/10 156/19/8 161/22/10
f 166/7/13 167/7/13 168/23/14
f 169/25/14 168/23/14 167/7/13
f 169/25/14 165/26/12 168/23/14
f 163/24/12 168/23/14 165/26/12
f 154/7/7 162/23/11 155/7/7
f 164/25/11 155/7/7 162/23/11
f 160/20/9 167/7/13 158/19/9
f 166/7/13 158/19/9 167/7/13
f 165/26/12 164/25/11 163/24/12
f 162/23/11 163/24/12 164/25/11
f 161/22/10 160/20/9 159/21/10
f 158/19/9 159/21/10 160/20/9
f 157/20/8 156/19/8 155/7/7
f 154/7/7 155/7/7 156/19/8
f 153/7/6 151/9/6 152/8/6
f 152/8/6 151/9/6 150/11/6
f 151/9/6 149/10/6 150/11/6
f 150/11/6 149/10/6 148/13/6
f 149/10/6 147/12/6 148/13/6
f 148/13/6 147/12/6 146/15/6
f 147/12/6 145/14/6 146/15/6
f 146/15/6 145/14/6 144/17/6
f 145/14/6 143/16/6 144/17/6
f 144/17/6 143/16/6 142/18/6
f 143/16/6 141/3/6 142/18/6
f 142/18/6 141/3/6 140/17/6
f 141/3/6 139/16/6 140/17/6
f 140/17/6 139/16/6 138/15/6
f 139/16/6 137/14/6 138/15/6
f 138/15/6 137/14/6 136/13/6
f 137/14/6 135/12/6 136/13/6
f 136/13/6 135/12/6 134/11/6
f 135/12/6 133/10/6 134/11/6
f 134/11/6 133/10/6 131/8/6
f 133/10/6 132/9/6 131/8/6
f 130/7/6 131/8/6 132/9/6
f 237/42/68 210/42/108 219/45/40
f 195/45/91 219/45/40 210/42/108
f 143/48/57 230/49/58 141/50/88
f 215/3/87 141/50/88 230/49/58
f 209/41/106 210/42/108 238/41/70
f 237/42/68 238/41/70 210/42/108
f 207/38/27 225/38/51 206/37/26
f 217/37/37 206/37/26 225/38/51
f 132/44/39 218/43/38 130/47/83
f 241/47/82 130/47/83 218/43/38
f 235/31/66 144/32/72 236/33/67
f 142/34/89 236/33/67 144/32/72
f 203/41/105 202/49/103 212/41/32
f 230/49/58 212/41/32 202/49/103
f 234/43/78 239/45/74 151/44/77
f 149/46/73 151/44/77 239/45/74
f 139/48/86 214/49/85 137/39/71
f 238/41/70 137/39/71 214/49/85
f 201/45/101 239/45/74 221/43/111
f 234/43/78 221/43/111 239/45/74
f 136/28/75 134/35/64 229/27/56
f 233/37/62 229/27/56 134/35/64
f 142/34/89 140/32/81 236/33/67
f 223/31/48 236/33/67 140/32/81
f 141/50/88 215/3/87 139/48/86
f 214/49/85 139/48/86 215/3/87
f 240/29/80 208/27/29 231/29/60
f 216/27/35 231/29/60 208/27/29
f 198/49/94 209/41/106 214/49/85
f 238/41/70 214/49/85 209/41/106
f 233/37/62 228/37/54 229/27/56
f 196/27/16 229/27/56 228/37/54
f 222/31/46 240/29/80 235/31/66
f 231/29/60 235/31/66 240/29/80
f 227/47/53 207/38/27 171/47/84
f 193/36/25 171/47/84 207/38/27
f 232/38/61 220/38/44 233/37/62
f 228/37/54 233/37/62 220/38/44
f 135/40/69 237/42/68 133/46/41
f 219/45/40 133/46/41 237/42/68
f 218/43/38 194/43/90 241/47/82
f 211/47/42 241/47/82 194/43/90
f 131/36/63 130/47/83 232/38/61
f 241/47/82 232/38/61 130/47/83
f 208/27/29 240/29/80 191/28/28
f 190/30/79 191/28/28 240/29/80
f 241/47/82 211/47/42 232/38/61
f 220/38/44 232/38/61 211/47/42
f 200/42/99 203/41/105 213/42/33
f 212/41/32 213/42/33 203/41/105
f 140/32/81 138/30/76 223/31/48
f 224/29/49 223/31/48 138/30/76
f 219/45/40 195/45/91 218/43/38
f 194/43/90 218/43/38 195/45/91
f 227/47/53 171/47/84 221/43/111
f 170/44/110 221/43/111 171/47/84
f 184/35/55 228/37/54 183/36/45
f 220/38/44 183/36/45 228/37/54
f 202/49/103 175/48/102 199/3/95
f 176/50/97 199/3/95 175/48/102
f 202/49/103 199/3/95 230/49/58
f 215/3/87 230/49/58 199/3/95
f 240/29/80 222/31/46 190/30/79
f 189/32/47 190/30/79 222/31/46
f 226/47/52 234/43/78 153/47/65
f 151/44/77 153/47/65 234/43/78
f 200/42/99 213/42/33 201/45/101
f 239/45/74 201/45/101 213/42/33
f 206/37/26 217/37/37 208/27/29
f 216/27/35 208/27/29 217/37/37
f 204/31/20 205/33/22 223/31/48
f 236/33/67 223/31/48 205/33/22
f 138/30/76 136/28/75 224/29/49
f 229/27/56 224/29/49 136/28/75
f 239/45/74 213/42/33 149/46/73
f 147/40/31 149/46/73 213/42/33
f 231/29/60 146/30/59 235/31/66
f 144/32/72 235/31/66 146/30/59
f 137/39/71 238/41/70 135/40/69
f 237/42/68 135/40/69 238/41/70
f 205/33/22 222/31/46 236/33/67
f 235/31/66 236/33/67 222/31/46
f 221/43/111 234/43/78 227/47/53
f 226/47/52 227/47/53 234/43/78
f 226/47/52 153/47/65 225/38/51
f 152/36/50 225/38/51 153/47/65
f 134/35/64 131/36/63 233/37/62
f 232/38/61 233/37/62 131/36/63
f 216/27/35 148/28/34 231/29/60
f 146/30/59 231/29/60 148/28/34
f 212/41/32 230/49/58 145/39/30
f 143/48/57 145/39/30 230/49/58
f 196/27/16 197/29/18 229/27/56
f 224/29/49 229/27/56 197/29/18
f 185/28/17 196/27/16 184/35/55
f 228/37/54 184/35/55 196/27/16
f 227/47/53 226/47/52 207/38/27
f 225/38/51 207/38/27 226/47/52
f 225/38/51 152/36/50 217/37/37
f 150/35/36 217/37/37 152/36/50
f 187/32/21 204/31/20 186/30/19
f 197/29/18 186/30/19 204/31/20
f 200/42/99 173/40/98 203/41/105
f 174/39/104 203/41/105 173/40/98
f 197/29/18 204/31/20 224/29/49
f 223/31/48 224/29/49 204/31/20
f 189/32/47 222/31/46 188/34/23
f 205/33/22 188/34/23 222/31/46
f 221/43/111 170/44/110 201/45/101
f 172/46/100 201/45/101 170/44/110
f 183/36/45 220/38/44 182/47/43
f 211/47/42 182/47/43 220/38/44
f 133/46/41 219/45/40 132/44/39
f 218/43/38 132/44/39 219/45/40
f 217/37/37 150/35/36 216/27/35
f 148/28/34 216/27/35 150/35/36
f 199/3/95 198/49/94 215/3/87
f 214/49/85 215/3/87 198/49/94
f 213/42/33 212/41/32 147/40/31
f 145/39/30 147/40/31 212/41/32
f 181/44/92 182/47/43 194/43/90
f 211/47/42 194/43/90 182/47/43
f 178/39/107 179/40/109 209/41/106
f 210/42/108 209/41/106 179/40/109
f 179/40/109 180/46/93 210/42/108
f 195/45/91 210/42/108 180/46/93
f 177/48/96 178/39/107 198/49/94
f 209/41/106 198/49/94 178/39/107
f 206/37/26 208/27/29 192/35/24
f 191/28/28 192/35/24 208/27/29
f 207/38/27 206/37/26 193/36/25
f 192/35/24 193/36/25 206/37/26
f 188/34/23 205/33/22 187/32/21
f 204/31/20 187/32/21 205/33/22
f 203/41/105 174/39/104 202/49/103
f 175/48/102 202/49/103 174/39/104
f 201/45/101 172/46/100 200/42/99
f 173/40/98 200/42/99 172/46/100
f 176/50/97 177/48/96 199/3/95
f 198/49/94 199/3/95 177/48/96
f 186/30/19 197/29/18 185/28/17
f 196/27/16 185/28/17 197/29/18
f 180/46/93 181/44/92 195/45/91
f 194/43/90 195/45/91 181/44/92
f 305/8/15 304/11/15 283/7/15
f 304/11/15 303/13/15 283/7/15
f 283/7/15 303/13/15 279/7/15
f 303/13/15 302/15/15 279/7/15
f 279/7/15 302/15/15 281/25/15
f 302/15/15 301/17/15 281/25/15
f 301/17/15 300/18/15 281/25/15
f 277/26/15 281/25/15 300/18/15
f 300/18/15 299/17/15 277/26/15
f 277/26/15 299/17/15 276/25/15
f 299/17/15 298/15/15 276/25/15
f 276/25/15 298/15/15 267/7/15
f 298/15/15 297/13/15 267/7/15
f 297/13/15 296/11/15 267/7/15
f 296/11/15 295/8/15 267/7/15
f 294/7/15 267/7/15 295/8/15
f 294/7/15 293/9/15 267/7/15
f 292/10/15 267/7/15 293/9/15
f 291/12/15 267/7/15 292/10/15
f 290/14/15 267/7/15 291/12/15
f 269/20/15 267/7/15 290/14/15
f 289/16/15 269/20/15 290/14/15
f 273/22/15 269/20/15 289/16/15
f 288/3/15 273/22/15 289/16/15
f 273/22/15 288/3/15 272/20/15
f 287/16/15 272/20/15 288/3/15
f 286/14/15 272/20/15 287/16/15
f 279/7/15 272/20/15 286/14/15
f 285/12/15 279/7/15 286/14/15
f 283/7/15 279/7/15 285/12/15
f 284/10/15 283/7/15 285/12/15
f 282/9/15 283/7/15 284/10/15
f 269/20/8 273/22/10 268/19/8
f 271/21/10 268/19/8 273/22/10
f 278/7/13 279/7/13 280/23/14
f 281/25/14 280/23/14 279/7/13
f 281/25/14 277/26/12 280/23/14
f 275/24/12 280/23/14 277/26/12
f 266/7/7 274/23/11 267/7/7
f 276/25/11 267/7/7 274/23/11
f 272/20/9 279/7/13 270/19/9
f 278/7/13 270/19/9 279/7/13
f 277/26/12 276/25/11 275/24/12
f 274/23/11 275/24/12 276/25/11
f 273/22/10 272/20/9 271/21/10
f 270/19/9 271/21/10 272/20/9
f 269/20/8 268/19/8 267/7/7
f 266/7/7 267/7/7 268/19/8
f 265/7/6 263/9/6 264/8/6
f 264/8/6 263/9/6 262/11/6
f 263/9/6 261/10/6 262/11/6
f 262/11/6 261/10/6 260/13/6
f 261/10/6 259/12/6 260/13/6
f 260/13/6 259/12/6 258/15/6
f 259/12/6 257/14/6 258/15/6
f 258/15/6 257/14/6 256/17/6
f 257/14/6 255/16/6 256/17/6
f 256/17/6 255/16/6 254/18/6
f 255/16/6 253/3/6 254/18/6
f 254/18/6 253/3/6 252/17/6
f 253/3/6 251/16/6 252/17/6
f 252/17/6 251/16/6 250/15/6
f 251/16/6 249/14/6 250/15/6
f 250/15/6 249/14/6 248/13/6
f 249/14/6 247/12/6 248/13/6
f 248/13/6 247/12/6 246/11/6
f 247/12/6 245/10/6 246/11/6
f 246/11/6 245/10/6 243/8/6
f 245/10/6 244/9/6 243/8/6
f 242/7/6 243/8/6 244/9/6
f 349/42/68 322/42/108 331/45/40
f 307/45/91 331/45/40 322/42/108
f 255/48/57 342/49/58 253/50/88
f 327/3/87 253/50/88 342/49/58
f 321/41/106 322/42/108 350/41/70
f 349/42/68 350/41/70 322/42/108
f 319/38/27 337/38/51 318/37/26
f 329/37/37 318/37/26 337/38/51
f 244/44/39 330/43/38 242/47/83
f 353/47/82 242/47/83 330/43/38
f 347/31/66 256/32/72 348/33/67
f 254/34/89 348/33/67 256/32/72
f 315/41/105 314/49/103 324/41/32
f 342/49/58 324/41/32 314/49/103
f 346/43/78 351/45/74 263/44/77
f 261/46/73 263/44/77 351/45/74
f 251/48/86 326/49/85 249/39/71
f 350/41/70 249/39/71 326/49/85
f 313/45/101 351/45/74 333/43/111
f 346/43/78 333/43/111 351/45/74
f 248/28/75 246/35/64 341/27/56
f 345/37/62 341/27/56 246/35/64
f 254/34/89 252/32/81 348/33/67
f 335/31/48 348/33/67 252/32/81
f 253/50/88 327/3/87 251/48/86
f 326/49/85 251/48/86 327/3/87
f 352/29/80 320/27/29 343/29/60
f 328/27/35 343/29/60 320/27/29
f 310/49/94 321/41/106 326/49/85
f 350/41/70 326/49/85 321/41/106
f 345/37/62 340/37/54 341/27/56
f 308/27/16 341/27/56 340/37/54
f 334/31/46 352/29/80 347/31/66
f 343/29/60 347/31/66 352/29/80
f 339/47/53 319/38/27 283/47/84
f 305/36/25 283/47/84 319/38/27
f 344/38/61 332/38/44 345/37/62
f 340/37/54 345/37/62 332/38/44
f 247/40/69 349/42/68 245/46/41
f 331/45/40 245/46/41 349/42/68
f 330/43/38 306/43/90 353/47/82
f 323/47/42 353/47/82 306/43/90
f 243/36/63 242/47/83 344/38/61
f 353/47/82 344/38/61 242/47/83
f 320/27/29 352/29/80 303/28/28
f 302/30/79 303/28/28 352/29/80
f 353/47/82 323/47/42 344/38/61
f 332/38/44 344/38/61 323/47/42
f 312/42/99 315/41/105 325/42/33
f 324/41/32 325/42/33 315/41/105
f 252/32/81 250/30/76 335/31/48
f 336/29/49 335/31/48 250/30/76
f 331/45/40 307/45/91 330/43/38
f 306/43/90 330/43/38 307/45/91
f 339/47/53 283/47/84 333/43/111
f 282/44/110 333/43/111 283/47/84
f 296/35/55 340/37/54 295/36/45
f 332/38/44 295/36/45 340/37/54
f 314/49/103 287/48/102 311/3/95
f 288/50/97 311/3/95 287/48/102
f 314/49/103 311/3/95 342/49/58
f 327/3/87 342/49/58 311/3/95
f 352/29/80 334/31/46 302/30/79
f 301/32/47 302/30/79 334/31/46
f 338/47/52 346/43/78 265/47/65
f 263/44/77 265/47/65 346/43/78
f 312/42/99 325/42/33 313/45/101
f 351/45/74 313/45/101 325/42/33
f 318/37/26 329/37/37 320/27/29
f 328/27/35 320/27/29 329/37/37
f 316/31/20 317/33/22 335/31/48
f 348/33/67 335/31/48 317/33/22
f 250/30/76 248/28/75 336/29/49
f 341/27/56 336/29/49 248/28/75
f 351/45/74 325/42/33 261/46/73
f 259/40/31 261/46/73 325/42/33
f 343/29/60 258/30/59 347/31/66
f 256/32/72 347/31/66 258/30/59
f 249/39/71 350/41/70 247/40/69
f 349/42/68 247/40/69 350/41/70
f 317/33/22 334/31/46 348/33/67
f 347/31/66 348/33/67 334/31/46
f 333/43/111 346/43/78 339/47/53
f 338/47/52 339/47/53 346/43/78
f 338/47/52 265/47/65 337/38/51
f 264/36/50 337/38/51 265/47/65
f 246/35/64 243/36/63 345/37/62
f 344/38/61 345/37/62 243/36/63
f 328/27/35 260/28/34 343/29/60
f 258/30/59 343/29/60 260/28/34
f 324/41/32 342/49/58 257/39/30
f 255/48/57 257/39/30 342/49/58
f 308/27/16 309/29/18 341/27/56
f 336/29/49 341/27/56 309/29/18
f 297/28/17 308/27/16 296/35/55
f 340/37/54 296/35/55 308/27/16
f 339/47/53 338/47/52 319/38/27
f 337/38/51 319/38/27 338/47/52
f 337/38/51 264/36/50 329/37/37
f 262/35/36 329/37/37 264/36/50
f 299/32/21 316/31/20 298/30/19
f 309/29/18 298/30/19 316/31/20
f 312/42/99 285/40/98 315/41/105
f 286/39/104 315/41/105 285/40/98
f 309/29/18 316/31/20 336/29/49
f 335/31/48 336/29/49 316/31/20
f 301/32/47 334/31/46 300/34/23
f 317/33/22 300/34/23 334/31/46
f 333/43/111 282/44/110 313/45/101
f 284/46/100 313/45/101 282/44/110
f 295/36/45 332/38/44 294/47/43
f 323/47/42 294/47/43 332/38/44
f 245/46/41 331/45/40 244/44/39
f 330/43/38 244/44/39 331/45/40
f 329/37/37 262/35/36 328/27/35
f 260/28/34 328/27/35 262/35/36
f 311/3/95 310/49/94 327/3/87
f 326/49/85 327/3/87 310/49/94
f 325/42/33 324/41/32 259/40/31
f 257/39/30 259/40/31 324/41/32
f 293/44/92 294/47/43 306/43/90
f 323/47/42 306/43/90 294/47/43
f 290/39/107 291/40/109 321/41/106
f 322/42/108 321/41/106 291/40/109
f 291/40/109 292/46/93 322/42/108
f 307/45/91 322/42/108 292/46/93
f 289/48/96 290/39/107 310/49/94
f 321/41/106 310/49/94 290/39/107
f 318/37/26 320/27/29 304/35/24
f 303/28/28 304/35/24 320/27/29
f 319/38/27 318/37/26 305/36/25
f 304/35/24 305/36/25 318/37/26
f 300/34/23 317/33/22 299/32/21
f 316/31/20 299/32/21 317/33/22
f 315/41/105 286/39/104 314/49/103
f 287/48/102 314/49/103 286/39/104
f 313/45/101 284/46/100 312/42/99
f 285/40/98 312/42/99 284/46/100
f 288/50/97 289/48/96 311/3/95
f 310/49/94 311/3/95 289/48/96
f 298/30/19 309/29/18 297/28/17
f 308/27/16 297/28/17 309/29/18
f 292/46/93 293/44/92 307/45/91
f 306/43/90 307/45/91 293/44/92
f 356/9/112 355/8/112 354/7/112
f 355/8/112 356/9/112 357/10/112
f 355/8/112 357/10/112 358/11/112
f 358/11/112 357/10/112 359/12/112
f 358/11/112 359/12/112 360/13/112
f 360/13/112 359/12/112 361/14/112
f 360/13/112 361/14/112 362/15/112
f 362/15/112 361/14/112 363/16/112
f 362/15/112 363/16/112 364/17/112
f 364/17/112 363/16/112 365/3/112
f 364/17/112 365/3/112 366/18/112
f 366/18/112 365/3/112 367/16/112
f 366/18/112 367/16/112 368/17/112
f 368/17/112 367/16/112 369/14/112
f 368/17/112 369/14/112 370/15/112
f 370/15/112 369/14/112 371/12/112
f 370/15/112 371/12/112 372/13/112
f 372/13/112 371/12/112 373/10/112
f 372/13/112 373/10/112 374/11/112
f 374/11/112 373/10/112 375/9/112
f 374/11/112 375/9/112 376/8/112
f 376/8/112 375/9/112 377/7/112
f 380/19/114 379/7/113 378/7/113
f 379/7/113 380/19/114 381/20/114
f 384/20/115 383/21/116 382/19/115
f 383/21/116 384/20/115 385/22/116
f 388/23/118 387/26/117 386/24/117
f 387/26/117 388/23/118 389/25/118
f 391/7/119 382/19/115 390/7/119
f 382/19/115 391/7/119 384/20/115
f 388/23/118 379/7/113 389/25/118
f 379/7/113 388/23/118 378/7/113
f 387/26/117 392/23/120 386/24/117
f 392/23/120 387/26/117 393/25/120
f 391/7/119 392/23/120 393/25/120
f 392/23/120 391/7/119 390/7/119
f 385/22/116 380/19/114 383/21/116
f 380/19/114 385/22/116 381/20/114
f 396/10/121 395/7/121 394/9/121
f 397/12/121 395/7/121 396/10/121
f 397/12/121 391/7/121 395/7/121
f 398/14/121 391/7/121 397/12/121
f 398/14/121 384/20/121 391/7/121
f 399/16/121 384/20/121 398/14/121
f 400/3/121 384/20/121 399/16/121
f 384/20/121 400/3/121 385/22/121
f 401/16/121 385/22/121 400/3/121
f 401/16/121 381/20/121 385/22/121
f 402/14/121 381/20/121 401/16/121
f 402/14/121 379/7/121 381/20/121
f 403/12/121 379/7/121 402/14/121
f 404/10/121 379/7/121 403/12/121
f 405/9/121 379/7/121 404/10/121
f 379/7/121 405/9/121 406/7/121
f 407/8/121 379/7/121 406/7/121
f 379/7/121 407/8/121 408/11/121
f 379/7/121 408/11/121 409/13/121
f 379/7/121 409/13/121 410/15/121
f 379/7/121 410/15/121 389/25/121
f 389/25/121 410/15/121 411/17/121
f 389/25/121 411/17/121 387/26/121
f 387/26/121 411/17/121 412/18/121
f 412/18/121 393/25/121 387/26/121
f 393/25/121 412/18/121 413/17/121
f 393/25/121 413/17/121 414/15/121
f 393/25/121 414/15/121 391/7/121
f 391/7/121 414/15/121 415/13/121
f 391/7/121 415/13/121 395/7/121
f 395/7/121 415/13/121 416/11/121
f 395/7/121 416/11/121 417/8/121
f 405/44/39 419/45/40 418/43/38
f 419/45/40 405/44/39 404/46/41
f 421/29/49 409/28/75 420/27/56
f 409/28/75 421/29/49 410/30/76
f 401/48/86 423/3/122 422/49/85
f 423/3/122 401/48/86 400/50/123
f 396/46/73 424/42/33 397/40/31
f 424/42/33 396/46/73 425/45/74
f 398/39/30 426/49/58 399/48/57
f 426/49/58 398/39/30 427/41/32
f 429/33/124 411/32/81 428/31/48
f 411/32/81 429/33/124 412/34/125
f 430/37/37 417/36/50 416/35/36
f 417/36/50 430/37/37 431/38/51
f 432/27/35 416/35/36 415/28/34
f 416/35/36 432/27/35 430/37/37
f 402/39/71 422/49/85 433/41/70
f 422/49/85 402/39/71 401/48/86
f 404/46/41 434/42/68 419/45/40
f 434/42/68 404/46/41 403/40/69
f 403/40/69 433/41/70 434/42/68
f 433/41/70 403/40/69 402/39/71
f 406/47/83 418/43/38 435/47/82
f 418/43/38 406/47/83 405/44/39
f 436/41/105 371/40/98 369/39/104
f 371/40/98 436/41/105 437/42/99
f 422/49/85 439/3/126 438/49/94
f 439/3/126 422/49/85 423/3/122
f 374/35/24 440/27/29 372/28/28
f 440/27/29 374/35/24 441/37/26
f 443/45/91 356/44/92 442/43/90
f 356/44/92 443/45/91 357/46/93
f 444/38/61 406/47/83 435/47/82
f 406/47/83 444/38/61 407/36/63
f 394/44/77 425/45/74 396/46/73
f 425/45/74 394/44/77 445/43/78
f 446/31/66 412/34/125 429/33/124
f 412/34/125 446/31/66 413/32/72
f 428/31/48 448/29/18 447/31/20
f 448/29/18 428/31/48 421/29/49
f 397/40/31 427/41/32 398/39/30
f 427/41/32 397/40/31 424/42/33
f 428/31/48 410/30/76 421/29/49
f 410/30/76 428/31/48 411/32/81
f 376/36/25 441/37/26 374/35/24
f 441/37/26 376/36/25 449/38/27
f 450/47/53 431/38/51 449/38/27
f 431/38/51 450/47/53 451/47/52
f 420/27/56 408/35/64 452/37/62
f 408/35/64 420/27/56 409/28/75
f 421/29/49 453/27/16 448/29/18
f 453/27/16 421/29/49 420/27/56
f 454/49/103 369/39/104 367/48/102
f 369/39/104 454/49/103 436/41/105
f 372/28/28 455/29/80 370/30/79
f 455/29/80 372/28/28 440/27/29
f 355/36/45 457/37/54 456/38/44
f 457/37/54 355/36/45 358/35/55
f 377/47/84 449/38/27 376/36/25
f 449/38/27 377/47/84 450/47/53
f 458/43/111 451/47/52 450/47/53
f 451/47/52 458/43/111 445/43/78
f 446/31/66 460/33/127 459/31/46
f 460/33/127 446/31/66 429/33/124
f 462/41/106 359/40/109 461/42/108
f 359/40/109 462/41/106 361/39/107
f 370/30/79 459/31/46 368/32/47
f 459/31/46 370/30/79 455/29/80
f 437/42/99 373/46/100 371/40/98
f 373/46/100 437/42/99 463/45/101
f 360/28/17 448/29/18 453/27/16
f 448/29/18 360/28/17 362/30/19
f 429/33/124 447/31/20 460/33/127
f 447/31/20 429/33/124 428/31/48
f 441/37/26 432/27/35 440/27/29
f 432/27/35 441/37/26 430/37/37
f 437/42/99 425/45/74 463/45/101
f 425/45/74 437/42/99 424/42/33
f 458/43/111 377/47/84 375/44/110
f 377/47/84 458/43/111 450/47/53
f 446/31/66 414/30/59 413/32/72
f 414/30/59 446/31/66 464/29/60
f 423/3/122 454/49/103 439/3/126
f 454/49/103 423/3/122 426/49/58
f 399/48/57 423/3/122 400/50/123
f 423/3/122 399/48/57 426/49/58
f 452/37/62 407/36/63 444/38/61
f 407/36/63 452/37/62 408/35/64
f 395/47/65 445/43/78 394/44/77
f 445/43/78 395/47/65 451/47/52
f 419/45/40 442/43/90 418/43/38
f 442/43/90 419/45/40 443/45/91
f 362/30/19 447/31/20 448/29/18
f 447/31/20 362/30/19 364/32/21
f 427/41/32 437/42/99 436/41/105
f 437/42/99 427/41/32 424/42/33
f 435/47/82 456/38/44 444/38/61
f 456/38/44 435/47/82 465/47/42
f 464/29/60 415/28/34 414/30/59
f 415/28/34 464/29/60 432/27/35
f 354/47/43 456/38/44 465/47/42
f 456/38/44 354/47/43 355/36/45
f 418/43/38 465/47/42 435/47/82
f 465/47/42 418/43/38 442/43/90
f 461/42/108 357/46/93 443/45/91
f 357/46/93 461/42/108 359/40/109
f 444/38/61 457/37/54 452/37/62
f 457/37/54 444/38/61 456/38/44
f 431/38/51 395/47/65 417/36/50
f 395/47/65 431/38/51 451/47/52
f 464/29/60 459/31/46 455/29/80
f 459/31/46 464/29/60 446/31/66
f 452/37/62 453/27/16 420/27/56
f 453/27/16 452/37/62 457/37/54
f 433/41/70 438/49/94 462/41/106
f 438/49/94 433/41/70 422/49/85
f 432/27/35 455/29/80 440/27/29
f 455/29/80 432/27/35 464/29/60
f 439/3/126 363/48/96 438/49/94
f 363/48/96 439/3/126 365/50/128
f 364/32/21 460/33/127 447/31/20
f 460/33/127 364/32/21 366/34/129
f 358/35/55 453/27/16 457/37/54
f 453/27/16 358/35/55 360/28/17
f 463/45/101 445/43/78 458/43/111
f 445/43/78 463/45/101 425/45/74
f 438/49/94 361/39/107 462/41/106
f 361/39/107 438/49/94 363/48/96
f 463/45/101 375/44/110 373/46/100
f 375/44/110 463/45/101 458/43/111
f 426/49/58 436/41/105 454/49/103
f 436/41/105 426/49/58 427/41/32
f 368/32/47 460/33/127 366/34/129
f 460/33/127 368/32/47 459/31/46
f 442/43/90 354/47/43 465/47/42
f 354/47/43 442/43/90 356/44/92
f 449/38/27 430/37/37 441/37/26
f 430/37/37 449/38/27 431/38/51
f 434/42/68 462/41/106 461/42/108
f 462/41/106 434/42/68 433/41/70
f 454/49/103 365/50/128 439/3/126
f 365/50/128 454/49/103 367/48/102
f 434/42/68 443/45/91 419/45/40
f 443/45/91 434/42/68 461/42/108
f 468/9/112 467/8/112 466/7/112
f 467/8/112 468/9/112 469/10/112
f 467/8/112 469/10/112 470/11/112
f 470/11/112 469/10/112 471/12/112
f 470/11/112 471/12/112 472/13/112
f 472/13/112 471/12/112 473/14/112
f 472/13/112 473/14/112 474/15/112
f 474/15/112 473/14/112 475/16/112
f 474/15/112 475/16/112 476/17/112
f 476/17/112 475/16/112 477/3/112
f 476/17/112 477/3/112 478/18/112
f 478/18/112 477/3/112 479/16/112
f 478/18/112 479/16/112 480/17/112
f 480/17/112 479/16/112 481/14/112
f 480/17/112 481/14/112 482/15/112
f 482/15/112 481/14/112 483/12/112
f 482/15/112 483/12/112 484/13/112
f 484/13/112 483/12/112 485/10/112
f 484/13/112 485/10/112 486/11/112
f 486/11/112 485/10/112 487/9/112
f 486/11/112 487/9/112 488/8/112
f 488/8/112 487/9/112 489/7/112
f 492/19/114 491/7/113 490/7/113
f 491/7/113 492/19/114 493/20/114
f 496/20/115 495/21/116 494/19/115
f 495/21/116 496/20/115 497/22/116
f 500/25/118 499/24/117 498/23/118
f 499/24/117 500/25/118 501/26/117
f 503/7/119 494/19/115 502/7/119
f 494/19/115 503/7/119 496/20/115
f 498/23/118 491/7/113 500/25/118
f 491/7/113 498/23/118 490/7/113
f 499/24/117 505/25/120 504/23/120
f 505/25/120 499/24/117 501/26/117
f 503/7/119 504/23/120 505/25/120
f 504/23/120 503/7/119 502/7/119
f 497/22/116 492/19/114 495/21/116
f 492/19/114 497/22/116 493/20/114
f 508/10/121 507/7/121 506/9/121
f 509/12/121 507/7/121 508/10/121
f 509/12/121 503/7/121 507/7/121
f 510/14/121 503/7/121 509/12/121
f 510/14/121 496/20/121 503/7/121
f 511/16/121 496/20/121 510/14/121
f 512/3/121 496/20/121 511/16/121
f 496/20/121 512/3/121 497/22/121
f 513/16/121 497/22/121 512/3/121
f 513/16/121 493/20/121 497/22/121
f 514/14/121 493/20/121 513/16/121
f 514/14/121 491/7/121 493/20/121
f 515/12/121 491/7/121 514/14/121
f 516/10/121 491/7/121 515/12/121
f 517/9/121 491/7/121 516/10/121
f 491/7/121 517/9/121 518/7/121
f 519/8/121 491/7/121 518/7/121
f 491/7/121 519/8/121 520/11/121
f 491/7/121 520/11/121 521/13/121
f 491/7/121 521/13/121 522/15/121
f 491/7/121 522/15/121 500/25/121
f 500/25/121 522/15/121 523/17/121
f 500/25/121 523/17/121 501/26/121
f 501/26/121 523/17/121 524/18/121
f 524/18/121 505/25/121 501/26/121
f 505/25/121 524/18/121 525/17/121
f 505/25/121 525/17/121 526/15/121
f 505/25/121 526/15/121 503/7/121
f 503/7/121 526/15/121 527/13/121
f 503/7/121 527/13/121 507/7/121
f 507/7/121 527/13/121 528/11/121
f 507/7/121 528/11/121 529/8/121
f 517/44/39 531/45/40 530/43/38
f 531/45/40 517/44/39 516/46/41
f 533/29/49 521/28/75 532/27/56
f 521/28/75 533/29/49 522/30/76
f 513/48/86 535/3/122 534/49/85
f 535/3/122 513/48/86 512/50/123
f 508/46/73 536/42/33 509/40/31
f 536/42/33 508/46/73 537/45/74
f 510/39/30 538/49/58 511/48/57
f 538/49/58 510/39/30 539/41/32
f 541/33/124 523/32/81 540/31/48
f 523/32/81 541/33/124 524/34/125
f 542/37/37 529/36/50 528/35/36
f 529/36/50 542/37/37 543/38/51
f 544/27/35 528/35/36 527/28/34
f 528/35/36 544/27/35 542/37/37
f 514/39/71 534/49/85 545/41/70
f 534/49/85 514/39/71 513/48/86
f 516/46/41 546/42/68 531/45/40
f 546/42/68 516/46/41 515/40/69
f 515/40/69 545/41/70 546/42/68
f 545/41/70 515/40/69 514/39/71
f 518/47/83 530/43/38 547/47/82
f 530/43/38 518/47/83 517/44/39
f 548/41/105 483/40/98 481/39/104
f 483/40/98 548/41/105 549/42/99
f 534/49/85 551/3/126 550/49/94
f 551/3/126 534/49/85 535/3/122
f 486/35/24 552/27/29 484/28/28
f 552/27/29 486/35/24 553/37/26
f 555/45/91 468/44/92 554/43/90
f 468/44/92 555/45/91 469/46/93
f 556/38/61 518/47/83 547/47/82
f 518/47/83 556/38/61 519/36/63
f 506/44/77 537/45/74 508/46/73
f 537/45/74 506/44/77 557/43/78
f 558/31/66 524/34/125 541/33/124
f 524/34/125 558/31/66 525/32/72
f 540/31/48 560/29/18 559/31/20
f 560/29/18 540/31/48 533/29/49
f 509/40/31 539/41/32 510/39/30
f 539/41/32 509/40/31 536/42/33
f 540/31/48 522/30/76 533/29/49
f 522/30/76 540/31/48 523/32/81
f 488/36/25 553/37/26 486/35/24
f 553/37/26 488/36/25 561/38/27
f 562/47/53 543/38/51 561/38/27
f 543/38/51 562/47/53 563/47/52
f 532/27/56 520/35/64 564/37/62
f 520/35/64 532/27/56 521/28/75
f 533/29/49 565/27/16 560/29/18
f 565/27/16 533/29/49 532/27/56
f 566/49/103 481/39/104 479/48/102
f 481/39/104 566/49/103 548/41/105
f 484/28/28 567/29/80 482/30/79
f 567/29/80 484/28/28 552/27/29
f 467/36/45 569/37/54 568/38/44
f 569/37/54 467/36/45 470/35/55
f 489/47/84 561/38/27 488/36/25
f 561/38/27 489/47/84 562/47/53
f 570/43/111 563/47/52 562/47/53
f 563/47/52 570/43/111 557/43/78
f 558/31/66 572/33/127 571/31/46
f 572/33/127 558/31/66 541/33/124
f 574/41/106 471/40/109 573/42/108
f 471/40/109 574/41/106 473/39/107
f 482/30/79 571/31/46 480/32/47
f 571/31/46 482/30/79 567/29/80
f 549/42/99 485/46/100 483/40/98
f 485/46/100 549/42/99 575/45/101
f 472/28/17 560/29/18 565/27/16
f 560/29/18 472/28/17 474/30/19
f 541/33/124 559/31/20 572/33/127
f 559/31/20 541/33/124 540/31/48
f 553/37/26 544/27/35 552/27/29
f 544/27/35 553/37/26 542/37/37
f 549/42/99 537/45/74 575/45/101
f 537/45/74 549/42/99 536/42/33
f 570/43/111 489/47/84 487/44/110
f 489/47/84 570/43/111 562/47/53
f 558/31/66 526/30/59 525/32/72
f 526/30/59 558/31/66 576/29/60
f 535/3/122 566/49/103 551/3/126
f 566/49/103 535/3/122 538/49/58
f 511/48/57 535/3/122 512/50/123
f 535/3/122 511/48/57 538/49/58
f 564/37/62 519/36/63 556/38/61
f 519/36/63 564/37/62 520/35/64
f 507/47/65 557/43/78 506/44/77
f 557/43/78 507/47/65 563/47/52
f 531/45/40 554/43/90 530/43/38
f 554/43/90 531/45/40 555/45/91
f 474/30/19 559/31/20 560/29/18
f 559/31/20 474/30/19 476/32/21
f 539/41/32 549/42/99 548/41/105
f 549/42/99 539/41/32 536/42/33
f 547/47/82 568/38/44 556/38/61
f 568/38/44 547/47/82 577/47/42
f 576/29/60 527/28/34 526/30/59
f 527/28/34 576/29/60 544/27/35
f 466/47/43 568/38/44 577/47/42
f 568/38/44 466/47/43 467/36/45
f 530/43/38 577/47/42 547/47/82
f 577/47/42 530/43/38 554/43/90
f 573/42/108 469/46/93 555/45/91
f 469/46/93 573/42/108 471/40/109
f 556/38/61 569/37/54 564/37/62
f 569/37/54 556/38/61 568/38/44
f 543/38/51 507/47/65 529/36/50
f 507/47/65 543/38/51 563/47/52
f 576/29/60 571/31/46 567/29/80
f 571/31/46 576/29/60 558/31/66
f 564/37/62 565/27/16 532/27/56
f 565/27/16 564/37/62 569/37/54
f 545/41/70 550/49/94 574/41/106
f 550/49/94 545/41/70 534/49/85
f 544/27/35 567/29/80 552/27/29
f 567/29/80 544/27/35 576/29/60
f 551/3/126 475/48/96 550/49/94
f 475/48/96 551/3/126 477/50/128
f 476/32/21 572/33/127 559/31/20
f 572/33/127 476/32/21 478/34/129
f 470/35/55 565/27/16 569/37/54
f 565/27/16 470/35/55 472/28/17
f 575/45/101 557/43/78 570/43/111
f 557/43/78 575/45/101 537/45/74
f 550/49/94 473/39/107 574/41/106
f 473/39/107 550/49/94 475/48/96
f 575/45/101 487/44/110 485/46/100
f 487/44/110 575/45/101 570/43/111
f 538/49/58 548/41/105 566/49/103
f 548/41/105 538/49/58 539/41/32
f 480/32/47 572/33/127 478/34/129
f 572/33/127 480/32/47 571/31/46
f 554/43/90 466/47/43 577/47/42
f 466/47/43 554/43/90 468/44/92
f 561/38/27 542/37/37 553/37/26
f 542/37/37 561/38/27 543/38/51
f 546/42/68 574/41/106 573/42/108
f 574/41/106 546/42/68 545/41/70
f 566/49/103 477/50/128 551/3/126
f 477/50/128 566/49/103 479/48/102
f 546/42/68 555/45/91 531/45/40
f 555/45/91 546/42/68 573/42/108
f 641/8/15 640/11/15 619/7/15
f 640/11/15 639/13/15 619/7/15
f 619/7/15 639/13/15 615/7/15
f 639/13/15 638/15/15 615/7/15
f 615/7/15 638/15/15 617/25/15
f 638/15/15 637/17/15 617/25/15
f 637/17/15 636/18/15 617/25/15
f 613/26/15 617/25/15 636/18/15
f 636/18/15 635/17/15 613/26/15
f 613/26/15 635/17/15 612/25/15
f 635/17/15 634/15/15 612/25/15
f 612/25/15 634/15/15 603/7/15
f 634/15/15 633/13/15 603/7/15
f 633/13/15 632/11/15 603/7/15
f 632/11/15 631/8/15 603/7/15
f 630/7/15 603/7/15 631/8/15
f 630/7/15 629/9/15 603/7/15
f 628/10/15 603/7/15 629/9/15
f 627/12/15 603/7/15 628/10/15
f 626/14/15 603/7/15 627/12/15
f 605/20/15 603/7/15 626/14/15
f 625/16/15 605/20/15 626/14/15
f 609/22/15 605/20/15 625/16/15
f 624/3/15 609/22/15 625/16/15
f 609/22/15 624/3/15 608/20/15
f 623/16/15 608/20/15 624/3/15
f 622/14/15 608/20/15 623/16/15
f 615/7/15 608/20/15 622/14/15
f 621/12/15 615/7/15 622/14/15
f 619/7/15 615/7/15 621/12/15
f 620/10/15 619/7/15 621/12/15
f 618/9/15 619/7/15 620/10/15
f 605/20/8 609/22/10 604/19/8
f 607/21/10 604/19/8 609/22/10
f 614/7/13 615/7/13 616/23/14
f 617/25/14 616/23/14 615/7/13
f 617/25/14 613/26/12 616/23/14
f 611/24/12 616/23/14 613/26/12
f 602/7/7 610/23/11 603/7/7
f 612/25/11 603/7/7 610/23/11
f 608/20/9 615/7/13 606/19/9
f 614/7/13 606/19/9 615/7/13
f 613/26/12 612/25/11 611/24/12
f 610/23/11 611/24/12 612/25/11
f 609/22/10 608/20/9 607/21/10
f 606/19/9 607/21/10 608/20/9
f 605/20/8 604/19/8 603/7/7
f 602/7/7 603/7/7 604/19/8
f 601/7/6 599/9/6 600/8/6
f 600/8/6 599/9/6 598/11/6
f 599/9/6 597/10/6 598/11/6
f 598/11/6 597/10/6 596/13/6
f 597/10/6 595/12/6 596/13/6
f 596/13/6 595/12/6 594/15/6
f 595/12/6 593/14/6 594/15/6
f 594/15/6 593/14/6 592/17/6
f 593/14/6 591/16/6 592/17/6
f 592/17/6 591/16/6 590/18/6
f 591/16/6 589/3/6 590/18/6
f 590/18/6 589/3/6 588/17/6
f 589/3/6 587/16/6 588/17/6
f 588/17/6 587/16/6 586/15/6
f 587/16/6 585/14/6 586/15/6
f 586/15/6 585/14/6 584/13/6
f 585/14/6 583/12/6 584/13/6
f 584/13/6 583/12/6 582/11/6
f 583/12/6 581/10/6 582/11/6
f 582/11/6 581/10/6 579/8/6
f 581/10/6 580/9/6 579/8/6
f 578/7/6 579/8/6 580/9/6
f 685/42/68 658/42/108 667/45/40
f 643/45/91 667/45/40 658/42/108
f 591/48/57 678/49/58 589/50/88
f 663/3/87 589/50/88 678/49/58
f 657/41/106 658/42/108 686/41/70
f 685/42/68 686/41/70 658/42/108
f 655/38/27 673/38/51 654/37/26
f 665/37/37 654/37/26 673/38/51
f 580/44/39 666/43/38 578/47/83
f 689/47/82 578/47/83 666/43/38
f 683/31/66 592/32/72 684/33/67
f 590/34/89 684/33/67 592/32/72
f 651/41/105 650/49/103 660/41/32
f 678/49/58 660/41/32 650/49/103
f 682/43/78 687/45/74 599/44/77
f 597/46/73 599/44/77 687/45/74
f 587/48/86 662/49/85 585/39/71
f 686/41/70 585/39/71 662/49/85
f 649/45/101 687/45/74 669/43/111
f 682/43/78 669/43/111 687/45/74
f 584/28/75 582/35/64 677/27/56
f 681/37/62 677/27/56 582/35/64
f 590/34/89 588/32/81 684/33/67
f 671/31/48 684/33/67 588/32/81
f 589/50/88 663/3/87 587/48/86
f 662/49/85 587/48/86 663/3/87
f 688/29/80 656/27/29 679/29/60
f 664/27/35 679/29/60 656/27/29
f 646/49/94 657/41/106 662/49/85
f 686/41/70 662/49/85 657/41/106
f 681/37/62 676/37/54 677/27/56
f 644/27/16 677/27/56 676/37/54
f 670/31/46 688/29/80 683/31/66
f 679/29/60 683/31/66 688/29/80
f 675/47/53 655/38/27 619/47/84
f 641/36/25 619/47/84 655/38/27
f 680/38/61 668/38/44 681/37/62
f 676/37/54 681/37/62 668/38/44
f 583/40/69 685/42/68 581/46/41
f 667/45/40 581/46/41 685/42/68
f 666/43/38 642/43/90 689/47/82
f 659/47/42 689/47/82 642/43/90
f 579/36/63 578/47/83 680/38/61
f 689/47/82 680/38/61 578/47/83
f 656/27/29 688/29/80 639/28/28
f 638/30/79 639/28/28 688/29/80
f 689/47/82 659/47/42 680/38/61
f 668/38/44 680/38/61 659/47/42
f 648/42/99 651/41/105 661/42/33
f 660/41/32 661/42/33 651/41/105
f 588/32/81 586/30/76 671/31/48
f 672/29/49 671/31/48 586/30/76
f 667/45/40 643/45/91 666/43/38
f 642/43/90 666/43/38 643/45/91
f 675/47/53 619/47/84 669/43/111
f 618/44/110 669/43/111 619/47/84
f 632/35/55 676/37/54 631/36/45
f 668/38/44 631/36/45 676/37/54
f 650/49/103 623/48/102 647/3/95
f 624/50/97 647/3/95 623/48/102
f 650/49/103 647/3/95 678/49/58
f 663/3/87 678/49/58 647/3/95
f 688/29/80 670/31/46 638/30/79
f 637/32/47 638/30/79 670/31/46
f 674/47/52 682/43/78 601/47/65
f 599/44/77 601/47/65 682/43/78
f 648/42/99 661/42/33 649/45/101
f 687/45/74 649/45/101 661/42/33
f 654/37/26 665/37/37 656/27/29
f 664/27/35 656/27/29 665/37/37
f 652/31/20 653/33/22 671/31/48
f 684/33/67 671/31/48 653/33/22
f 586/30/76 584/28/75 672/29/49
f 677/27/56 672/29/49 584/28/75
f 687/45/74 661/42/33 597/46/73
f 595/40/31 597/46/73 661/42/33
f 679/29/60 594/30/59 683/31/66
f 592/32/72 683/31/66 594/30/59
f 585/39/71 686/41/70 583/40/69
f 685/42/68 583/40/69 686/41/70
f 653/33/22 670/31/46 684/33/67
f 683/31/66 684/33/67 670/31/46
f 669/43/111 682/43/78 675/47/53
f 674/47/52 675/47/53 682/43/78
f 674/47/52 601/47/65 673/38/51
f 600/36/50 673/38/51 601/47/65
f 582/35/64 579/36/63 681/37/62
f 680/38/61 681/37/62 579/36/63
f 664/27/35 596/28/34 679/29/60
f 594/30/59 679/29/60 596/28/34
f 660/41/32 678/49/58 593/39/30
f 591/48/57 593/39/30 678/49/58
f 644/27/16 645/29/18 677/27/56
f 672/29/49 677/27/56 645/29/18
f 633/28/17 644/27/16 632/35/55
f 676/37/54 632/35/55 644/27/16
f 675/47/53 674/47/52 655/38/27
f 673/38/51 655/38/27 674/47/52
f 673/38/51 600/36/50 665/37/37
f 598/35/36 665/37/37 600/36/50
f 635/32/21 652/31/20 634/30/19
f 645/29/18 634/30/19 652/31/20
f 648/42/99 621/40/98 651/41/105
f 622/39/104 651/41/105 621/40/98
f 645/29/18 652/31/20 672/29/49
f 671/31/48 672/29/49 652/31/20
f 637/32/47 670/31/46 636/34/23
f 653/33/22 636/34/23 670/31/46
f 669/43/111 618/44/110 649/45/101
f 620/46/100 649/45/101 618/44/110
f 631/36/45 668/38/44 630/47/43
f 659/47/42 630/47/43 668/38/44
f 581/46/41 667/45/40 580/44/39
f 666/43/38 580/44/39 667/45/40
f 665/37/37 598/35/36 664/27/35
f 596/28/34 664/27/35 598/35/36
f 647/3/95 646/49/94 663/3/87
f 662/49/85 663/3/87 646/49/94
f 661/42/33 660/41/32 595/40/31
f 593/39/30 595/40/31 660/41/32
f 629/44/92 630/47/43 642/43/90
f 659/47/42 642/43/90 630/47/43
f 626/39/107 627/40/109 657/41/106
f 658/42/108 657/41/106 627/40/109
f 627/40/109 628/46/93 658/42/108
f 643/45/91 658/42/108 628/46/93
f 625/48/96 626/39/107 646/49/94
f 657/41/106 646/49/94 626/39/107
f 654/37/26 656/27/29 640/35/24
f 639/28/28 640/35/24 656/27/29
f 655/38/27 654/37/26 641/36/25
f 640/35/24 641/36/25 654/37/26
f 636/34/23 653/33/22 635/32/21
f 652/31/20 635/32/21 653/33/22
f 651/41/105 622/39/104 650/49/103
f 623/48/102 650/49/103 622/39/104
f 649/45/101 620/46/100 648/42/99
f 621/40/98 648/42/99 620/46/100
f 624/50/97 625/48/96 647/3/95
f 646/49/94 647/3/95 625/48/96
f 634/30/19 645/29/18 633/28/17
f 644/27/16 633/28/17 645/29/18
f 628/46/93 629/44/92 643/45/91
f 642/43/90 643/45/91 629/44/92
f 692/9/112 691/8/112 690/7/112
f 691/8/112 692/9/112 693/10/112
f 691/8/112 693/10/112 694/11/112
f 694/11/112 693/10/112 695/12/112
f 694/11/112 695/12/112 696/13/112
f 696/13/112 695/12/112 697/14/112
f 696/13/112 697/14/112 698/15/112
f 698/15/112 697/14/112 699/16/112
f 698/15/112 699/16/112 700/17/112
f 700/17/112 699/16/112 701/3/112
f 700/17/112 701/3/112 702/18/112
f 702/18/112 701/3/112 703/16/112
f 702/18/112 703/16/112 704/17/112
f 704/17/112 703/16/112 705/14/112
f 704/17/112 705/14/112 706/15/112
f 706/15/112 705/14/112 707/12/112
f 706/15/112 707/12/112 708/13/112
f 708/13/112 707/12/112 709/10/112
f 708/13/112 709/10/112 710/11/112
f 710/11/112 709/10/112 711/9/112
f 710/11/112 711/9/112 712/8/112
f 712/8/112 711/9/112 713/7/112
f 716/19/114 715/7/113 714/7/113
f 715/7/113 716/19/114 717/20/114
f 720/20/115 719/21/116 718/19/115
f 719/21/116 720/20/115 721/22/116
f 724/25/118 723/24/117 722/23/118
f 723/24/117 724/25/118 725/26/117
f 727/7/119 718/19/115 726/7/119
f 718/19/115 727/7/119 720/20/115
f 722/23/118 715/7/113 724/25/118
f 715/7/113 722/23/118 714/7/113
f 723/24/117 729/25/120 728/23/120
f 729/25/120 723/24/117 725/26/117
f 727/7/119 728/23/120 729/25/120
f 728/23/120 727/7/119 726/7/119
f 721/22/116 716/19/114 719/21/116
f 716/19/114 721/22/116 717/20/114
f 732/10/121 731/7/121 730/9/121
f 733/12/121 731/7/121 732/10/121
f 733/12/121 727/7/121 731/7/121
f 734/14/121 727/7/121 733/12/121
f 734/14/121 720/20/121 727/7/121
f 735/16/121 720/20/121 734/14/121
f 736/3/121 720/20/121 735/16/121
f 720/20/121 736/3/121 721/22/121
f 737/16/121 721/22/121 736/3/121
f 737/16/121 717/20/121 721/22/121
f 738/14/121 717/20/121 737/16/121
f 738/14/121 715/7/121 717/20/121
f 739/12/121 715/7/121 738/14/121
f 740/10/121 715/7/121 739/12/121
f 741/9/121 715/7/121 740/10/121
f 715/7/121 741/9/121 742/7/121
f 743/8/121 715/7/121 742/7/121
f 715/7/121 743/8/121 744/11/121
f 715/7/121 744/11/121 745/13/121
f 715/7/121 745/13/121 746/15/121
f 715/7/121 746/15/121 724/25/121
f 724/25/121 746/15/121 747/17/121
f 724/25/121 747/17/121 725/26/121
f 725/26/121 747/17/121 748/18/121
f 748/18/121 729/25/121 725/26/121
f 729/25/121 748/18/121 749/17/121
f 729/25/121 749/17/121 750/15/121
f 729/25/121 750/15/121 727/7/121
f 727/7/121 750/15/121 751/13/121
f 727/7/121 751/13/121 731/7/121
f 731/7/121 751/13/121 752/11/121
f 731/7/121 752/11/121 753/8/121
f 741/44/39 755/45/40 754/43/38
f 755/45/40 741/44/39 740/46/41
f 757/29/49 745/28/75 756/27/56
f 745/28/75 757/29/49 746/30/76
f 737/48/86 759/3/122 758/49/85
f 759/3/122 737/48/86 736/50/123
f 732/46/73 760/42/33 733/40/31
f 760/42/33 732/46/73 761/45/74
f 734/39/30 762/49/58 735/48/57
f 762/49/58 734/39/30 763/41/32
f 765/33/124 747/32/81 764/31/48
f 747/32/81 765/33/124 748/34/125
f 766/37/37 753/36/50 752/35/36
f 753/36/50 766/37/37 767/38/51
f 768/27/35 752/35/36 751/28/34
f 752/35/36 768/27/35 766/37/37
f 738/39/71 758/49/85 769/41/70
f 758/49/85 738/39/71 737/48/86
f 740/46/41 770/42/68 755/45/40
f 770/42/68 740/46/41 739/40/69
f 739/40/69 769/41/70 770/42/68
f 769/41/70 739/40/69 738/39/71
f 742/47/83 754/43/38 771/47/82
f 754/43/38 742/47/83 741/44/39
f 772/41/105 707/40/98 705/39/104
f 707/40/98 772/41/105 773/42/99
f 758/49/85 775/3/126 774/49/94
f 775/3/126 758/49/85 759/3/122
f 710/35/24 776/27/29 708/28/28
f 776/27/29 710/35/24 777/37/26
f 779/45/91 692/44/92 778/43/90
f 692/44/92 779/45/91 693/46/93
f 780/38/61 742/47/83 771/47/82
f 742/47/83 780/38/61 743/36/63
f 730/44/77 761/45/74 732/46/73
f 761/45/74 730/44/77 781/43/78
f 782/31/66 748/34/125 765/33/124
f 748/34/125 782/31/66 749/32/72
f 764/31/48 784/29/18 783/31/20
f 784/29/18 764/31/48 757/29/49
f 733/40/31 763/41/32 734/39/30
f 763/41/32 733/40/31 760/42/33
f 764/31/48 746/30/76 757/29/49
f 746/30/76 764/31/48 747/32/81
f 712/36/25 777/37/26 710/35/24
f 777/37/26 712/36/25 785/38/27
f 786/47/53 767/38/51 785/38/27
f 767/38/51 786/47/53 787/47/52
f 756/27/56 744/35/64 788/37/62
f 744/35/64 756/27/56 745/28/75
f 757/29/49 789/27/16 784/29/18
f 789/27/16 757/29/49 756/27/56
f 790/49/103 705/39/104 703/48/102
f 705/39/104 790/49/103 772/41/105
f 708/28/28 791/29/80 706/30/79
f 791/29/80 708/28/28 776/27/29
f 691/36/45 793/37/54 792/38/44
f 793/37/54 691/36/45 694/35/55
f 713/47/84 785/38/27 712/36/25
f 785/38/27 713/47/84 786/47/53
f 794/43/111 787/47/52 786/47/53
f 787/47/52 794/43/111 781/43/78
f 782/31/66 796/33/127 795/31/46
f 796/33/127 782/31/66 765/33/124
f 798/41/106 695/40/109 797/42/108
f 695/40/109 798/41/106 697/39/107
f 706/30/79 795/31/46 704/32/47
f 795/31/46 706/30/79 791/29/80
f 773/42/99 709/46/100 707/40/98
f 709/46/100 773/42/99 799/45/101
f 696/28/17 784/29/18 789/27/16
f 784/29/18 696/28/17 698/30/19
f 765/33/124 783/31/20 796/33/127
f 783/31/20 765/33/124 764/31/48
f 777/37/26 768/27/35 776/27/29
f 768/27/35 777/37/26 766/37/37
f 773/42/99 761/45/74 799/45/101
f 761/45/74 773/42/99 760/42/33
f 794/43/111 713/47/84 711/44/110
f 713/47/84 794/43/111 786/47/53
f 782/31/66 750/30/59 749/32/72
f 750/30/59 782/31/66 800/29/60
f 759/3/122 790/49/103 775/3/126
f 790/49/103 759/3/122 762/49/58
f 735/48/57 759/3/122 736/50/123
f 759/3/122 735/48/57 762/49/58
f 788/37/62 743/36/63 780/38/61
f 743/36/63 788/37/62 744/35/64
f 731/47/65 781/43/78 730/44/77
f 781/43/78 731/47/65 787/47/52
f 755/45/40 778/43/90 754/43/38
f 778/43/90 755/45/40 779/45/91
f 698/30/19 783/31/20 784/29/18
f 783/31/20 698/30/19 700/32/21
f 763/41/32 773/42/99 772/41/105
f 773/42/99 763/41/32 760/42/33
f 771/47/82 792/38/44 780/38/61
f 792/38/44 771/47/82 801/47/42
f 800/29/60 751/28/34 750/30/59
f 751/28/34 800/29/60 768/27/35
f 690/47/43 792/38/44 801/47/42
f 792/38/44 690/47/43 691/36/45
f 754/43/38 801/47/42 771/47/82
f 801/47/42 754/43/38 778/43/90
f 797/42/108 693/46/93 779/45/91
f 693/46/93 797/42/108 695/40/109
f 780/38/61 793/37/54 788/37/62
f 793/37/54 780/38/61 792/38/44
f 767/38/51 731/47/65 753/36/50
f 731/47/65 767/38/51 787/47/52
f 800/29/60 795/31/46 791/29/80
f 795/31/46 800/29/60 782/31/66
f 788/37/62 789/27/16 756/27/56
f 789/27/16 788/37/62 793/37/54
f 769/41/70 774/49/94 798/41/106
f 774/49/94 769/41/70 758/49/85
f 768/27/35 791/29/80 776/27/29
f 791/29/80 768/27/35 800/29/60
f 775/3/126 699/48/96 774/49/94
f 699/48/96 775/3/126 701/50/128
f 700/32/21 796/33/127 783/31/20
f 796/33/127 700/32/21 702/34/129
f 694/35/55 789/27/16 793/37/54
f 789/27/16 694/35/55 696/28/17
f 799/45/101 781/43/78 794/43/111
f 781/43/78 799/45/101 761/45/74
f 774/49/94 697/39/107 798/41/106
f 697/39/107 774/49/94 699/48/96
f 799/45/101 711/44/110 709/46/100
f 711/44/110 799/45/101 794/43/111
f 762/49/58 772/41/105 790/49/103
f 772/41/105 762/49/58 763/41/32
f 704/32/47 796/33/127 702/34/129
f 796/33/127 704/32/47 795/31/46
f 778/43/90 690/47/43 801/47/42
f 690/47/43 778/43/90 692/44/92
f 785/38/27 766/37/37 777/37/26
f 766/37/37 785/38/27 767/38/51
f 770/42/68 798/41/106 797/42/108
f 798/41/106 770/42/68 769/41/70
f 790/49/103 701/50/128 775/3/126
f 701/50/128 790/49/103 703/48/102
f 770/42/68 779/45/91 755/45/40
f 779/45/91 770/42/68 797/42/108
f 804/9/112 803/8/112 802/7/112
f 803/8/112 804/9/112 805/10/112
f 803/8/112 805/10/112 806/11/112
f 806/11/112 805/10/112 807/12/112
f 806/11/112 807/12/112 808/13/112
f 808/13/112 807/12/112 809/14/112
f 808/13/112 809/14/112 810/15/112
f 810/15/112 809/14/112 811/16/112
f 810/15/112 811/16/112 812/17/112
f 812/17/112 811/16/112 813/3/112
f 812/17/112 813/3/112 814/18/112
f 814/18/112 813/3/112 815/16/112
f 814/18/112 815/16/112 816/17/112
f 816/17/112 815/16/112 817/14/112
f 816/17/112 817/14/112 818/15/112
f 818/15/112 817/14/112 819/12/112
f 818/15/112 819/12/112 820/13/112
f 820/13/112 819/12/112 821/10/112
f 820/13/112 821/10/112 822/11/112
f 822/11/112 821/10/112 823/9/112
f 822/11/112 823/9/112 824/8/112
f 824/8/112 823/9/112 825/7/112
f 828/19/114 827/7/113 826/7/113
f 827/7/113 828/19/114 829/20/114
f 832/20/115 831/21/116 830/19/115
f 831/21/116 832/20/115 833/22/116
f 836/25/118 835/24/117 834/23/118
f 835/24/117 836/25/118 837/26/117
f 839/7/119 830/19/115 838/7/119
f 830/19/115 839/7/119 832/20/115
f 834/23/118 827/7/113 836/25/118
f 827/7/113 834/23/118 826/7/113
f 835/24/117 841/25/120 840/23/120
f 841/25/120 835/24/117 837/26/117
f 839/7/119 840/23/120 841/25/120
f 840/23/120 839/7/119 838/7/119
f 833/22/116 828/19/114 831/21/116
f 828/19/114 833/22/116 829/20/114
f 844/10/121 843/7/121 842/9/121
f 845/12/121 843/7/121 844/10/121
f 845/12/121 839/7/121 843/7/121
f 846/14/121 839/7/121 845/12/121
f 846/14/121 832/20/121 839/7/121
f 847/16/121 832/20/121 846/14/121
f 848/3/121 832/20/121 847/16/121
f 832/20/121 848/3/121 833/22/121
f 849/16/121 833/22/121 848/3/121
f 849/16/121 829/20/121 833/22/121
f 850/14/121 829/20/121 849/16/121
f 850/14/121 827/7/121 829/20/121
f 851/12/121 827/7/121 850/14/121
f 852/10/121 827/7/121 851/12/121
f 853/9/121 827/7/121 852/10/121
f 827/7/121 853/9/121 854/7/121
f 855/8/121 827/7/121 854/7/121
f 827/7/121 855/8/121 856/11/121
f 827/7/121 856/11/121 857/13/121
f 827/7/121 857/13/121 858/15/121
f 827/7/121 858/15/121 836/25/121
f 836/25/121 858/15/121 859/17/121
f 836/25/121 859/17/121 837/26/121
f 837/26/121 859/17/121 860/18/121
f 860/18/121 841/25/121 837/26/121
f 841/25/121 860/18/121 861/17/121
f 841/25/121 861/17/121 862/15/121
f 841/25/121 862/15/121 839/7/121
f 839/7/121 862/15/121 863/13/121
f 839/7/121 863/13/121 843/7/121
f 843/7/121 863/13/121 864/11/121
f 843/7/121 864/11/121 865/8/121
f 867/29/49 857/28/75 866/27/56
f 857/28/75 867/29/49 858/30/76
f 869/33/124 859/32/81 868/31/48
f 859/32/81 869/33/124 860/34/125
f 870/37/37 865/36/50 864/35/36
f 865/36/50 870/37/37 871/38/51
f 872/27/35 864/35/36 863/28/34
f 864/35/36 872/27/35 870/37/37
f 873/41/105 819/40/98 817/39/104
f 819/40/98 873/41/105 874/42/99
f 822/35/24 875/27/29 820/28/28
f 875/27/29 822/35/24 876/37/26
f 878/45/91 804/44/92 877/43/90
f 804/44/92 878/45/91 805/46/93
f 880/38/61 854/47/83 879/47/82
f 854/47/83 880/38/61 855/36/63
f 881/31/66 860/34/125 869/33/124
f 860/34/125 881/31/66 861/32/72
f 868/31/48 883/29/18 882/31/20
f 883/29/18 868/31/48 867/29/49
f 868/31/48 858/30/76 867/29/49
f 858/30/76 868/31/48 859/32/81
f 824/36/25 876/37/26 822/35/24
f 876/37/26 824/36/25 884/38/27
f 885/47/53 871/38/51 884/38/27
f 871/38/51 885/47/53 886/47/52
f 866/27/56 856/35/64 887/37/62
f 856/35/64 866/27/56 857/28/75
f 883/29/18 866/27/56 888/27/16
f 866/27/56 883/29/18 867/29/49
f 889/49/103 817/39/104 815/48/102
f 817/39/104 889/49/103 873/41/105
f 820/28/28 890/29/80 818/30/79
f 890/29/80 820/28/28 875/27/29
f 803/36/45 892/37/54 891/38/44
f 892/37/54 803/36/45 806/35/55
f 825/47/84 884/38/27 824/36/25
f 884/38/27 825/47/84 885/47/53
f 894/31/46 869/33/124 893/33/127
f 869/33/124 894/31/46 881/31/66
f 896/41/106 807/40/109 895/42/108
f 807/40/109 896/41/106 809/39/107
f 818/30/79 894/31/46 816/32/47
f 894/31/46 818/30/79 890/29/80
f 874/42/99 821/46/100 819/40/98
f 821/46/100 874/42/99 897/45/101
f 808/28/17 883/29/18 888/27/16
f 883/29/18 808/28/17 810/30/19
f 869/33/124 882/31/20 893/33/127
f 882/31/20 869/33/124 868/31/48
f 876/37/26 872/27/35 875/27/29
f 872/27/35 876/37/26 870/37/37
f 898/43/111 825/47/84 823/44/110
f 825/47/84 898/43/111 885/47/53
f 881/31/66 862/30/59 861/32/72
f 862/30/59 881/31/66 899/29/60
f 887/37/62 855/36/63 880/38/61
f 855/36/63 887/37/62 856/35/64
f 810/30/19 882/31/20 883/29/18
f 882/31/20 810/30/19 812/32/21
f 879/47/82 891/38/44 880/38/61
f 891/38/44 879/47/82 900/47/42
f 899/29/60 863/28/34 862/30/59
f 863/28/34 899/29/60 872/27/35
f 802/47/43 891/38/44 900/47/42
f 891/38/44 802/47/43 803/36/45
f 895/42/108 805/46/93 878/45/91
f 805/46/93 895/42/108 807/40/109
f 880/38/61 892/37/54 887/37/62
f 892/37/54 880/38/61 891/38/44
f 871/38/51 843/47/65 865/36/50
f 843/47/65 871/38/51 886/47/52
f 899/29/60 894/31/46 890/29/80
f 894/31/46 899/29/60 881/31/66
f 887/37/62 888/27/16 866/27/56
f 888/27/16 887/37/62 892/37/54
f 875/27/29 899/29/60 890/29/80
f 899/29/60 875/27/29 872/27/35
f 902/3/126 811/48/96 901/49/94
f 811/48/96 902/3/126 813/50/128
f 812/32/21 893/33/127 882/31/20
f 893/33/127 812/32/21 814/34/129
f 806/35/55 888/27/16 892/37/54
f 888/27/16 806/35/55 808/28/17
f 901/49/94 809/39/107 896/41/106
f 809/39/107 901/49/94 811/48/96
f 897/45/101 823/44/110 821/46/100
f 823/44/110 897/45/101 898/43/111
f 816/32/47 893/33/127 814/34/129
f 893/33/127 816/32/47 894/31/46
f 877/43/90 802/47/43 900/47/42
f 802/47/43 877/43/90 804/44/92
f 884/38/27 870/37/37 876/37/26
f 870/37/37 884/38/27 871/38/51
f 889/49/103 813/50/128 902/3/126
f 813/50/128 889/49/103 815/48/102
f 905/51/130 904/51/131 903/51/130
f 904/51/131 905/51/130 906/51/131
f 909/52/132 908/52/132 907/52/132
f 908/52/132 909/52/132 910/52/132
f 912/53/133 908/52/1 911/53/133
f 908/52/1 912/53/133 907/52/1
f 914/54/134 903/51/130 913/54/134
f 903/51/130 914/54/134 905/51/130
f 914/54/134 912/53/133 911/53/133
f 912/53/133 914/54/134 913/54/134
f 909/52/3 906/51/3 910/52/3
f 906/51/3 909/52/3 904/51/3
f 912/53/2 909/52/2 907/52/2
f 909/52/2 912/53/2 904/51/2
f 904/51/2 912/53/2 913/54/2
f 904/51/2 913/54/2 903/51/2
f 906/51/135 908/52/135 910/52/135
f 908/52/135 906/51/135 911/53/135
f 911/53/135 906/51/135 914/54/135
f 914/54/135 906/51/135 905/51/135
f 917/51/2 916/52/2 915/52/2
f 916/52/2 917/51/2 918/53/2
f 918/53/2 917/51/2 919/54/2
f 919/54/2 917/51/2 920/51/2
f 922/53/137 919/54/136 921/54/136
f 919/54/136 922/53/137 918/53/137
f 923/51/138 919/54/136 920/51/138
f 919/54/136 923/51/138 921/54/136
f 917/51/1 925/52/1 924/51/1
f 925/52/1 917/51/1 915/52/1
f 916/52/132 925/52/132 915/52/132
f 925/52/132 916/52/132 926/52/132
f 922/53/135 925/52/135 926/52/135
f 925/52/135 922/53/135 924/51/135
f 924/51/135 922/53/135 921/54/135
f 924/51/135 921/54/135 923/51/135
f 916/52/3 922/53/137 926/52/3
f 922/53/137 916/52/3 918/53/137
f 924/51/131 920/51/138 917/51/131
f 920/51/138 924/51/131 923/51/138
f 929/52/140 928/55/139 927/55/139
f 928/55/139 929/52/140 930/52/140
f 927/55/139 932/51/3 931/51/3
f 932/51/3 927/55/139 928/55/139
f 934/52/141 929/52/140 933/52/141
f 929/52/140 934/52/141 930/52/140
f 934/52/141 936/52/142 935/52/142
f 936/52/142 934/52/141 933/52/141
f 935/52/142 938/52/143 937/52/143
f 938/52/143 935/52/142 936/52/142
f 940/55/144 938/52/143 939/55/144
f 938/52/143 940/55/144 937/52/143
f 942/51/1 939/55/144 941/51/1
f 939/55/144 942/51/1 940/55/144
f 929/52/135 936/52/135 933/52/135
f 936/52/135 929/52/135 938/52/135
f 938/52/135 929/52/135 927/55/135
f 938/52/135 927/55/135 939/55/135
f 939/55/135 927/55/135 931/51/135
f 939/55/135 931/51/135 941/51/135
f 935/52/2 930/52/2 934/52/2
f 930/52/2 935/52/2 937/52/2
f 930/52/2 937/52/2 928/55/2
f 928/55/2 937/52/2 940/55/2
f 928/55/2 940/55/2 932/51/2
f 932/51/2 940/55/2 942/51/2
f 945/51/145 944/52/145 943/52/145
f 944/52/145 945/51/145 946/51/145
f 949/51/146 948/52/147 947/52/146
f 948/52/147 949/51/146 950/51/147
f 951/52/149 945/51/148 943/52/148
f 945/51/148 951/52/149 952/51/149
f 951/52/149 953/51/150 952/51/149
f 953/51/150 951/52/149 954/52/150
f 946/51/151 947/52/146 944/52/151
f 947/52/146 946/51/151 949/51/146
f 950/51/131 956/51/131 955/51/131
f 956/51/131 950/51/131 949/51/131
f 956/51/131 949/51/131 946/51/131
f 956/51/131 946/51/131 945/51/131
f 956/51/131 945/51/131 952/51/131
f 956/51/131 952/51/131 953/51/131
f 958/52/132 948/52/132 957/52/132
f 948/52/132 958/52/132 947/52/132
f 947/52/132 958/52/132 944/52/132
f 944/52/132 958/52/132 943/52/132
f 943/52/132 958/52/132 951/52/132
f 951/52/132 958/52/132 954/52/132
f 955/51/152 958/52/152 957/52/152
f 958/52/152 955/51/152 956/51/152
f 954/52/150 956/51/153 953/51/150
f 956/51/153 954/52/150 958/52/153
f 950/51/147 957/52/154 948/52/147
f 957/52/154 950/51/147 955/51/154
f 961/51/155 960/52/156 959/52/155
f 960/52/156 961/51/155 962/51/156
f 965/51/157 964/52/157 963/52/157
f 964/52/157 965/51/157 966/51/157
f 968/51/158 959/52/155 967/52/158
f 959/52/155 968/51/158 961/51/155
f 969/52/160 965/51/159 963/52/159
f 965/51/159 969/52/160 970/51/160
f 969/52/160 962/51/156 970/51/160
f 962/51/156 969/52/160 960/52/156
f 966/51/161 967/52/158 964/52/161
f 967/52/158 966/51/161 968/51/158
f 968/51/131 962/51/131 961/51/131
f 962/51/131 968/51/131 966/51/131
f 962/51/131 966/51/131 965/51/131
f 962/51/131 965/51/131 970/51/131
f 960/52/132 967/52/132 959/52/132
f 967/52/132 960/52/132 964/52/132
f 964/52/132 960/52/132 963/52/132
f 963/52/132 960/52/132 969/52/132
f 973/51/163 972/51/162 971/51/162
f 972/51/162 973/51/163 974/51/163
f 977/56/164 976/52/164 975/52/164
f 976/52/164 977/56/164 971/51/164
f 971/51/164 977/56/164 973/51/164
f 972/51/165 979/52/165 978/52/165
f 979/52/165 972/51/165 980/56/165
f 980/56/165 972/51/165 974/51/165
f 979/52/166 977/56/167 975/52/166
f 977/56/167 979/52/166 980/56/167
f 977/56/167 974/51/163 973/51/163
f 974/51/163 977/56/167 980/56/167
f 972/51/168 976/52/168 971/51/168
f 976/52/168 972/51/168 978/52/168
f 983/57/131 982/57/131 981/57/131
f 982/57/131 983/57/131 984/57/131
f 982/57/2 986/58/2 985/58/2
f 986/58/2 982/57/2 984/57/2
f 987/59/169 983/57/135 981/57/135
f 983/57/135 987/59/169 988/59/169
f 987/59/169 989/58/170 988/59/169
f 989/58/170 987/59/169 990/58/170
f 990/58/170 986/58/132 989/58/170
f 986/58/132 990/58/170 985/58/132
f 982/57/1 987/59/1 981/57/1
f 987/59/1 982/57/1 990/58/1
f 990/58/1 982/57/1 985/58/1
f 989/58/3 983/57/3 988/59/3
f 983/57/3 989/58/3 984/57/3
f 984/57/3 989/58/3 986/58/3
f 993/57/171 992/58/171 991/58/171
f 992/58/171 993/57/171 994/57/171
f 997/57/131 996/57/131 995/57/131
f 996/57/131 997/57/131 998/57/131
f 996/57/2 915/58/2 909/58/2
f 915/58/2 996/57/2 998/57/2
f 999/59/169 997/57/135 995/57/135
f 997/57/135 999/59/169 1000/59/169
f 999/59/169 1001/58/170 1000/59/169
f 1001/58/170 999/59/169 1002/58/170
f 1002/58/170 915/58/132 1001/58/170
f 915/58/132 1002/58/170 909/58/132
f 996/57/1 999/59/1 995/57/1
f 999/59/1 996/57/1 1002/58/1
f 1002/58/1 996/57/1 909/58/1
f 1001/58/3 997/57/3 1000/59/3
f 997/57/3 1001/58/3 998/57/3
f 998/57/3 1001/58/3 915/58/3
f 1005/57/171 1004/58/171 1003/58/171
f 1004/58/171 1005/57/171 1006/57/171
f 1008/61/3 20/60/3 1007/60/3
f 20/60/3 1008/61/3 18/61/3
f 19/60/1 1010/61/1 1009/60/1
f 1010/61/1 19/60/1 17/61/1
f 1011/60/3 22/63/3 27/62/3
f 22/63/3 1011/60/3 21/60/3
f 1011/60/135 28/62/135 1007/60/135
f 28/62/135 1011/60/135 27/62/135
f 21/60/132 1007/60/132 20/60/132
f 1007/60/132 21/60/132 1011/60/132
f 24/63/1 1012/60/1 26/62/1
f 1012/60/1 24/63/1 23/60/1
f 19/60/132 1012/60/132 23/60/132
f 1012/60/132 19/60/132 1009/60/132
f 25/62/135 1012/60/135 1009/60/135
f 1012/60/135 25/62/135 26/62/135
f 1015/61/1 1014/64/1 1013/64/1
f 1015/61/1 1016/65/1 1014/64/1
f 1017/61/1 1016/65/1 1015/61/1
f 1016/65/1 1017/61/1 1018/66/1
f 1019/62/1 1018/66/1 1017/61/1
f 1018/66/1 1019/62/1 1020/67/1
f 1020/67/1 1019/62/1 1021/62/1
f 1020/67/1 1021/62/1 1022/67/1
f 1022/67/1 1021/62/1 1023/68/1
f 1024/62/131 1021/62/172 1019/62/131
f 1021/62/172 1024/62/131 1025/62/172
f 1026/61/135 1019/62/135 1017/61/135
f 1019/62/135 1026/61/135 1024/62/135
f 1027/61/132 1017/61/132 1015/61/132
f 1017/61/132 1027/61/132 1026/61/132
f 1025/62/172 1023/68/5 1021/62/172
f 1023/68/5 1025/62/172 1028/68/5
f 1013/64/2 1027/61/2 1015/61/2
f 1027/61/2 1013/64/2 1029/64/2
f 1029/64/2 1013/64/2 1030/64/2
f 1030/64/2 1013/64/2 1022/67/2
f 1031/64/2 1029/64/2 1030/64/2
f 1030/64/2 1022/67/2 1032/67/2
f 1029/64/2 1031/64/2 1033/67/2
f 1032/67/2 1022/67/2 1023/68/2
f 1033/67/2 1031/64/2 1034/67/2
f 1032/67/2 1023/68/2 1034/67/2
f 1033/67/2 1034/67/2 1028/68/2
f 1028/68/2 1034/67/2 1023/68/2
f 1035/64/3 1027/61/3 1029/64/3
f 1036/65/3 1027/61/3 1035/64/3
f 1036/65/3 1026/61/3 1027/61/3
f 1026/61/3 1036/65/3 1024/62/3
f 1037/66/3 1024/62/3 1036/65/3
f 1038/67/3 1024/62/3 1037/66/3
f 1024/62/3 1038/67/3 1025/62/3
f 1025/62/3 1038/67/3 1033/67/3
f 1025/62/3 1033/67/3 1028/68/3
f 1040/62/173 993/62/131 1039/62/173
f 993/62/131 1040/62/173 994/62/131
f 991/61/132 1042/61/174 1041/61/174
f 1042/61/174 991/61/132 992/61/132
f 1044/69/175 1039/62/173 1043/69/175
f 1039/62/173 1044/69/175 1040/62/173
f 1041/61/174 1046/70/176 1045/70/176
f 1046/70/176 1041/61/174 1042/61/174
f 1044/69/175 1045/70/176 1046/70/176
f 1045/70/176 1044/69/175 1043/69/175
f 1039/62/112 1045/70/112 1043/69/112
f 1045/70/112 1039/62/112 1041/61/112
f 1041/61/112 1039/62/112 993/62/112
f 1041/61/112 993/62/112 991/61/112
f 1042/61/121 1044/69/121 1046/70/121
f 1044/69/121 1042/61/121 1040/62/121
f 1040/62/121 1042/61/121 992/61/121
f 1040/62/121 992/61/121 994/62/121
f 1048/62/173 1005/62/131 1047/62/173
f 1005/62/131 1048/62/173 1006/62/131
f 1003/61/132 1050/61/174 1049/61/174
f 1050/61/174 1003/61/132 1004/61/132
f 1052/69/175 1047/62/173 1051/69/175
f 1047/62/173 1052/69/175 1048/62/173
f 1049/61/174 1054/70/176 1053/70/176
f 1054/70/176 1049/61/174 1050/61/174
f 1052/69/175 1053/70/176 1054/70/176
f 1053/70/176 1052/69/175 1051/69/175
f 1047/62/112 1053/70/112 1051/69/112
f 1053/70/112 1047/62/112 1049/61/112
f 1049/61/112 1047/62/112 1005/62/112
f 1049/61/112 1005/62/112 1003/61/112
f 1050/61/121 1052/69/121 1054/70/121
f 1052/69/121 1050/61/121 1048/62/121
f 1048/62/121 1050/61/121 1004/61/121
f 1048/62/121 1004/61/121 1006/62/121
f 1058/74/177 1060/73/181 62/76/177
f 67/77/181 62/76/177 1060/73/181
f 1055/71/179 1057/73/178 53/71/179
f 61/77/178 53/71/179 1057/73/178
f 1059/75/183 1056/72/180 58/79/183
f 55/78/180 58/79/183 1056/72/180
f 1061/72/184 57/78/184 1062/71/182
f 65/71/182 1062/71/182 57/78/184
f 1061/72/184 1059/75/183 57/78/184
f 58/79/183 57/78/184 1059/75/183
f 1062/71/182 65/71/182 1060/73/181
f 67/77/181 1060/73/181 65/71/182
f 55/78/180 1056/72/180 53/71/179
f 1055/71/179 53/71/179 1056/72/180
f 1057/73/178 1058/74/177 61/77/178
f 62/76/177 61/77/178 1058/74/177
f 1062/71/15 1060/73/15 1061/72/15
f 1061/72/15 1060/73/15 1059/75/15
f 1060/73/15 1058/74/15 1059/75/15
f 1059/75/15 1058/74/15 1056/72/15
f 1058/74/15 1057/73/15 1056/72/15
f 1055/71/15 1056/72/15 1057/73/15
f 122/88/68 1072/88/108 105/81/40
f 1064/81/91 105/81/40 1072/88/108
f 1071/90/106 1072/88/108 123/90/70
f 122/88/68 123/90/70 1072/88/108
f 1069/84/103 116/84/58 1070/90/105
f 100/90/32 1070/90/105 116/84/58
f 1068/81/101 124/81/74 1073/80/111
f 125/80/78 1073/80/111 124/81/74
f 1071/90/106 123/90/70 1065/84/94
f 128/84/85 1065/84/94 123/90/70
f 104/80/38 1063/80/90 127/91/82
f 106/91/42 127/91/82 1063/80/90
f 1070/90/105 100/90/32 1067/88/99
f 101/88/33 1067/88/99 100/90/32
f 105/81/40 1064/81/91 104/80/38
f 1063/80/90 104/80/38 1064/81/91
f 113/91/53 70/91/84 1073/80/111
f 69/82/110 1073/80/111 70/91/84
f 74/85/102 75/86/97 1069/84/103
f 1066/62/95 1069/84/103 75/86/97
f 1069/84/103 1066/62/95 116/84/58
f 129/62/87 116/84/58 1066/62/95
f 1067/88/99 101/88/33 1068/81/101
f 124/81/74 1068/81/101 101/88/33
f 1073/80/111 125/80/78 113/91/53
f 112/91/52 113/91/53 125/80/78
f 1067/88/99 72/87/98 1070/90/105
f 73/89/104 1070/90/105 72/87/98
f 1073/80/111 69/82/110 1068/81/101
f 71/83/100 1068/81/101 69/82/110
f 1066/62/95 1065/84/94 129/62/87
f 128/84/85 129/62/87 1065/84/94
f 80/82/92 81/91/43 1063/80/90
f 106/91/42 1063/80/90 81/91/43
f 77/89/107 78/87/109 1071/90/106
f 1072/88/108 1071/90/106 78/87/109
f 78/87/109 79/83/93 1072/88/108
f 1064/81/91 1072/88/108 79/83/93
f 76/85/96 77/89/107 1065/84/94
f 1071/90/106 1065/84/94 77/89/107
f 1070/90/105 73/89/104 1069/84/103
f 74/85/102 1069/84/103 73/89/104
f 1068/81/101 71/83/100 1067/88/99
f 72/87/98 1067/88/99 71/83/100
f 75/86/97 76/85/96 1066/62/95
f 1065/84/94 1066/62/95 76/85/96
f 79/83/93 80/82/92 1064/81/91
f 1063/80/90 1064/81/91 80/82/92
f 1077/74/177 1079/73/181 163/76/177
f 168/77/181 163/76/177 1079/73/181
f 1074/71/179 1076/73/178 154/71/179
f 162/77/178 154/71/179 1076/73/178
f 1078/75/183 1075/72/180 159/79/183
f 156/78/180 159/79/183 1075/72/180
f 1080/72/184 158/78/184 1081/71/182
f 166/71/182 1081/71/182 158/78/184
f 1080/72/184 1078/75/183 158/78/184
f 159/79/183 158/78/184 1078/75/183
f 1081/71/182 166/71/182 1079/73/181
f 168/77/181 1079/73/181 166/71/182
f 156/78/180 1075/72/180 154/71/179
f 1074/71/179 154/71/179 1075/72/180
f 1076/73/178 1077/74/177 162/77/178
f 163/76/177 162/77/178 1077/74/177
f 1081/71/15 1079/73/15 1080/72/15
f 1080/72/15 1079/73/15 1078/75/15
f 1079/73/15 1077/74/15 1078/75/15
f 1078/75/15 1077/74/15 1075/72/15
f 1077/74/15 1076/73/15 1075/72/15
f 1074/71/15 1075/72/15 1076/73/15
f 1085/74/177 1087/73/181 275/76/177
f 280/77/181 275/76/177 1087/73/181
f 1082/71/179 1084/73/178 266/71/179
f 274/77/178 266/71/179 1084/73/178
f 1086/75/183 1083/72/180 271/79/183
f 268/78/180 271/79/183 1083/72/180
f 1088/72/184 270/78/184 1089/71/182
f 278/71/182 1089/71/182 270/78/184
f 1088/72/184 1086/75/183 270/78/184
f 271/79/183 270/78/184 1086/75/183
f 1089/71/182 278/71/182 1087/73/181
f 280/77/181 1087/73/181 278/71/182
f 268/78/180 1083/72/180 266/71/179
f 1082/71/179 266/71/179 1083/72/180
f 1084/73/178 1085/74/177 274/77/178
f 275/76/177 274/77/178 1085/74/177
f 1089/71/15 1087/73/15 1088/72/15
f 1088/72/15 1087/73/15 1086/75/15
f 1087/73/15 1085/74/15 1086/75/15
f 1086/75/15 1085/74/15 1083/72/15
f 1085/74/15 1084/73/15 1083/72/15
f 1082/71/15 1083/72/15 1084/73/15
f 1092/73/121 1091/72/121 1090/71/121
f 1091/72/121 1092/73/121 1093/74/121
f 1091/72/121 1093/74/121 1094/75/121
f 1094/75/121 1093/74/121 1095/73/121
f 1094/75/121 1095/73/121 1096/72/121
f 1096/72/121 1095/73/121 1097/71/121
f 1093/74/185 388/77/186 386/76/185
f 388/77/186 1093/74/185 1092/73/186
f 1091/72/188 378/71/187 1090/71/187
f 378/71/187 1091/72/188 380/78/188
f 390/71/190 1095/73/189 392/77/189
f 1095/73/189 390/71/190 1097/71/190
f 1094/75/191 382/78/192 383/79/191
f 382/78/192 1094/75/191 1096/72/192
f 382/78/192 1097/71/190 390/71/190
f 1097/71/190 382/78/192 1096/72/192
f 380/78/188 1094/75/191 383/79/191
f 1094/75/191 380/78/188 1091/72/188
f 1092/73/186 378/71/187 388/77/186
f 378/71/187 1092/73/186 1090/71/187
f 1095/73/189 386/76/185 392/77/189
f 386/76/185 1095/73/189 1093/74/185
f 1100/73/121 1099/72/121 1098/71/121
f 1099/72/121 1100/73/121 1101/74/121
f 1099/72/121 1101/74/121 1102/75/121
f 1102/75/121 1101/74/121 1103/73/121
f 1102/75/121 1103/73/121 1104/72/121
f 1104/72/121 1103/73/121 1105/71/121
f 1101/74/185 498/77/186 499/76/185
f 498/77/186 1101/74/185 1100/73/186
f 1099/72/188 490/71/187 1098/71/187
f 490/71/187 1099/72/188 492/78/188
f 502/71/190 1103/73/189 504/77/189
f 1103/73/189 502/71/190 1105/71/190
f 495/79/191 1104/72/192 494/78/192
f 1104/72/192 495/79/191 1102/75/191
f 494/78/192 1105/71/190 502/71/190
f 1105/71/190 494/78/192 1104/72/192
f 1099/72/188 495/79/191 492/78/188
f 495/79/191 1099/72/188 1102/75/191
f 1100/73/186 490/71/187 498/77/186
f 490/71/187 1100/73/186 1098/71/187
f 1103/73/189 499/76/185 504/77/189
f 499/76/185 1103/73/189 1101/74/185
f 1109/74/177 1111/73/181 611/76/177
f 616/77/181 611/76/177 1111/73/181
f 1106/71/179 1108/73/178 602/71/179
f 610/77/178 602/71/179 1108/73/178
f 1110/75/183 1107/72/180 607/79/183
f 604/78/180 607/79/183 1107/72/180
f 1112/72/184 606/78/184 1113/71/182
f 614/71/182 1113/71/182 606/78/184
f 1112/72/184 1110/75/183 606/78/184
f 607/79/183 606/78/184 1110/75/183
f 1113/71/182 614/71/182 1111/73/181
f 616/77/181 1111/73/181 614/71/182
f 604/78/180 1107/72/180 602/71/179
f 1106/71/179 602/71/179 1107/72/180
f 1108/73/178 1109/74/177 610/77/178
f 611/76/177 610/77/178 1109/74/177
f 1113/71/15 1111/73/15 1112/72/15
f 1112/72/15 1111/73/15 1110/75/15
f 1111/73/15 1109/74/15 1110/75/15
f 1110/75/15 1109/74/15 1107/72/15
f 1109/74/15 1108/73/15 1107/72/15
f 1106/71/15 1107/72/15 1108/73/15
f 1116/73/121 1115/72/121 1114/71/121
f 1115/72/121 1116/73/121 1117/74/121
f 1115/72/121 1117/74/121 1118/75/121
f 1118/75/121 1117/74/121 1119/73/121
f 1118/75/121 1119/73/121 1120/72/121
f 1120/72/121 1119/73/121 1121/71/121
f 1117/74/185 722/77/186 723/76/185
f 722/77/186 1117/74/185 1116/73/186
f 1115/72/188 714/71/187 1114/71/187
f 714/71/187 1115/72/188 716/78/188
f 726/71/190 1119/73/189 728/77/189
f 1119/73/189 726/71/190 1121/71/190
f 719/79/191 1120/72/192 718/78/192
f 1120/72/192 719/79/191 1118/75/191
f 718/78/192 1121/71/190 726/71/190
f 1121/71/190 718/78/192 1120/72/192
f 1115/72/188 719/79/191 716/78/188
f 719/79/191 1115/72/188 1118/75/191
f 1116/73/186 714/71/187 722/77/186
f 714/71/187 1116/73/186 1114/71/187
f 1119/73/189 723/76/185 728/77/189
f 723/76/185 1119/73/189 1117/74/185
f 1124/73/121 1123/72/121 1122/71/121
f 1123/72/121 1124/73/121 1125/74/121
f 1123/72/121 1125/74/121 1126/75/121
f 1126/75/121 1125/74/121 1127/73/121
f 1126/75/121 1127/73/121 1128/72/121
f 1128/72/121 1127/73/121 1129/71/121
f 1125/74/185 834/77/186 835/76/185
f 834/77/186 1125/74/185 1124/73/186
f 1123/72/188 826/71/187 1122/71/187
f 826/71/187 1123/72/188 828/78/188
f 838/71/190 1127/73/189 840/77/189
f 1127/73/189 838/71/190 1129/71/190
f 831/79/191 1128/72/192 830/78/192
f 1128/72/192 831/79/191 1126/75/191
f 830/78/192 1129/71/190 838/71/190
f 1129/71/190 830/78/192 1128/72/192
f 1123/72/188 831/79/191 828/78/188
f 831/79/191 1123/72/188 1126/75/191
f 1124/73/186 826/71/187 834/77/186
f 826/71/187 1124/73/186 1122/71/187
f 1127/73/189 835/76/185 840/77/189
f 835/76/185 1127/73/189 1125/74/185
f 853/82/39 1131/81/40 1130/80/38
f 1131/81/40 853/82/39 852/83/41
f 849/85/86 1133/62/122 1132/84/85
f 1133/62/122 849/85/86 848/86/123
f 844/83/73 1134/88/33 845/87/31
f 1134/88/33 844/83/73 1135/81/74
f 846/89/30 1136/84/58 847/85/57
f 1136/84/58 846/89/30 1137/90/32
f 850/89/71 1132/84/85 1138/90/70
f 1132/84/85 850/89/71 849/85/86
f 852/83/41 1139/88/68 1131/81/40
f 1139/88/68 852/83/41 851/87/69
f 851/87/69 1138/90/70 1139/88/68
f 1138/90/70 851/87/69 850/89/71
f 854/91/83 1130/80/38 879/91/82
f 1130/80/38 854/91/83 853/82/39
f 1132/84/85 902/62/126 901/84/94
f 902/62/126 1132/84/85 1133/62/122
f 842/82/77 1135/81/74 844/83/73
f 1135/81/74 842/82/77 1140/80/78
f 845/87/31 1137/90/32 846/89/30
f 1137/90/32 845/87/31 1134/88/33
f 898/80/111 886/91/52 885/91/53
f 886/91/52 898/80/111 1140/80/78
f 874/88/99 1135/81/74 897/81/101
f 1135/81/74 874/88/99 1134/88/33
f 1133/62/122 889/84/103 902/62/126
f 889/84/103 1133/62/122 1136/84/58
f 847/85/57 1133/62/122 848/86/123
f 1133/62/122 847/85/57 1136/84/58
f 843/91/65 1140/80/78 842/82/77
f 1140/80/78 843/91/65 886/91/52
f 1131/81/40 877/80/90 1130/80/38
f 877/80/90 1131/81/40 878/81/91
f 1137/90/32 874/88/99 873/90/105
f 874/88/99 1137/90/32 1134/88/33
f 1130/80/38 900/91/42 879/91/82
f 900/91/42 1130/80/38 877/80/90
f 896/90/106 1132/84/85 901/84/94
f 1132/84/85 896/90/106 1138/90/70
f 897/81/101 1140/80/78 898/80/111
f 1140/80/78 897/81/101 1135/81/74
f 889/84/103 1137/90/32 873/90/105
f 1137/90/32 889/84/103 1136/84/58
f 1139/88/68 896/90/106 895/88/108
f 896/90/106 1139/88/68 1138/90/70
f 1139/88/68 878/81/91 1131/81/40
f 878/81/91 1139/88/68 895/88/108
f 1143/92/132 1142/92/174 1141/92/132
f 1142/92/174 1143/92/132 1144/92/174
f 1147/93/193 1146/94/112 1145/93/193
f 1146/94/112 1147/93/193 1142/92/112
f 1142/92/112 1147/93/193 1141/92/112
f 1144/92/121 1149/93/194 1148/94/121
f 1149/93/194 1144/92/121 1150/93/194
f 1150/93/194 1144/92/121 1143/92/121
f 1153/95/195 1152/95/196 1151/95/195
f 1152/95/196 1153/95/195 1154/95/196
f 1145/93/193 1151/95/195 1147/93/193
f 1151/95/195 1145/93/193 1153/95/195
f 1149/93/194 1152/95/196 1154/95/196
f 1152/95/196 1149/93/194 1150/93/194
f 1147/93/171 1143/92/171 1141/92/171
f 1143/92/171 1147/93/171 1150/93/171
f 1150/93/171 1147/93/171 1151/95/171
f 1150/93/171 1151/95/171 1152/95/171
f 1149/93/157 1146/94/176 1148/94/176
f 1146/94/176 1149/93/157 1145/93/157
f 1145/93/157 1149/93/157 1154/95/157
f 1145/93/157 1154/95/157 1153/95/157
f 1144/92/174 1146/94/176 1142/92/174
f 1146/94/176 1144/92/174 1148/94/176

